subfield_id,source_field_id,share_base,share_end,delta_share,subfield_name,source_field_name
1100,11,0.0,0.0,0.0,General Agricultural and Biological Sciences,Agricultural and Biological Sciences
1100,12,1.9052873886380008,1.254176652406338,-0.6511107362316628,General Agricultural and Biological Sciences,Arts and Humanities
1100,13,4.682352527719693,4.039493730824107,-0.6428587968955854,General Agricultural and Biological Sciences,"Biochemistry, Genetics and Molecular Biology"
1100,14,7.081340385527772,8.9345218142052,1.853181428677427,General Agricultural and Biological Sciences,"Business, Management and Accounting"
1100,15,0.06241543516842679,0.09026292919709815,0.027847494028671357,General Agricultural and Biological Sciences,Chemical Engineering
1100,16,0.32240946071798837,0.4308831254421375,0.10847366472414915,General Agricultural and Biological Sciences,Chemistry
1100,17,1.8408336115552901,2.1158575348203765,0.2750239232650864,General Agricultural and Biological Sciences,Computer Science
1100,18,2.8202217575427437,2.2831512803278606,-0.5370704772148831,General Agricultural and Biological Sciences,Decision Sciences
1100,19,1.1143404382435116,1.069752300537992,-0.044588137705519504,General Agricultural and Biological Sciences,Earth and Planetary Sciences
1100,20,10.264176140856456,9.108958055055833,-1.1552180858006231,General Agricultural and Biological Sciences,"Economics, Econometrics and Finance"
1100,21,0.47563654255038745,0.6953546462359049,0.21971810368551747,General Agricultural and Biological Sciences,Energy
1100,22,3.801788820748915,5.325740471882757,1.5239516511338413,General Agricultural and Biological Sciences,Engineering
1100,23,17.92103182273454,25.003372054574356,7.082340231839815,General Agricultural and Biological Sciences,Environmental Science
1100,24,0.27208350173083345,0.2631340814267234,-0.008949420304110056,General Agricultural and Biological Sciences,Immunology and Microbiology
1100,25,0.27166177581753326,0.6266614838519847,0.35499970803445147,General Agricultural and Biological Sciences,Materials Science
1100,26,0.6698413256251208,0.4243382093906456,-0.24550311623447518,General Agricultural and Biological Sciences,Mathematics
1100,27,3.011615034528809,3.2929749147595824,0.2813598802307733,General Agricultural and Biological Sciences,Medicine
1100,28,0.3270484457642904,0.26068685194660035,-0.06636159381769002,General Agricultural and Biological Sciences,Neuroscience
1100,29,0.746314291236887,1.1707432008281882,0.4244289095913012,General Agricultural and Biological Sciences,Nursing
1100,30,0.16046671001071888,0.17304188917009897,0.012575179159380084,General Agricultural and Biological Sciences,"Pharmacology, Toxicology and Pharmaceutics"
1100,31,0.10304169814967755,0.0842586801237729,-0.018783018025904652,General Agricultural and Biological Sciences,Physics and Astronomy
1100,32,5.605791702542655,3.8138364078313622,-1.791955294711293,General Agricultural and Biological Sciences,Psychology
1100,33,33.729779121052914,26.791756137566168,-6.938022983486746,General Agricultural and Biological Sciences,Social Sciences
1100,34,0.27876082869141966,0.2961716794083851,0.017410850716965465,General Agricultural and Biological Sciences,Veterinary
1100,35,0.02460067827584389,0.02711871737857331,0.0025180391027294184,General Agricultural and Biological Sciences,Dentistry
1100,36,2.507160554569576,2.423753150807956,-0.08340740376161992,General Agricultural and Biological Sciences,Health Professions
1102,11,0.0,0.0,0.0,Agronomy and Crop Science,Agricultural and Biological Sciences
1102,12,0.09229455841085811,0.0835505108157976,-0.008744047595060506,Agronomy and Crop Science,Arts and Humanities
1102,13,24.19163188405136,22.866769691356694,-1.3248621926946669,Agronomy and Crop Science,"Biochemistry, Genetics and Molecular Biology"
1102,14,0.2648588825035276,0.5300805770339897,0.26522169453046207,Agronomy and Crop Science,"Business, Management and Accounting"
1102,15,0.21784251282834524,0.24724130751613574,0.029398794687790497,Agronomy and Crop Science,Chemical Engineering
1102,16,0.5800680227137507,0.687863308612194,0.10779528589844334,Agronomy and Crop Science,Chemistry
1102,17,0.17948855308119643,0.2982899815967511,0.11880142851555464,Agronomy and Crop Science,Computer Science
1102,18,0.1349512283525236,0.15368447880993918,0.018733250457415584,Agronomy and Crop Science,Decision Sciences
1102,19,0.7622350841279575,0.9307072208222352,0.16847213669427774,Agronomy and Crop Science,Earth and Planetary Sciences
1102,20,0.49042347786640283,0.6807138019580674,0.19029032409166458,Agronomy and Crop Science,"Economics, Econometrics and Finance"
1102,21,0.33960066290231766,0.45516032843457516,0.1155596655322575,Agronomy and Crop Science,Energy
1102,22,4.826130615464225,7.005843450333963,2.179712834869737,Agronomy and Crop Science,Engineering
1102,23,15.652176886410729,17.951678309294238,2.299501422883509,Agronomy and Crop Science,Environmental Science
1102,24,9.19859600571719,7.54085987924214,-1.6577361264750508,Agronomy and Crop Science,Immunology and Microbiology
1102,25,0.4786836328323573,0.8642227917896144,0.38553915895725704,Agronomy and Crop Science,Materials Science
1102,26,0.5952842296268097,0.6200626524131231,0.02477842278631337,Agronomy and Crop Science,Mathematics
1102,27,30.019268163135976,27.066117680281245,-2.9531504828547313,Agronomy and Crop Science,Medicine
1102,28,0.8764706150539007,0.6148426151279971,-0.2616279999259036,Agronomy and Crop Science,Neuroscience
1102,29,2.932482213564878,2.7637180784997883,-0.1687641350650897,Agronomy and Crop Science,Nursing
1102,30,0.19872252249377104,0.268420599194469,0.06969807670069794,Agronomy and Crop Science,"Pharmacology, Toxicology and Pharmaceutics"
1102,31,0.08140955646181587,0.07124079538411097,-0.010168761077704896,Agronomy and Crop Science,Physics and Astronomy
1102,32,0.5706647487787142,0.5335057590921383,-0.03715898968657594,Agronomy and Crop Science,Psychology
1102,33,1.0215944761179638,1.0956245019276745,0.07403002580971063,Agronomy and Crop Science,Social Sciences
1102,34,5.674391408713016,6.003162534909935,0.3287711261969184,Agronomy and Crop Science,Veterinary
1102,35,0.05282930265320498,0.07337966452959238,0.020550361876387403,Agronomy and Crop Science,Dentistry
1102,36,0.5679007561372035,0.5932594810235939,0.02535872488639046,Agronomy and Crop Science,Health Professions
1103,11,0.0,0.0,0.0,Animal Science and Zoology,Agricultural and Biological Sciences
1103,12,0.10878883446060288,0.1131424915980764,0.0043536571374735294,Animal Science and Zoology,Arts and Humanities
1103,13,24.710264326385843,23.986104807320128,-0.7241595190657151,Animal Science and Zoology,"Biochemistry, Genetics and Molecular Biology"
1103,14,0.17780405060246943,0.26922142640200364,0.09141737579953421,Animal Science and Zoology,"Business, Management and Accounting"
1103,15,0.46176918604088946,0.44183585559084304,-0.019933330450046416,Animal Science and Zoology,Chemical Engineering
1103,16,3.6490402827710864,3.8090478212909127,0.1600075385198263,Animal Science and Zoology,Chemistry
1103,17,0.24726072868127752,0.5715138415738316,0.32425311289255404,Animal Science and Zoology,Computer Science
1103,18,0.07826489482064242,0.06908920449380757,-0.009175690326834851,Animal Science and Zoology,Decision Sciences
1103,19,0.4882569022573841,0.4611427774273852,-0.02711412482999892,Animal Science and Zoology,Earth and Planetary Sciences
1103,20,0.15621445968632658,0.24065917781468188,0.0844447181283553,Animal Science and Zoology,"Economics, Econometrics and Finance"
1103,21,0.1202668448210839,0.239707792271585,0.11944094745050111,Animal Science and Zoology,Energy
1103,22,3.2433998287127683,4.8257687324452565,1.5823689037324882,Animal Science and Zoology,Engineering
1103,23,8.959596142211288,8.70111364848393,-0.25848249372735665,Animal Science and Zoology,Environmental Science
1103,24,7.228918195421325,6.55028946422206,-0.6786287311992645,Animal Science and Zoology,Immunology and Microbiology
1103,25,1.2461209160040885,2.3917418907567414,1.145620974752653,Animal Science and Zoology,Materials Science
1103,26,0.22985451516758107,0.5086086431101539,0.2787541279425728,Animal Science and Zoology,Mathematics
1103,27,31.70350491347136,30.68442779381862,-1.0190771196527386,Animal Science and Zoology,Medicine
1103,28,3.6618426789423917,2.1814960268795374,-1.4803466520628543,Animal Science and Zoology,Neuroscience
1103,29,4.064413921439115,4.275630042149483,0.21121612071036733,Animal Science and Zoology,Nursing
1103,30,0.7126456982056885,0.8484083992038557,0.13576270099816723,Animal Science and Zoology,"Pharmacology, Toxicology and Pharmaceutics"
1103,31,0.14027978596243537,0.11183950704992199,-0.028440278912513384,Animal Science and Zoology,Physics and Astronomy
1103,32,1.3263198345484748,1.1007323910686821,-0.22558744347979265,Animal Science and Zoology,Psychology
1103,33,0.4406420790586854,0.6578727619042892,0.21723068284560382,Animal Science and Zoology,Social Sciences
1103,34,6.3886899974395215,6.414779071213999,0.02608907377447789,Animal Science and Zoology,Veterinary
1103,35,0.11116432012128852,0.14874706143375663,0.03758274131246811,Animal Science and Zoology,Dentistry
1103,36,0.3446766627663855,0.3970793704764591,0.052402707710073604,Animal Science and Zoology,Health Professions
1104,11,0.0,0.0,0.0,Aquatic Science,Agricultural and Biological Sciences
1104,12,0.08360106378156822,0.05146927038464011,-0.03213179339692811,Aquatic Science,Arts and Humanities
1104,13,20.88589596334446,20.304845737092894,-0.5810502262515662,Aquatic Science,"Biochemistry, Genetics and Molecular Biology"
1104,14,0.06570573567089519,0.17639436956296128,0.1106886338920661,Aquatic Science,"Business, Management and Accounting"
1104,15,0.08524622527767137,0.12681937556555078,0.04157315028787942,Aquatic Science,Chemical Engineering
1104,16,1.11599026467291,1.245251963854616,0.12926169918170594,Aquatic Science,Chemistry
1104,17,0.12328638803450541,0.239569296596892,0.11628290856238659,Aquatic Science,Computer Science
1104,18,0.030989470630677696,0.042742646686206316,0.01175317605552862,Aquatic Science,Decision Sciences
1104,19,5.069145466186727,4.891976865218673,-0.17716860096805398,Aquatic Science,Earth and Planetary Sciences
1104,20,0.11479198275870751,0.15384114727739864,0.03904916451869113,Aquatic Science,"Economics, Econometrics and Finance"
1104,21,0.9984787292369707,2.491540113083443,1.4930613838464724,Aquatic Science,Energy
1104,22,1.969157586662239,2.916100879769954,0.9469432931077149,Aquatic Science,Engineering
1104,23,47.87973936612935,39.57151468120866,-8.308224684920688,Aquatic Science,Environmental Science
1104,24,8.836330269192068,11.434791316313234,2.598461047121166,Aquatic Science,Immunology and Microbiology
1104,25,0.9352239484480251,2.0531527478098037,1.1179287993617786,Aquatic Science,Materials Science
1104,26,0.20950628032007454,0.20003234841215115,-0.009473931907923394,Aquatic Science,Mathematics
1104,27,6.203501105112054,7.6342090772753055,1.4307079721632512,Aquatic Science,Medicine
1104,28,1.8276736979973685,1.5075849578912073,-0.3200887401061612,Aquatic Science,Neuroscience
1104,29,1.7130831635851225,2.44842508727838,0.7353419236932575,Aquatic Science,Nursing
1104,30,0.43371828993184663,0.8146197984910875,0.3809015085592408,Aquatic Science,"Pharmacology, Toxicology and Pharmaceutics"
1104,31,0.09296841189203309,0.07483201249380514,-0.018136399398227948,Aquatic Science,Physics and Astronomy
1104,32,0.3239960905590897,0.4389864099431053,0.1149903193840156,Aquatic Science,Psychology
1104,33,0.45262085977482774,0.5004937261404151,0.04787286636558735,Aquatic Science,Social Sciences
1104,34,0.4101488333958383,0.36177440916790915,-0.04837442422792915,Aquatic Science,Veterinary
1104,35,0.028941412441651326,0.058933043158254164,0.029991630716602838,Aquatic Science,Dentistry
1104,36,0.1102593949633213,0.26009871932344863,0.14983932436012734,Aquatic Science,Health Professions
1105,11,0.0,0.0,0.0,"Ecology, Evolution, Behavior and Systematics",Agricultural and Biological Sciences
1105,12,0.37594351437750356,0.3657507016904025,-0.010192812687101038,"Ecology, Evolution, Behavior and Systematics",Arts and Humanities
1105,13,24.407794167311593,22.939759469993472,-1.4680346973181209,"Ecology, Evolution, Behavior and Systematics","Biochemistry, Genetics and Molecular Biology"
1105,14,0.19475009136913593,0.296590584975844,0.10184049360670808,"Ecology, Evolution, Behavior and Systematics","Business, Management and Accounting"
1105,15,0.06879947233910937,0.07027553163902978,0.0014760592999204097,"Ecology, Evolution, Behavior and Systematics",Chemical Engineering
1105,16,1.186129999940519,1.1377232229606844,-0.04840677697983464,"Ecology, Evolution, Behavior and Systematics",Chemistry
1105,17,0.5501562032208198,0.6330857975842483,0.0829295943634285,"Ecology, Evolution, Behavior and Systematics",Computer Science
1105,18,0.13881334458622174,0.16342585202440124,0.0246125074381795,"Ecology, Evolution, Behavior and Systematics",Decision Sciences
1105,19,6.2778692387050885,6.1762149184989585,-0.10165432020612997,"Ecology, Evolution, Behavior and Systematics",Earth and Planetary Sciences
1105,20,0.4016028756989821,0.5046549909657978,0.10305211526681568,"Ecology, Evolution, Behavior and Systematics","Economics, Econometrics and Finance"
1105,21,0.44808878238151917,0.661181957768371,0.2130931753868518,"Ecology, Evolution, Behavior and Systematics",Energy
1105,22,2.3102016862149255,2.949253671043499,0.6390519848285736,"Ecology, Evolution, Behavior and Systematics",Engineering
1105,23,38.24401408241265,38.85584337993557,0.6118292975229238,"Ecology, Evolution, Behavior and Systematics",Environmental Science
1105,24,3.5001814164760523,3.191022051621315,-0.3091593648547373,"Ecology, Evolution, Behavior and Systematics",Immunology and Microbiology
1105,25,1.0445408841360049,1.170149300922479,0.12560841678647416,"Ecology, Evolution, Behavior and Systematics",Materials Science
1105,26,0.4146143032847287,0.4383448911251836,0.023730587840454898,"Ecology, Evolution, Behavior and Systematics",Mathematics
1105,27,8.04511024768471,8.459745926924073,0.41463567923936395,"Ecology, Evolution, Behavior and Systematics",Medicine
1105,28,3.4574130605323004,2.966094679844079,-0.49131838068822153,"Ecology, Evolution, Behavior and Systematics",Neuroscience
1105,29,0.42495735556241415,0.46615121908483714,0.04119386352242299,"Ecology, Evolution, Behavior and Systematics",Nursing
1105,30,0.36310557249290026,0.40372311449317017,0.0406175420002699,"Ecology, Evolution, Behavior and Systematics","Pharmacology, Toxicology and Pharmaceutics"
1105,31,0.8459493236701248,0.7603265355234403,-0.08562278814668445,"Ecology, Evolution, Behavior and Systematics",Physics and Astronomy
1105,32,3.509797481053709,3.300767462556202,-0.20903001849750735,"Ecology, Evolution, Behavior and Systematics",Psychology
1105,33,2.527851890134975,2.7205584803481675,0.19270659021319236,"Ecology, Evolution, Behavior and Systematics",Social Sciences
1105,34,0.9202259874310436,0.9291274578925377,0.008901470461494143,"Ecology, Evolution, Behavior and Systematics",Veterinary
1105,35,0.042057890691451216,0.049534962000140965,0.007477071308689749,"Ecology, Evolution, Behavior and Systematics",Dentistry
1105,36,0.3000311282915194,0.39069383858409057,0.09066271029257117,"Ecology, Evolution, Behavior and Systematics",Health Professions
1106,11,0.0,0.0,0.0,Food Science,Agricultural and Biological Sciences
1106,12,0.4018310736494321,0.3231299621135631,-0.078701111535869,Food Science,Arts and Humanities
1106,13,28.73724243149937,25.141352292921066,-3.595890138578305,Food Science,"Biochemistry, Genetics and Molecular Biology"
1106,14,1.68693379439261,2.3215483210499066,0.6346145266572967,Food Science,"Business, Management and Accounting"
1106,15,0.7269647866124553,0.6003267203403075,-0.1266380662721478,Food Science,Chemical Engineering
1106,16,7.281947241525868,5.9860855524770855,-1.2958616890487828,Food Science,Chemistry
1106,17,0.8565218844496294,0.9597231700227465,0.10320128557311714,Food Science,Computer Science
1106,18,0.45693006928133373,0.32822414229797653,-0.1287059269833572,Food Science,Decision Sciences
1106,19,0.7597042899228624,0.63879389374885,-0.12091039617401245,Food Science,Earth and Planetary Sciences
1106,20,0.36818704228260524,0.421419112263709,0.05323206998110375,Food Science,"Economics, Econometrics and Finance"
1106,21,0.35640611588923765,0.5689710224692062,0.21256490657996852,Food Science,Energy
1106,22,6.591384193769325,7.535906329029837,0.9445221352605122,Food Science,Engineering
1106,23,7.431580449883575,7.743483983184316,0.3119035333007405,Food Science,Environmental Science
1106,24,2.8200316783374686,2.529765804235546,-0.2902658741019226,Food Science,Immunology and Microbiology
1106,25,4.310583607017417,6.075877610079631,1.7652940030622135,Food Science,Materials Science
1106,26,0.37256628177527085,0.22990238939465044,-0.1426638923806204,Food Science,Mathematics
1106,27,20.220217283082313,21.262488637431098,1.0422713543487845,Food Science,Medicine
1106,28,1.3285421291112316,1.4995514064929605,0.17100927738172889,Food Science,Neuroscience
1106,29,6.478682204105432,7.070326787583486,0.5916445834780539,Food Science,Nursing
1106,30,2.3487394684529845,2.6701084306440612,0.3213689621910767,Food Science,"Pharmacology, Toxicology and Pharmaceutics"
1106,31,0.739308285333596,0.44940450052480246,-0.2899037848087936,Food Science,Physics and Astronomy
1106,32,1.4506092934080532,1.450793989111903,0.00018469570384982426,Food Science,Psychology
1106,33,2.0542163086187957,2.017955558779606,-0.03626074983918981,Food Science,Social Sciences
1106,34,0.8589927903598489,0.6864794956191069,-0.17251329474074195,Food Science,Veterinary
1106,35,0.42644085528201914,0.5158652128827333,0.08942435760071421,Food Science,Dentistry
1106,36,0.935436441957262,0.9725156753018456,0.03707923334458352,Food Science,Health Professions
1107,11,0.0,0.0,0.0,Forestry,Agricultural and Biological Sciences
1107,12,0.5725190839694656,0.5529988359593159,-0.019520248010149732,Forestry,Arts and Humanities
1107,13,10.251257190405557,10.025300392466177,-0.2259567979393804,Forestry,"Biochemistry, Genetics and Molecular Biology"
1107,14,0.83643862378351,1.298096189197957,0.461657565414447,Forestry,"Business, Management and Accounting"
1107,15,0.10726818856047177,0.12006157329957827,0.012793384739106503,Forestry,Chemical Engineering
1107,16,1.2230020621540465,1.8246973812265046,0.6016953190724581,Forestry,Chemistry
1107,17,0.4165912955392352,0.5479896444905255,0.13139834895129027,Forestry,Computer Science
1107,18,0.804601859556456,0.7909751862147051,-0.013626673341750939,Forestry,Decision Sciences
1107,19,4.800658442169241,3.6254619587687884,-1.1751964834004527,Forestry,Earth and Planetary Sciences
1107,20,1.394486451286133,1.459105914980504,0.06461946369437088,Forestry,"Economics, Econometrics and Finance"
1107,21,0.21942042617850294,0.33831920158258644,0.1188987754040835,Forestry,Energy
1107,22,4.660829926558374,5.9199101844018545,1.2590802578434808,Forestry,Engineering
1107,23,55.427263847183525,46.87855811616235,-8.548705731021172,Forestry,Environmental Science
1107,24,0.4390217430628414,0.4893900554032478,0.050368312340406396,Forestry,Immunology and Microbiology
1107,25,1.1276726601787201,2.5081737283014545,1.3805010681227343,Forestry,Materials Science
1107,26,0.2105567815925618,0.17412903677223604,-0.036427744820325764,Forestry,Mathematics
1107,27,6.620599833580551,10.935621553199205,4.315021719618654,Forestry,Medicine
1107,28,0.23352990123367462,0.3611388516070758,0.1276089503734012,Forestry,Neuroscience
1107,29,2.0983321876921965,3.145931264351731,1.0475990766595347,Forestry,Nursing
1107,30,1.2269816576824282,1.6002378968392799,0.3732562391568517,Forestry,"Pharmacology, Toxicology and Pharmaceutics"
1107,31,0.07651676856843095,0.05867910006297269,-0.017837668505458266,Forestry,Physics and Astronomy
1107,32,1.433197062334937,1.3683043807367168,-0.06489268159822026,Forestry,Psychology
1107,33,4.5853985022249555,4.376602146160256,-0.20879635606469993,Forestry,Social Sciences
1107,34,0.5157194023371079,0.4749985688024375,-0.040720833534670375,Forestry,Veterinary
1107,35,0.0571614630440288,0.11688113427177488,0.05971967122774608,Forestry,Dentistry
1107,36,0.6609746391230419,1.0084377047407624,0.34746306561772056,Forestry,Health Professions
1108,11,0.0,0.0,0.0,Horticulture,Agricultural and Biological Sciences
1108,12,0.3034845431758982,0.25495400363404586,-0.048530539541852324,Horticulture,Arts and Humanities
1108,13,52.99184154912272,46.339792802306,-6.6520487468167175,Horticulture,"Biochemistry, Genetics and Molecular Biology"
1108,14,0.7482675578709392,1.620575168621631,0.8723076107506917,Horticulture,"Business, Management and Accounting"
1108,15,0.06634884749594534,0.07610567272658085,0.009756825230635507,Horticulture,Chemical Engineering
1108,16,6.453039760161203,3.892805159964611,-2.560234600196592,Horticulture,Chemistry
1108,17,0.16587211873986338,0.31678986272439286,0.15091774398452948,Horticulture,Computer Science
1108,18,0.10075195360495404,0.16790814045301902,0.06715618684806499,Horticulture,Decision Sciences
1108,19,1.5063645746301666,1.328043989078836,-0.17832058555133057,Horticulture,Earth and Planetary Sciences
1108,20,0.740895463704723,1.2276796331706574,0.4867841694659344,Horticulture,"Economics, Econometrics and Finance"
1108,21,0.14006978915810686,0.24781909681592892,0.10774930765782206,Horticulture,Energy
1108,22,2.1391359905637195,3.4157177240598573,1.2765817334961378,Horticulture,Engineering
1108,23,17.602103504202095,21.129788711626095,3.5276852074239997,Horticulture,Environmental Science
1108,24,1.0517521010468374,0.8909120313555372,-0.16084006969130016,Horticulture,Immunology and Microbiology
1108,25,0.7028063105126062,0.996032991809127,0.29322668129652074,Horticulture,Materials Science
1108,26,0.06512016513490933,0.05898189636310017,-0.0061382687718091605,Horticulture,Mathematics
1108,27,8.84651299945938,11.10476897171723,2.2582559722578495,Horticulture,Medicine
1108,28,0.2076473190150882,0.2977634445427476,0.09011612552765941,Horticulture,Neuroscience
1108,29,1.3011746203371506,2.0629393913448824,0.7617647710077318,Horticulture,Nursing
1108,30,2.4327910748513295,1.8626863399830667,-0.5701047348682629,Horticulture,"Pharmacology, Toxicology and Pharmaceutics"
1108,31,0.08232171818941367,0.06040887772672355,-0.021912840462690118,Horticulture,Physics and Astronomy
1108,32,0.3538605199783752,0.353891378178601,3.085820022580288e-05,Horticulture,Psychology
1108,33,1.6882095640634982,1.9811257931638078,0.29291622910030957,Horticulture,Social Sciences
1108,34,0.09706590652184598,0.0689707659084639,-0.028095140613382072,Horticulture,Veterinary
1108,35,0.07986435346734162,0.05042000818135982,-0.029444345285981804,Horticulture,Dentistry
1108,36,0.13269769499189069,0.19311814454369894,0.06042044955180825,Horticulture,Health Professions
1109,11,0.0,0.0,0.0,Insect Science,Agricultural and Biological Sciences
1109,12,0.3486862925091254,0.4116103414602874,0.06292404895116199,Insect Science,Arts and Humanities
1109,13,31.163033837390934,29.867135064745426,-1.2958987726455078,Insect Science,"Biochemistry, Genetics and Molecular Biology"
1109,14,0.13044988985862174,0.32511190483353714,0.1946620149749154,Insect Science,"Business, Management and Accounting"
1109,15,0.1953957865367694,0.21575403739817878,0.020358250861409383,Insect Science,Chemical Engineering
1109,16,2.128083974093574,2.2272995964124847,0.09921562231891068,Insect Science,Chemistry
1109,17,0.37708720340529817,0.48563403335302485,0.10854682994772669,Insect Science,Computer Science
1109,18,0.06099788068020802,0.05792180500090116,-0.0030760756793068583,Insect Science,Decision Sciences
1109,19,2.3254227632680724,1.9313360432865208,-0.39408671998155165,Insect Science,Earth and Planetary Sciences
1109,20,0.19841364169749806,0.18773038093334146,-0.010683260764156599,Insect Science,"Economics, Econometrics and Finance"
1109,21,0.1289409622782574,0.23000954959985684,0.10106858732159943,Insect Science,Energy
1109,22,2.334621020436047,3.302639462913034,0.9680184424769869,Insect Science,Engineering
1109,23,25.20919833984894,23.53307639670513,-1.6761219431438086,Insect Science,Environmental Science
1109,24,6.751376069607449,5.893862322493802,-0.8575137471136474,Insect Science,Immunology and Microbiology
1109,25,1.2666310173913204,2.0263446739166397,0.7597136565253193,Insect Science,Materials Science
1109,26,0.1635429454225028,0.16436483726550222,0.0008218918429994115,Insect Science,Mathematics
1109,27,16.377403871494767,18.21067172704546,1.8332678555506945,Insect Science,Medicine
1109,28,5.326679720612757,4.111398439504096,-1.2152812811086617,Insect Science,Neuroscience
1109,29,0.7761468728096004,0.9819339265913289,0.20578705378172857,Insect Science,Nursing
1109,30,0.9671192278094112,1.2078477110155557,0.24072848320614448,Insect Science,"Pharmacology, Toxicology and Pharmaceutics"
1109,31,0.22148163046032832,0.18753355926586268,-0.033948071194465634,Insect Science,Physics and Astronomy
1109,32,1.132770537796259,2.010720782502966,0.8779502447067071,Insect Science,Psychology
1109,33,0.9112682370951036,0.9337688528211621,0.022500615726058437,Insect Science,Social Sciences
1109,34,1.1094545061435055,0.9888039400323744,-0.12065056611113112,Insect Science,Veterinary
1109,35,0.08605021256242154,0.16794511712154497,0.08189490455912343,Insect Science,Dentistry
1109,36,0.3097435587912291,0.33954549378198173,0.02980193499075262,Insect Science,Health Professions
1110,11,0.0,0.0,0.0,Plant Science,Agricultural and Biological Sciences
1110,12,0.2180777063338207,0.19500388073754568,-0.02307382559627502,Plant Science,Arts and Humanities
1110,13,40.14239048873456,34.916950259025775,-5.225440229708788,Plant Science,"Biochemistry, Genetics and Molecular Biology"
1110,14,0.6044626960034939,0.9106118841592502,0.3061491881557563,Plant Science,"Business, Management and Accounting"
1110,15,0.2152218135170359,0.23141136503108017,0.016189551514044276,Plant Science,Chemical Engineering
1110,16,3.11199716868517,3.370682373621555,0.258685204936385,Plant Science,Chemistry
1110,17,0.5705078612560537,0.8382001599274944,0.26769229867144073,Plant Science,Computer Science
1110,18,0.12539965731882466,0.12790676050906663,0.0025071031902419716,Plant Science,Decision Sciences
1110,19,2.7749974891942317,2.5504990148897,-0.22449847430453174,Plant Science,Earth and Planetary Sciences
1110,20,0.3184450304024935,0.3469173828658341,0.028472352463340622,Plant Science,"Economics, Econometrics and Finance"
1110,21,0.5549432454045764,0.7387534464179275,0.1838102010133511,Plant Science,Energy
1110,22,4.359265085312658,6.144523951442333,1.7852588661296753,Plant Science,Engineering
1110,23,18.31777008773346,18.97183259878263,0.6540625110491689,Plant Science,Environmental Science
1110,24,1.9308085538836224,1.7584116087394404,-0.17239694514418202,Plant Science,Immunology and Microbiology
1110,25,2.0352909598746627,3.6938142120145283,1.6585232521398656,Plant Science,Materials Science
1110,26,0.1476410044071186,0.12006111305229551,-0.027579891354823097,Plant Science,Mathematics
1110,27,15.306949412748386,15.559760911332244,0.2528114985838581,Plant Science,Medicine
1110,28,2.3983095537706416,1.920570649487674,-0.4777389042829676,Plant Science,Neuroscience
1110,29,2.5082700814375145,2.81751920549117,0.3092491240536557,Plant Science,Nursing
1110,30,1.3171074773288627,1.6367179432971883,0.31961046596832565,Plant Science,"Pharmacology, Toxicology and Pharmaceutics"
1110,31,0.4298248502571017,0.3407375652458176,-0.0890872850112841,Plant Science,Physics and Astronomy
1110,32,0.522373085962244,0.5904945909467727,0.06812150498452874,Plant Science,Psychology
1110,33,1.0702891041933984,1.1226420726759863,0.05235296848258786,Plant Science,Social Sciences
1110,34,0.40278041070421516,0.35904407597828353,-0.043736334725931636,Plant Science,Veterinary
1110,35,0.09411897675437388,0.12339473022267505,0.029275753468301177,Plant Science,Dentistry
1110,36,0.5227581987814771,0.6135382441057322,0.0907800453242551,Plant Science,Health Professions
1111,11,0.0,0.0,0.0,Soil Science,Agricultural and Biological Sciences
1111,12,0.2533119191708821,0.19194033264410998,-0.061371586526772104,Soil Science,Arts and Humanities
1111,13,3.0374200473407855,3.394346490047231,0.35692644270644536,Soil Science,"Biochemistry, Genetics and Molecular Biology"
1111,14,0.9083663423836206,0.991511971956405,0.08314562957278437,Soil Science,"Business, Management and Accounting"
1111,15,0.286794911332818,0.22462508480886756,-0.06216982652395042,Soil Science,Chemical Engineering
1111,16,0.7550494835368613,0.7471730458448342,-0.00787643769202706,Soil Science,Chemistry
1111,17,0.7359583037954066,0.9660753842134396,0.23011708041803303,Soil Science,Computer Science
1111,18,0.4925524373295311,0.41891669867291553,-0.07363573865661555,Soil Science,Decision Sciences
1111,19,9.822211719848285,9.017377231300294,-0.804834488547991,Soil Science,Earth and Planetary Sciences
1111,20,3.0171273248184005,2.5863316136269767,-0.4307957111914238,Soil Science,"Economics, Econometrics and Finance"
1111,21,0.42232893702180263,0.6093607614497922,0.1870318244279896,Soil Science,Energy
1111,22,9.928882017844245,11.147861485440371,1.2189794675961263,Soil Science,Engineering
1111,23,59.852984565515456,59.15802174080117,-0.6949628247142883,Soil Science,Environmental Science
1111,24,0.12859177851027387,0.11486300240539954,-0.01372877610487433,Soil Science,Immunology and Microbiology
1111,25,1.6171430783793055,2.286582122237281,0.6694390438579754,Soil Science,Materials Science
1111,26,0.14044700061545692,0.1864313390420239,0.04598433842656699,Soil Science,Mathematics
1111,27,1.2986808395312914,1.3358580782201306,0.037177238688839154,Soil Science,Medicine
1111,28,0.0359661805758594,0.043391826149764376,0.007425645573904974,Soil Science,Neuroscience
1111,29,0.5136194874218496,0.6327278330776882,0.11910834565583861,Soil Science,Nursing
1111,30,0.07449565241770432,0.0845586795748767,0.010063027157172375,Soil Science,"Pharmacology, Toxicology and Pharmaceutics"
1111,31,0.17459751654457656,0.13295426534558347,-0.04164325119899309,Soil Science,Physics and Astronomy
1111,32,0.2204964507761299,0.2547642349917088,0.03426778421557891,Soil Science,Psychology
1111,33,5.442855292862702,4.569724766987545,-0.8731305258751565,Soil Science,Social Sciences
1111,34,0.1650118752478182,0.09922989710424172,-0.06578197814357649,Soil Science,Veterinary
1111,35,0.013590783899860754,0.014399168462595343,0.0008083845627345886,Soil Science,Dentistry
1111,36,0.661516053279077,0.7909729455947532,0.12945689231567614,Soil Science,Health Professions
1200,11,2.2056427966377794,1.9559428709755509,-0.24969992566222854,General Arts and Humanities,Agricultural and Biological Sciences
1200,12,0.0,0.0,0.0,General Arts and Humanities,Arts and Humanities
1200,13,0.7102365283117221,0.6100217864923747,-0.10021474181934742,General Arts and Humanities,"Biochemistry, Genetics and Molecular Biology"
1200,14,3.4892812927608,3.0694747034616316,-0.4198065892991685,General Arts and Humanities,"Business, Management and Accounting"
1200,15,0.029321691535805043,0.03389009924957637,0.00456840771377133,General Arts and Humanities,Chemical Engineering
1200,16,0.6092395907995047,0.45993706124425077,-0.14930252955525397,General Arts and Humanities,Chemistry
1200,17,4.99771942399166,5.686274509803922,0.6885550858122622,General Arts and Humanities,Computer Science
1200,18,0.7004626311331205,0.6463326071169209,-0.054130024016199596,General Arts and Humanities,Decision Sciences
1200,19,1.3911513650876393,1.316872427983539,-0.07427893710410016,General Arts and Humanities,Earth and Planetary Sciences
1200,20,3.1471948915097414,3.8005325587024936,0.6533376671927522,General Arts and Humanities,"Economics, Econometrics and Finance"
1200,21,0.08470710888121458,0.05325587024933431,-0.03145123863188027,General Arts and Humanities,Energy
1200,22,1.4106991594448428,1.5492616799806342,0.13856252053579143,General Arts and Humanities,Engineering
1200,23,1.8700723268391217,2.3674655047204065,0.4973931778812848,General Arts and Humanities,Environmental Science
1200,24,0.08796507460741512,0.05325587024933431,-0.034709204358080815,General Arts and Humanities,Immunology and Microbiology
1200,25,0.08470710888121458,0.10651174049866861,0.021804631617454037,General Arts and Humanities,Materials Science
1200,26,0.5245324819182902,0.41394335511982566,-0.1105891267984645,General Arts and Humanities,Mathematics
1200,27,4.965139766729654,4.596949891067538,-0.36818987566211536,General Arts and Humanities,Medicine
1200,28,1.6029191372906755,1.597676107480029,-0.0052430298106465045,General Arts and Humanities,Neuroscience
1200,29,0.10425490323841793,0.09924957637375938,-0.0050053268646585575,General Arts and Humanities,Nursing
1200,30,0.06841728025021176,0.04599370612442508,-0.02242357412578669,General Arts and Humanities,"Pharmacology, Toxicology and Pharmaceutics"
1200,31,0.5701440020850981,0.39941902687000724,-0.17072497521509084,General Arts and Humanities,Physics and Astronomy
1200,32,11.735192545774419,11.624304042604697,-0.11088850316972199,General Arts and Humanities,Psychology
1200,33,56.545253143936925,55.727426773178415,-0.8178263707585103,General Arts and Humanities,Social Sciences
1200,34,0.0162898286310028,0.012103606874848705,-0.004186221756154096,General Arts and Humanities,Veterinary
1200,35,0.029321691535805043,0.04357298474945533,0.01425129321365029,General Arts and Humanities,Dentistry
1200,36,3.0201342281879198,3.7303316388283707,0.7101974106404509,General Arts and Humanities,Health Professions
1202,11,3.2945360834108066,3.3863244719949157,0.09178838858410909,History,Agricultural and Biological Sciences
1202,12,0.0,0.0,0.0,History,Arts and Humanities
1202,13,2.0217520993516462,2.069927232092993,0.04817513274134688,History,"Biochemistry, Genetics and Molecular Biology"
1202,14,3.11011413568489,2.5743128654186362,-0.5358012702662536,History,"Business, Management and Accounting"
1202,15,0.017866822521886858,0.01565687924741625,-0.0022099432744706084,History,Chemical Engineering
1202,16,0.2343884852871259,0.24929068483970232,0.014902199552576434,History,Chemistry
1202,17,1.6202785407348412,1.7619110562442901,0.1416325155094489,History,Computer Science
1202,18,0.4562096293088568,0.39844562795060234,-0.057764001358254435,History,Decision Sciences
1202,19,2.831058594093047,3.3890558901813805,0.5579972960883337,History,Earth and Planetary Sciences
1202,20,5.161694743823076,4.2139441824938535,-0.9477505613292223,History,"Economics, Econometrics and Finance"
1202,21,0.08040070134849087,0.1020867547191346,0.021686053370643735,History,Energy
1202,22,1.037335602520736,1.4196546024152565,0.38231899989452045,History,Engineering
1202,23,3.7776216533775866,4.120344334282663,0.3427226809050765,History,Environmental Science
1202,24,0.2928341928587219,0.2899693056881296,-0.0028648871705923007,History,Immunology and Microbiology
1202,25,0.1749585883393243,0.31664940833092303,0.14169081999159874,History,Materials Science
1202,26,0.3948113536086439,0.44702585140987516,0.052214497801231274,History,Mathematics
1202,27,11.777340023802243,11.700420004321494,-0.07692001948074889,History,Medicine
1202,28,1.4992989543366413,1.5276431714301462,0.028344217093504875,History,Neuroscience
1202,29,0.21235778463513827,0.1951012990332243,-0.01725648560191398,History,Nursing
1202,30,0.1541391976888205,0.1534471716896309,-0.0006920259991896049,History,"Pharmacology, Toxicology and Pharmaceutics"
1202,31,0.3555951923106041,0.3291846667938077,-0.0264105255167964,History,Physics and Astronomy
1202,32,6.004160849855097,6.400151788810648,0.39599093895555093,History,Psychology
1202,33,52.24856989712949,51.677944334672866,-0.5706255624566268,History,Social Sciences
1202,34,0.09811611012019224,0.08072316247499654,-0.017392947645195694,History,Veterinary
1202,35,0.19888196086863041,0.21631856530308743,0.01743660443445702,History,Dentistry
1202,36,2.9456788029834566,2.9644666881603268,0.018787885176870134,History,Health Professions
1203,11,0.7849974185038355,0.5715784200105339,-0.2134189984933016,Language and Linguistics,Agricultural and Biological Sciences
1203,12,0.0,0.0,0.0,Language and Linguistics,Arts and Humanities
1203,13,0.9742426199936032,0.7565023038866393,-0.21774031610696387,Language and Linguistics,"Biochemistry, Genetics and Molecular Biology"
1203,14,1.9497917141473247,1.7475578900486382,-0.2022338240986865,Language and Linguistics,"Business, Management and Accounting"
1203,15,0.006387207005024119,0.0033119220047311054,-0.0030752850002930135,Language and Linguistics,Chemical Engineering
1203,16,0.08506598420327577,0.06085038787797001,-0.02421559632530576,Language and Linguistics,Chemistry
1203,17,14.496588892743794,13.780487292476574,-0.7161016002672209,Language and Linguistics,Computer Science
1203,18,0.7597873060067327,0.7048214911113204,-0.0549658148954123,Language and Linguistics,Decision Sciences
1203,19,0.44270118855277024,0.33687684272003704,-0.1058243458327332,Language and Linguistics,Earth and Planetary Sciences
1203,20,0.45107230076390026,0.4199467670327329,-0.031125533731167332,Language and Linguistics,"Economics, Econometrics and Finance"
1203,21,0.013258293328610673,0.017523527622047418,0.004265234293436745,Language and Linguistics,Energy
1203,22,0.690253847929311,0.6951081676198329,0.004854319690521858,Language and Linguistics,Engineering
1203,23,0.5187670174307847,0.5111482013421194,-0.0076188160886653256,Language and Linguistics,Environmental Science
1203,24,0.04282331969277534,0.02958485551987413,-0.013238464172901213,Language and Linguistics,Immunology and Microbiology
1203,25,0.06290431141311632,0.09555142142007801,0.03264711000696169,Language and Linguistics,Materials Science
1203,26,0.7319642451893928,0.5644602592839476,-0.16750398590544524,Language and Linguistics,Mathematics
1203,27,2.651223174335428,2.592073285419214,-0.05914988891621409,Language and Linguistics,Medicine
1203,28,4.584030724401211,4.67507449970823,0.09104377530701857,Language and Linguistics,Neuroscience
1203,29,0.09406613952853703,0.08480003282263002,-0.00926610670590701,Language and Linguistics,Nursing
1203,30,0.02796822461290864,0.020019827043523845,-0.007948397569384796,Language and Linguistics,"Pharmacology, Toxicology and Pharmaceutics"
1203,31,0.2567947543610833,0.21307522091631986,-0.043719533444763425,Language and Linguistics,Physics and Astronomy
1203,32,31.50460822469033,31.003247907989863,-0.5013603167004668,Language and Linguistics,Psychology
1203,33,35.76826245227135,37.4936758355003,1.7254133832289469,Language and Linguistics,Social Sciences
1203,34,0.02124230208489082,0.015694555768688445,-0.005547746316202376,Language and Linguistics,Veterinary
1203,35,0.08075945826807011,0.06695519933445197,-0.013804258933618141,Language and Linguistics,Dentistry
1203,36,3.000438878541936,3.5400738855197087,0.5396350069777727,Language and Linguistics,Health Professions
1204,11,3.809385365446886,3.518426876293886,-0.2909584891529997,Archeology,Agricultural and Biological Sciences
1204,12,0.0,0.0,0.0,Archeology,Arts and Humanities
1204,13,7.585697084842636,7.371597479923967,-0.21409960491866897,Archeology,"Biochemistry, Genetics and Molecular Biology"
1204,14,0.7502703080356564,0.7219749226541864,-0.02829538538147003,Archeology,"Business, Management and Accounting"
1204,15,0.20328741899914754,0.16017268352767086,-0.04311473547147668,Archeology,Chemical Engineering
1204,16,3.2031854372285298,3.172285455357218,-0.0308999818713116,Archeology,Chemistry
1204,17,1.583534620557384,2.038106046948334,0.45457142639095016,Archeology,Computer Science
1204,18,0.146380464124109,0.1643106996756134,0.017930235551504414,Archeology,Decision Sciences
1204,19,21.706735360685858,22.733389555502047,1.0266541948161887,Archeology,Earth and Planetary Sciences
1204,20,0.9122579271106422,0.6253486157610016,-0.2869093113496406,Archeology,"Economics, Econometrics and Finance"
1204,21,0.2606451220316121,0.37493814149837323,0.11429301946676113,Archeology,Energy
1204,22,7.486983238366331,9.78747294257716,2.30048970421083,Archeology,Engineering
1204,23,7.550426041524047,8.10255020369445,0.5521241621704034,Archeology,Environmental Science
1204,24,0.2628988628187423,0.22875243652924498,-0.03414642628949732,Archeology,Immunology and Microbiology
1204,25,4.143953185296369,4.410907423383179,0.26695423808680996,Archeology,Materials Science
1204,26,0.8199672418776591,0.7204987882388386,-0.09946845363882051,Archeology,Mathematics
1204,27,7.446528591237343,7.301009216160526,-0.14551937507681778,Archeology,Medicine
1204,28,0.4655101595817508,0.4484060773179848,-0.017104082263765974,Archeology,Neuroscience
1204,29,0.2614339313071077,0.211135619244437,-0.050298312062670686,Archeology,Nursing
1204,30,0.13449198147199698,0.13778867804903427,0.0032966965770372947,Archeology,"Pharmacology, Toxicology and Pharmaceutics"
1204,31,2.266249048498812,1.5927248352355705,-0.6735242132632413,Archeology,Physics and Astronomy
1204,32,2.2101872464189465,2.039291794265581,-0.17089545215336566,Archeology,Psychology
1204,33,21.985692126612904,19.49898546007601,-2.486706666536893,Archeology,Social Sciences
1204,34,0.16756562752313325,0.1666095975355815,-0.0009560299875517597,Archeology,Veterinary
1204,35,2.871322106323602,2.9020076637994974,0.030685557475895298,Archeology,Dentistry
1204,36,1.7654115020787942,1.5713087867506046,-0.19410271532818957,Archeology,Health Professions
1205,11,2.760775312420301,2.269518381007164,-0.49125693141313675,Classics,Agricultural and Biological Sciences
1205,12,0.0,0.0,0.0,Classics,Arts and Humanities
1205,13,1.9754739437218398,1.9438073822846087,-0.03166656143723112,Classics,"Biochemistry, Genetics and Molecular Biology"
1205,14,1.8553940321346596,1.7884223186738484,-0.06697171346081121,Classics,"Business, Management and Accounting"
1205,15,0.01593981127263453,0.017182002226189853,0.0012421909535553222,Classics,Chemical Engineering
1205,16,1.1944231913627474,1.1556764106050306,-0.03874678075771687,Classics,Chemistry
1205,17,2.2634532007141037,2.74613218189017,0.4826789811760661,Classics,Computer Science
1205,18,0.306044376434583,0.2622122948431582,-0.043832081591424765,Classics,Decision Sciences
1205,19,3.0009351355946614,4.416521615705844,1.4155864801111826,Classics,Earth and Planetary Sciences
1205,20,6.8477429227237945,5.675290039668013,-1.1724528830557812,Classics,"Economics, Econometrics and Finance"
1205,21,0.04144350930884978,0.07022209605486289,0.028778586746013107,Classics,Energy
1205,22,1.04777692765451,1.2946265155646528,0.2468495879101429,Classics,Engineering
1205,23,1.8362662586074983,1.7914104929740553,-0.04485576563344296,Classics,Environmental Science
1205,24,0.14770891779307999,0.13596193065941536,-0.011746987133664621,Classics,Immunology and Microbiology
1205,25,0.2359092068349911,0.2644534255683134,0.02854421873332233,Classics,Materials Science
1205,26,0.8086797585649919,0.7313556599756463,-0.07732409858934552,Classics,Mathematics
1205,27,3.8744367933350334,3.681430737854939,-0.1930060554800943,Classics,Medicine
1205,28,1.1699821474113745,1.3327257378922912,0.1627435904809167,Classics,Neuroscience
1205,29,0.07226047776927655,0.09039227258125968,0.018131794811983126,Classics,Nursing
1205,30,0.06800986142990734,0.06798096532970768,-2.8896100199654606e-05,Classics,"Pharmacology, Toxicology and Pharmaceutics"
1205,31,0.8076171044801496,0.7702019258783365,-0.03741517860181309,Classics,Physics and Astronomy
1205,32,5.322834310975091,5.537834021858495,0.21499971088340342,Classics,Psychology
1205,33,63.42875967015217,62.841305533351765,-0.5874541368004031,Classics,Social Sciences
1205,34,0.0935135594661226,0.06125757315424209,-0.03225598631188051,Classics,Veterinary
1205,35,0.04356881747853439,0.0500519195284661,0.006483102049931709,Classics,Dentistry
1205,36,0.781050752359092,1.0040265648695288,0.22297581251043674,Classics,Health Professions
1206,11,3.2292049342834326,2.7947811565747696,-0.43442377770866303,Conservation,Agricultural and Biological Sciences
1206,12,0.0,0.0,0.0,Conservation,Arts and Humanities
1206,13,1.9015147144995432,1.5915541224962748,-0.3099605920032684,Conservation,"Biochemistry, Genetics and Molecular Biology"
1206,14,2.9067702182051134,1.7361117685260041,-1.1706584496791093,Conservation,"Business, Management and Accounting"
1206,15,0.33184665223503124,0.2146117770461013,-0.11723487518892994,Conservation,Chemical Engineering
1206,16,1.9792390905033566,1.6143690489489042,-0.36487004155445235,Conservation,Chemistry
1206,17,7.590271094122397,4.816600178354031,-2.773670915768366,Conservation,Computer Science
1206,18,1.671074084081987,1.145574377606913,-0.5254997064750742,Conservation,Decision Sciences
1206,19,13.204035595335323,17.374276501761766,4.170240906426443,Conservation,Earth and Planetary Sciences
1206,20,1.5708825056395714,0.8243667201223865,-0.7465157855171849,Conservation,"Economics, Econometrics and Finance"
1206,21,0.33761525826656424,0.6251857854488103,0.28757052718224607,Conservation,Energy
1206,22,8.626494903891988,13.495739004814803,4.869244100922815,Conservation,Engineering
1206,23,7.330380211859647,9.95147331410947,2.621093102249822,Conservation,Environmental Science
1206,24,0.15028736766362347,0.08255027330577872,-0.06773709435784475,Conservation,Immunology and Microbiology
1206,25,2.3204976788950993,2.8627525972095733,0.542254918314474,Conservation,Materials Science
1206,26,0.1645570773205736,0.09419440589363512,-0.07036267142693847,Conservation,Mathematics
1206,27,6.120490999456537,5.957914507453191,-0.16257649200334612,Conservation,Medicine
1206,28,1.2323564148417125,1.4693380641960911,0.2369816493543786,Conservation,Neuroscience
1206,29,0.22072508341707933,0.1599884884022546,-0.06073659501482473,Conservation,Nursing
1206,30,0.09260130734829325,0.0571793177484981,-0.03542198959979515,Conservation,"Pharmacology, Toxicology and Pharmaceutics"
1206,31,1.4215059705072426,0.9814205084415227,-0.44008546206571986,Conservation,Physics and Astronomy
1206,32,10.788507722341812,11.756597868461062,0.9680901461192502,Conservation,Psychology
1206,33,19.78844396406462,14.44033376060042,-5.3481102034641985,Conservation,Social Sciences
1206,34,0.05282828681509189,0.047428540052976066,-0.005399746762115826,Conservation,Veterinary
1206,35,3.4198725441677875,1.9641663653076797,-1.4557061788601078,Conservation,Dentistry
1206,36,3.5479963202365736,3.9414915471170833,0.39349522688050964,Conservation,Health Professions
1207,11,2.9758277267453987,2.5032328732039115,-0.4725948535414872,History and Philosophy of Science,Agricultural and Biological Sciences
1207,12,0.0,0.0,0.0,History and Philosophy of Science,Arts and Humanities
1207,13,4.994401848098754,4.6416741652555595,-0.3527276828431942,History and Philosophy of Science,"Biochemistry, Genetics and Molecular Biology"
1207,14,4.09555933939783,3.4441676223318076,-0.651391717066022,History and Philosophy of Science,"Business, Management and Accounting"
1207,15,0.11763205260845533,0.10724792450111993,-0.010384128107335397,History and Philosophy of Science,Chemical Engineering
1207,16,1.390730756226299,1.0757950123998268,-0.31493574382647216,History and Philosophy of Science,Chemistry
1207,17,7.584635350760154,7.5732127156249245,-0.011422635135229342,History and Philosophy of Science,Computer Science
1207,18,5.998222358998447,6.277948203139918,0.2797258441414705,History and Philosophy of Science,Decision Sciences
1207,19,2.1229447291324584,1.6271270933640063,-0.49581763576845206,History and Philosophy of Science,Earth and Planetary Sciences
1207,20,3.926298761117849,3.209834337401056,-0.716464423716793,History and Philosophy of Science,"Economics, Econometrics and Finance"
1207,21,0.18738117846665303,0.2213560573925034,0.03397487892585038,History and Philosophy of Science,Energy
1207,22,2.6464174864804124,2.922963289881536,0.27654580340112345,History and Philosophy of Science,Engineering
1207,23,4.789203766655261,4.948382648703592,0.15917888204833108,History and Philosophy of Science,Environmental Science
1207,24,0.22250882240394562,0.23038866510635037,0.007879842702404743,History and Philosophy of Science,Immunology and Microbiology
1207,25,0.9007659243631975,0.8116198209714284,-0.0891461033917691,History and Philosophy of Science,Materials Science
1207,26,2.562495824163365,2.221964329203107,-0.34053149496025803,History and Philosophy of Science,Mathematics
1207,27,6.48444159194028,8.11299677913216,1.6285551871918802,History and Philosophy of Science,Medicine
1207,28,3.641228313488408,4.802946230830005,1.1617179173415972,History and Philosophy of Science,Neuroscience
1207,29,0.1818133962863905,0.18431093208508031,0.002497535798689804,History and Philosophy of Science,Nursing
1207,30,0.5011003962236265,0.33083354962045897,-0.1702668466031675,History and Philosophy of Science,"Pharmacology, Toxicology and Pharmaceutics"
1207,31,5.678226732238269,5.686769745108957,0.008543012870688038,History and Philosophy of Science,Physics and Astronomy
1207,32,12.547553921439606,12.908911296362147,0.36135737492254094,History and Philosophy of Science,Psychology
1207,33,23.777669346625824,23.09980802850188,-0.677861318123945,History and Philosophy of Science,Social Sciences
1207,34,0.11631603136584784,0.13783302024104485,0.021516988875197013,History and Philosophy of Science,Veterinary
1207,35,0.05911972351406017,0.10256011543443985,0.043440391920379684,History and Philosophy of Science,Dentistry
1207,36,2.4975046212592096,2.816115544203181,0.31861092294397153,History and Philosophy of Science,Health Professions
1208,11,0.8334027549775318,0.6911696950453308,-0.14223305993220103,Literature and Literary Theory,Agricultural and Biological Sciences
1208,12,0.0,0.0,0.0,Literature and Literary Theory,Arts and Humanities
1208,13,0.7972871654897656,0.6175032432748812,-0.17978392221488448,Literature and Literary Theory,"Biochemistry, Genetics and Molecular Biology"
1208,14,4.677483375558027,4.662190221957705,-0.015293153600321574,Literature and Literary Theory,"Business, Management and Accounting"
1208,15,0.006713481356613269,0.004909667478298305,-0.0018038138783149638,Literature and Literary Theory,Chemical Engineering
1208,16,0.08296294844340339,0.05323451680617769,-0.029728431637225702,Literature and Literary Theory,Chemistry
1208,17,6.392263325280423,7.92338860532641,1.5311252800459876,Literature and Literary Theory,Computer Science
1208,18,1.4075279197518462,1.4845633836999468,0.07703546394810057,Literature and Literary Theory,Decision Sciences
1208,19,0.2749587145398325,0.24419699815640913,-0.03076171638342337,Literature and Literary Theory,Earth and Planetary Sciences
1208,20,1.5613499487913285,1.252629834441296,-0.30872011435003244,Literature and Literary Theory,"Economics, Econometrics and Finance"
1208,21,0.02254161623388397,0.04062803437281785,0.01808641813893388,Literature and Literary Theory,Energy
1208,22,0.724516947865162,0.8066433589672289,0.08212641110206698,Literature and Literary Theory,Engineering
1208,23,1.1222294638525583,1.4583856370143475,0.33615617316178925,Literature and Literary Theory,Environmental Science
1208,24,0.03758569489432392,0.03370304487285998,-0.003882650021463943,Literature and Literary Theory,Immunology and Microbiology
1208,25,0.045524264089735235,0.10829139927023904,0.06276713518050381,Literature and Literary Theory,Materials Science
1208,26,0.27755590075808434,0.27378364060204957,-0.003772260156034768,Literature and Literary Theory,Mathematics
1208,27,4.480244233511542,4.140950764611031,-0.3392934689005118,Literature and Literary Theory,Medicine
1208,28,1.8847731382340114,2.2541805604181753,0.3694074221841639,Literature and Literary Theory,Neuroscience
1208,29,0.10903281765302572,0.10153792653808198,-0.007494891114943739,Literature and Literary Theory,Nursing
1208,30,0.05704008977443683,0.032330910730453466,-0.024709179043983363,Literature and Literary Theory,"Pharmacology, Toxicology and Pharmaceutics"
1208,31,0.2805941185983035,0.3308344054917954,0.05024028689349186,Literature and Literary Theory,Physics and Astronomy
1208,32,22.35599092454929,22.437137496631305,0.08114657208201592,Literature and Literary Theory,Psychology
1208,33,48.946228444579475,47.50083989617232,-1.445388548407152,Literature and Literary Theory,Social Sciences
1208,34,0.022933644342299345,0.022361498602031144,-0.0005721457402682005,Literature and Literary Theory,Veterinary
1208,35,0.03719366678590855,0.034088957600411814,-0.003104709185496733,Literature and Literary Theory,Dentistry
1208,36,3.5620654000891863,3.4905163019183933,-0.07154909817079291,Literature and Literary Theory,Health Professions
1209,11,3.2666879880083606,2.7712624065751843,-0.4954255814331763,Museology,Agricultural and Biological Sciences
1209,12,0.0,0.0,0.0,Museology,Arts and Humanities
1209,13,1.0873884263880678,0.91394102520968,-0.17344740117838775,Museology,"Biochemistry, Genetics and Molecular Biology"
1209,14,13.586540418479789,13.223666818870011,-0.3628735996097774,Museology,"Business, Management and Accounting"
1209,15,0.012275924005569393,0.019946648722693517,0.007670724717124124,Museology,Chemical Engineering
1209,16,0.16443277154828476,0.14695633366177213,-0.017476437886512625,Museology,Chemistry
1209,17,5.338734739895784,7.7140659921655335,2.375331252269749,Museology,Computer Science
1209,18,1.0657440340624587,1.1537814520198986,0.08803741795743991,Museology,Decision Sciences
1209,19,2.089491486000601,2.135853500276369,0.04636201427576836,Museology,Earth and Planetary Sciences
1209,20,3.0628430393895636,2.256855158491745,-0.8059878808978187,Museology,"Economics, Econometrics and Finance"
1209,21,0.06848673392580819,0.11439282881930259,0.0459060948934944,Museology,Energy
1209,22,2.6848738002707164,4.294777823171757,1.6099040229010408,Museology,Engineering
1209,23,2.6735670281603237,3.3596885438946433,0.6861215157343197,Museology,Environmental Science
1209,24,0.06331792381820002,0.06380524380572446,0.00048731998752443717,Museology,Immunology and Microbiology
1209,25,0.750769668130086,0.8032731729590733,0.052503504828987246,Museology,Materials Science
1209,26,0.20222969546016947,0.20631563769195646,0.0040859422317869876,Museology,Mathematics
1209,27,3.1629887352244714,3.35692485160174,0.1939361163772686,Museology,Medicine
1209,28,1.7031229304568907,1.7136093821345315,0.01048645167764084,Museology,Neuroscience
1209,29,0.10563755657424188,0.13301771166278148,0.027380155088539596,Museology,Nursing
1209,30,0.062025721291297985,0.054432722116747975,-0.0075929991745500094,Museology,"Pharmacology, Toxicology and Pharmaceutics"
1209,31,0.29365302423848894,0.24813150368892842,-0.04552152054956052,Museology,Physics and Astronomy
1209,32,13.706392202849951,12.999567422075895,-0.7068247807740562,Museology,Psychology
1209,33,41.8718845804703,39.43836966186826,-2.433514918602043,Museology,Social Sciences
1209,34,0.06816368329408268,0.0794261132873519,0.011262429993269221,Museology,Veterinary
1209,35,0.1996452904063654,0.1439523202999207,-0.055692970106444695,Museology,Dentistry
1209,36,2.70910259765013,2.6539857249285044,-0.055116872721625576,Museology,Health Professions
1210,11,0.8658134574364941,0.7497741967429447,-0.11603926069354942,Music,Agricultural and Biological Sciences
1210,12,0.0,0.0,0.0,Music,Arts and Humanities
1210,13,0.8163661043242195,0.795949023945287,-0.02041708037893253,Music,"Biochemistry, Genetics and Molecular Biology"
1210,14,2.7053034710102772,2.3544389281235722,-0.350864542886705,Music,"Business, Management and Accounting"
1210,15,0.0317529571456273,0.011812165098273635,-0.019940792047353665,Music,Chemical Engineering
1210,16,0.06811130502229978,0.06311752865643185,-0.0049937763658679385,Music,Chemistry
1210,17,11.218489431840217,10.465936221467357,-0.7525532103728594,Music,Computer Science
1210,18,0.44866201279813844,0.44277721898680256,-0.005884793811335887,Music,Decision Sciences
1210,19,0.20796974985456662,0.2252663404600063,0.01729659060543967,Music,Earth and Planetary Sciences
1210,20,1.8462769051774286,1.4822477476348823,-0.3640291575425463,Music,"Economics, Econometrics and Finance"
1210,21,0.016724840023269343,0.019567627031483598,0.002842787008214255,Music,Energy
1210,22,1.9189936009307735,1.6474987442117408,-0.27149485671903273,Music,Engineering
1210,23,0.6391797556719023,0.8255390940904572,0.1863593384185549,Music,Environmental Science
1210,24,0.030298623230560404,0.02266981180476758,-0.007628811425792824,Music,Immunology and Microbiology
1210,25,0.40939499709133215,0.2407772643264262,-0.16861773276490594,Music,Materials Science
1210,26,0.7417102966841187,0.5137695243754168,-0.2279407723087019,Music,Mathematics
1210,27,4.992485941438821,5.739996348967152,0.7475104075283303,Music,Medicine
1210,28,17.431646305991855,17.861425406177403,0.42977910018554866,Music,Neuroscience
1210,29,0.1544017839829358,0.13601887082860548,-0.018382913154330327,Music,Nursing
1210,30,0.08532092301725809,0.029948014542087696,-0.055372908475170395,Music,"Pharmacology, Toxicology and Pharmaceutics"
1210,31,0.37618770603063795,0.2615380393476344,-0.11464966668300353,Music,Physics and Astronomy
1210,32,17.658522396742292,21.098674531898215,3.440152135155923,Music,Psychology
1210,33,34.94328097731239,32.11393608783478,-2.8293448894776105,Music,Social Sciences
1210,34,0.028117122357960055,0.0360330692896832,0.007915946931723147,Music,Veterinary
1210,35,0.04847779716889665,0.06967984259991719,0.02120204543102054,Music,Dentistry
1210,36,2.316511537715726,2.791608351558669,0.475096813842943,Music,Health Professions
1211,11,2.3322366250952147,2.3913563410049727,0.059119715909758064,Philosophy,Agricultural and Biological Sciences
1211,12,0.0,0.0,0.0,Philosophy,Arts and Humanities
1211,13,2.068323344191917,2.0018938556156267,-0.06642948857629039,Philosophy,"Biochemistry, Genetics and Molecular Biology"
1211,14,2.5486914336149553,2.4183171675837296,-0.1303742660312257,Philosophy,"Business, Management and Accounting"
1211,15,0.10956426263687177,0.11854966347700194,0.008985400840130164,Philosophy,Chemical Engineering
1211,16,0.4681910533368711,0.4869743069920459,0.018783253655174803,Philosophy,Chemistry
1211,17,5.019147590036685,4.879864626060983,-0.1392829639757016,Philosophy,Computer Science
1211,18,1.3259310128765618,1.1749402265879034,-0.15099078628865836,Philosophy,Decision Sciences
1211,19,1.4959735860034415,1.2583418491858145,-0.23763173681762706,Philosophy,Earth and Planetary Sciences
1211,20,1.9722729760182138,1.7047699520238238,-0.2675030239943901,Philosophy,"Economics, Econometrics and Finance"
1211,21,0.1474612914110046,0.2504597810594945,0.1029984896484899,Philosophy,Energy
1211,22,4.1917194410885745,4.873866666866598,0.6821472257780234,Philosophy,Engineering
1211,23,3.5040511168143946,3.683676629026974,0.17962551221257916,Philosophy,Environmental Science
1211,24,0.20323153544287648,0.24248249533096364,0.03925095988808716,Philosophy,Immunology and Microbiology
1211,25,0.7179220105884996,0.9111949659128482,0.19327295532434863,Philosophy,Materials Science
1211,26,0.6873777028878756,0.6122566796647441,-0.07512102322313152,Philosophy,Mathematics
1211,27,17.172207411833462,15.972835242808634,-1.1993721690248282,Philosophy,Medicine
1211,28,5.702398469239034,6.489207047302155,0.7868085780631207,Philosophy,Neuroscience
1211,29,0.27873497160483746,0.3069305668746209,0.028195595269783436,Philosophy,Nursing
1211,30,0.18925264676162043,0.2056850156734171,0.01643236891179667,Philosophy,"Pharmacology, Toxicology and Pharmaceutics"
1211,31,0.8424823367586938,0.808254991239231,-0.034227345519462826,Philosophy,Physics and Astronomy
1211,32,20.160463692234277,19.439895575530425,-0.720568116703852,Philosophy,Psychology
1211,33,24.261334887964004,25.061902687610537,0.800567799646533,Philosophy,Social Sciences
1211,34,0.07178348241726082,0.07441967870432085,0.002636196287060036,Philosophy,Veterinary
1211,35,0.07785746939102904,0.12939097472085123,0.05153350532982219,Philosophy,Dentistry
1211,36,4.451389649751824,4.502533013142278,0.05114336339045433,Philosophy,Health Professions
1212,11,1.508258997298317,1.3195998342508732,-0.18865916304744368,Religious studies,Agricultural and Biological Sciences
1212,12,0.0,0.0,0.0,Religious studies,Arts and Humanities
1212,13,0.6726019852816819,0.5685195051204641,-0.1040824801612178,Religious studies,"Biochemistry, Genetics and Molecular Biology"
1212,14,2.6635212079949,2.179837802640147,-0.4836834053547534,Religious studies,"Business, Management and Accounting"
1212,15,0.009106796705941535,0.00591961167347422,-0.003187185032467315,Religious studies,Chemical Engineering
1212,16,0.2341747724384966,0.2086071153732315,-0.025567657065265093,Religious studies,Chemistry
1212,17,1.1370486172847,1.3084709643047416,0.17142234702004155,Religious studies,Computer Science
1212,18,0.4648802889890155,0.43568341916770265,-0.029196869821312865,Religious studies,Decision Sciences
1212,19,1.088479034853012,1.100810986799266,0.012331951946253916,Religious studies,Earth and Planetary Sciences
1212,20,2.2710616356674196,1.5992422897057952,-0.6718193459616244,Religious studies,"Economics, Econometrics and Finance"
1212,21,0.05117152434767147,0.04498904871840407,-0.006182475629267402,Religious studies,Energy
1212,22,0.4583754341990572,0.531581128277985,0.0732056940789278,Religious studies,Engineering
1212,23,1.3851004132751077,1.40531581128278,0.020215398007672247,Religious studies,Environmental Science
1212,24,0.08846602514343205,0.0812170721600663,-0.007248952983365753,Religious studies,Immunology and Microbiology
1212,25,0.13183172374315366,0.13330965488663943,0.0014779311434857667,Religious studies,Materials Science
1212,26,0.2042524404046887,0.15817202391523116,-0.04608041648945754,Religious studies,Mathematics
1212,27,3.3816571768062893,3.090984431421299,-0.29067274538499044,Religious studies,Medicine
1212,28,0.8473657506385599,1.087077487716806,0.239711737078246,Religious studies,Neuroscience
1212,29,0.11101618841528728,0.16977446279524064,0.05875827437995336,Religious studies,Nursing
1212,30,0.07242071666153506,0.09139880423844196,0.018978087576906902,Religious studies,"Pharmacology, Toxicology and Pharmaceutics"
1212,31,0.38899031643950266,0.31160835849168295,-0.07738195794781971,Religious studies,Physics and Astronomy
1212,32,7.762460049350165,10.247084591250815,2.48462454190065,Religious studies,Psychology
1212,33,73.06556459971291,71.9355946249926,-1.1299699747203107,Religious studies,Social Sciences
1212,34,0.02775404710382182,0.025099153495530692,-0.0026548936082911277,Religious studies,Veterinary
1212,35,0.019948221355871935,0.02178417095838513,0.0018359496025131955,Religious studies,Dentistry
1212,36,1.9544920358894522,1.9383176463623986,-0.016174389527053634,Religious studies,Health Professions
1213,11,1.7578476641139744,1.6670549677832855,-0.09079269633068887,Visual Arts and Performing Arts,Agricultural and Biological Sciences
1213,12,0.0,0.0,0.0,Visual Arts and Performing Arts,Arts and Humanities
1213,13,0.5084773503892689,0.4707498754520332,-0.03772747493723572,Visual Arts and Performing Arts,"Biochemistry, Genetics and Molecular Biology"
1213,14,7.704813985673159,7.605391522634579,-0.0994224630385796,Visual Arts and Performing Arts,"Business, Management and Accounting"
1213,15,0.009820378011809914,0.008011588255932489,-0.0018087897558774248,Visual Arts and Performing Arts,Chemical Engineering
1213,16,0.1298472203783755,0.11391189278837344,-0.015935327590002074,Visual Arts and Performing Arts,Chemistry
1213,17,4.992025489336706,6.2077837644703555,1.2157582751336493,Visual Arts and Performing Arts,Computer Science
1213,18,1.2484610194643528,1.1130582442466206,-0.13540277521773225,Visual Arts and Performing Arts,Decision Sciences
1213,19,3.807033209244977,3.6966573259528492,-0.11037588329212777,Visual Arts and Performing Arts,Earth and Planetary Sciences
1213,20,5.251538071241386,4.345411800240716,-0.9061262710006703,Visual Arts and Performing Arts,"Economics, Econometrics and Finance"
1213,21,0.0667421987098933,0.06998628821274358,0.003244089502850281,Visual Arts and Performing Arts,Energy
1213,22,3.6620917041447454,4.513747240836631,0.8516555366918857,Visual Arts and Performing Arts,Engineering
1213,23,2.352889828088827,2.6046870553913846,0.2517972273025575,Visual Arts and Performing Arts,Environmental Science
1213,24,0.03346202878098192,0.027994515285097433,-0.00546751349588449,Visual Arts and Performing Arts,Immunology and Microbiology
1213,25,0.37772083575054055,0.3593243376396387,-0.018396498110901827,Visual Arts and Performing Arts,Materials Science
1213,26,0.41827535976227415,0.37737343302082,-0.04090192674145415,Visual Arts and Performing Arts,Mathematics
1213,27,1.8886041787527028,2.011645350009715,0.1230411712570123,Visual Arts and Performing Arts,Medicine
1213,28,2.9173797049158265,3.3942428910967313,0.47686318618090473,Visual Arts and Performing Arts,Neuroscience
1213,29,0.10165909830743966,0.1215551321589757,0.019896033851536044,Visual Arts and Performing Arts,Nursing
1213,30,0.05146605513596677,0.03812410963167874,-0.013341945504288029,Visual Arts and Performing Arts,"Pharmacology, Toxicology and Pharmaceutics"
1213,31,0.4208213836912619,0.3469846499810761,-0.07383673371018579,Visual Arts and Performing Arts,Physics and Astronomy
1213,32,12.323301392856948,13.288186038288025,0.9648846454310771,Visual Arts and Performing Arts,Psychology
1213,33,46.91212762126803,44.37379308185541,-2.5383345394126167,Visual Arts and Performing Arts,Social Sciences
1213,34,0.0229142153608898,0.016759874282525435,-0.006154341078364364,Visual Arts and Performing Arts,Veterinary
1213,35,0.10384140453228632,0.0684208054500901,-0.03542059908219622,Visual Arts and Performing Arts,Dentistry
1213,36,2.936838602087376,3.159144215034712,0.22230561294733642,Visual Arts and Performing Arts,Health Professions
1302,11,10.92183462242983,10.409084665860282,-0.5127499565695484,Aging,Agricultural and Biological Sciences
1302,12,0.10291871750200418,0.09406333213704979,-0.008855385364954393,Aging,Arts and Humanities
1302,13,0.0,0.0,0.0,Aging,"Biochemistry, Genetics and Molecular Biology"
1302,14,0.03842657076445587,0.15755497365960858,0.11912840289515271,Aging,"Business, Management and Accounting"
1302,15,0.02812574177165301,0.03961027740486223,0.011484535633209222,Aging,Chemical Engineering
1302,16,1.2548201161754364,1.0018210093974718,-0.25299910677796467,Aging,Chemistry
1302,17,0.46085013189539736,0.515110833455177,0.05426070155977969,Aging,Computer Science
1302,18,0.04908568946135622,0.04652213789161671,-0.0025635515697395098,Aging,Decision Sciences
1302,19,0.6129441112847821,0.5873309141821629,-0.025613197102619223,Aging,Earth and Planetary Sciences
1302,20,0.1477945029402149,0.20407711155122532,0.05628260861101042,Aging,"Economics, Econometrics and Finance"
1302,21,0.32604363072871645,0.3036787934372771,-0.022364837291439343,Aging,Energy
1302,22,1.3305983885920558,1.8640312983221015,0.5334329097300456,Aging,Engineering
1302,23,6.496956776825821,6.780446523910164,0.28348974708434227,Aging,Environmental Science
1302,24,4.268753107043528,4.198379257329452,-0.07037384971407601,Aging,Immunology and Microbiology
1302,25,1.139540403882069,1.487113367804022,0.34757296392195314,Aging,Materials Science
1302,26,0.14752578566214178,0.13708523298729725,-0.010440552674844533,Aging,Mathematics
1302,27,43.55647317529772,43.92553799529462,0.36906481999690044,Aging,Medicine
1302,28,22.30004075545384,21.10235313404136,-1.1976876214124808,Aging,Neuroscience
1302,29,1.7395860858193415,1.5991652599258304,-0.14042082589351113,Aging,Nursing
1302,30,0.35793141439339315,0.4474543529213687,0.08952293852797555,Aging,"Pharmacology, Toxicology and Pharmaceutics"
1302,31,0.35327364824012575,0.40700224635465815,0.0537285981145324,Aging,Physics and Astronomy
1302,32,2.033652360457357,2.338778638806552,0.30512627834919526,Aging,Psychology
1302,33,1.2706744355817505,1.2180381835985097,-0.052636251983240845,Aging,Social Sciences
1302,34,0.4623728631378116,0.43239004160408334,-0.029982821533728277,Aging,Veterinary
1302,35,0.0586699390459641,0.09951306829006776,0.04084312924410366,Aging,Dentistry
1302,36,0.5411070256132352,0.603857349833185,0.06275032421994975,Aging,Health Professions
1303,11,9.04964491319679,10.527841939619078,1.4781970264222881,Biochemistry,Agricultural and Biological Sciences
1303,12,0.036879090088913664,0.03233310314445939,-0.004545986944454274,Biochemistry,Arts and Humanities
1303,13,0.0,0.0,0.0,Biochemistry,"Biochemistry, Genetics and Molecular Biology"
1303,14,0.03747358348111961,0.04729041898343831,0.009816835502318703,Biochemistry,"Business, Management and Accounting"
1303,15,0.4440865639778414,0.6657617862656617,0.22167522228782033,Biochemistry,Chemical Engineering
1303,16,7.896286732772966,9.596358352482666,1.7000716197096999,Biochemistry,Chemistry
1303,17,0.4566324245306013,0.5439204340250906,0.08728800949448928,Biochemistry,Computer Science
1303,18,0.036407595329577915,0.03557013418423841,-0.000837461145339502,Biochemistry,Decision Sciences
1303,19,0.3088495671370613,0.39336748463092386,0.08451791749386256,Biochemistry,Earth and Planetary Sciences
1303,20,0.07728414098677293,0.05839058289379165,-0.01889355809298128,Biochemistry,"Economics, Econometrics and Finance"
1303,21,0.6535327359836396,1.0691752292958998,0.4156424933122602,Biochemistry,Energy
1303,22,2.4874423520782565,4.3324869923442355,1.845044640265979,Biochemistry,Engineering
1303,23,3.5865376356341803,3.9177501418836593,0.33121250624947907,Biochemistry,Environmental Science
1303,24,3.135460649354883,3.2943922219973247,0.15893157264244184,Biochemistry,Immunology and Microbiology
1303,25,2.8831699535659663,4.842474411331643,1.9593044577656764,Biochemistry,Materials Science
1303,26,0.12664759231201145,0.11129929713017973,-0.015348295181831714,Biochemistry,Mathematics
1303,27,50.601227567355586,44.6257347192291,-5.9754928481264855,Biochemistry,Medicine
1303,28,7.697172445928263,6.623201153325634,-1.0739712926026295,Biochemistry,Neuroscience
1303,29,5.306222521336675,4.305561343350519,-1.0006611779861565,Biochemistry,Nursing
1303,30,3.614437825523569,3.4334357276944996,-0.18100209782906962,Biochemistry,"Pharmacology, Toxicology and Pharmaceutics"
1303,31,0.35733152826006337,0.3306484579329833,-0.02668307032708006,Biochemistry,Physics and Astronomy
1303,32,0.42401728704785446,0.38246575940500144,-0.041551527642853026,Biochemistry,Psychology
1303,33,0.12074365793424208,0.13678626566177315,0.016042607727531077,Biochemistry,Social Sciences
1303,34,0.22547699382321368,0.1969131870443352,-0.028563806778878487,Biochemistry,Veterinary
1303,35,0.15296929974623333,0.19387459468898705,0.04090529494275372,Biochemistry,Dentistry
1303,36,0.28406534261371685,0.3029662614548731,0.018900918841156245,Biochemistry,Health Professions
1304,11,3.448464462493505,4.052855230124817,0.6043907676313123,Biophysics,Agricultural and Biological Sciences
1304,12,0.17146313542588343,0.21617026034974124,0.04470712492385781,Biophysics,Arts and Humanities
1304,13,0.0,0.0,0.0,Biophysics,"Biochemistry, Genetics and Molecular Biology"
1304,14,0.02440651730466185,0.05135940160116025,0.026952884296498402,Biophysics,"Business, Management and Accounting"
1304,15,1.1119374040463652,0.8196151332106383,-0.2923222708357269,Biophysics,Chemical Engineering
1304,16,14.237527166953223,11.412814816906403,-2.82471235004682,Biophysics,Chemistry
1304,17,3.4898673255838233,5.233376924204003,1.7435095986201796,Biophysics,Computer Science
1304,18,0.13732341664189257,0.21399282401271172,0.07666940737081915,Biophysics,Decision Sciences
1304,19,0.6693266829984494,0.7231336315156797,0.053806948517230224,Biophysics,Earth and Planetary Sciences
1304,20,0.05716418028947305,0.0664188322675836,0.009254651978110554,Biophysics,"Economics, Econometrics and Finance"
1304,21,0.48401358413823375,0.5724128930641348,0.08839930892590103,Biophysics,Energy
1304,22,15.950982303510628,19.63895857855832,3.687976275047692,Biophysics,Engineering
1304,23,2.659398817489534,3.3464667864397133,0.6870679689501791,Biophysics,Environmental Science
1304,24,1.4813579786228315,1.7005356352909329,0.2191776566681014,Biophysics,Immunology and Microbiology
1304,25,12.54171529591726,12.531806374494044,-0.0099089214232162,Biophysics,Materials Science
1304,26,0.36380413505214027,0.3653738173535495,0.0015696823014092476,Biophysics,Mathematics
1304,27,24.548045699586353,21.78533483983832,-2.762710859748033,Biophysics,Medicine
1304,28,7.449486595676047,6.628495505279722,-0.8209910903963253,Biophysics,Neuroscience
1304,29,0.7286668660355671,0.5300441963384511,-0.19862266969711595,Biophysics,Nursing
1304,30,0.7890656450039711,0.7503445617403645,-0.03872108326360668,Biophysics,"Pharmacology, Toxicology and Pharmaceutics"
1304,31,8.15080640015338,7.754272235453074,-0.3965341647003058,Biophysics,Physics and Astronomy
1304,32,0.4546081416024967,0.43531869168948406,-0.019289449913012624,Biophysics,Psychology
1304,33,0.20033927999597734,0.31378964813050236,0.11345036813452503,Biophysics,Social Sciences
1304,34,0.10956467888815669,0.12043330140228306,0.010868622514126375,Biophysics,Veterinary
1304,35,0.17310984020788472,0.2721373981995832,0.09902755799169849,Biophysics,Dentistry
1304,36,0.567554446382263,0.46453848253478314,-0.10301596384747991,Biophysics,Health Professions
1305,11,27.200371118853933,26.756796620971592,-0.4435744978823415,Biotechnology,Agricultural and Biological Sciences
1305,12,0.07226467723523025,0.10931516021811728,0.03705048298288703,Biotechnology,Arts and Humanities
1305,13,0.0,0.0,0.0,Biotechnology,"Biochemistry, Genetics and Molecular Biology"
1305,14,0.08674225536846053,0.1333585914906001,0.04661633612213956,Biotechnology,"Business, Management and Accounting"
1305,15,0.30302289777864666,0.38650681008305365,0.083483912304407,Biotechnology,Chemical Engineering
1305,16,7.801011951908155,6.354163814350916,-1.4468481375572386,Biotechnology,Chemistry
1305,17,0.27920163446723234,0.40535881462015705,0.1261571801529247,Biotechnology,Computer Science
1305,18,0.02905783412556147,0.02720918365425342,-0.0018486504713080484,Biotechnology,Decision Sciences
1305,19,1.0530025162236152,1.1395894232925474,0.08658690706893224,Biotechnology,Earth and Planetary Sciences
1305,20,0.042816667245085274,0.049328733254213275,0.006512066009128001,Biotechnology,"Economics, Econometrics and Finance"
1305,21,0.5322820215791896,0.8950019691794157,0.3627199476002261,Biotechnology,Energy
1305,22,9.376993875676416,12.447066533426833,3.0700726577504174,Biotechnology,Engineering
1305,23,6.808507230266804,7.423007324288783,0.6145000940219782,Biotechnology,Environmental Science
1305,24,5.701208662150621,4.8034948277611855,-0.8977138343894353,Biotechnology,Immunology and Microbiology
1305,25,4.269078418982754,5.591675557409087,1.3225971384263335,Biotechnology,Materials Science
1305,26,0.055630864060880574,0.07053214872440028,0.014901284663519705,Biotechnology,Mathematics
1305,27,28.406610071999765,25.68295509039241,-2.7236549816073534,Biotechnology,Medicine
1305,28,1.244127083154075,1.0878787413009248,-0.15624834185315017,Biotechnology,Neuroscience
1305,29,3.6531960845235925,3.4853712211121275,-0.16782486341146496,Biotechnology,Nursing
1305,30,1.6621902542693967,1.8342633960949681,0.17207314182557143,Biotechnology,"Pharmacology, Toxicology and Pharmaceutics"
1305,31,0.3137013951251428,0.2979777153426713,-0.015723679782471467,Biotechnology,Physics and Astronomy
1305,32,0.066124541260995,0.07580500960464842,0.009680468343653423,Biotechnology,Psychology
1305,33,0.13101694821277893,0.12784142817574587,-0.0031755200370330583,Biotechnology,Social Sciences
1305,34,0.3219977661404974,0.23725838107494904,-0.08473938506554837,Biotechnology,Veterinary
1305,35,0.3763143536048862,0.3758898334457973,-0.0004245201590888925,Biotechnology,Dentistry
1305,36,0.21352887578628138,0.20235367073060373,-0.01117520505567765,Biotechnology,Health Professions
1306,11,4.540506224488252,4.210161545198217,-0.3303446792900351,Cancer Research,Agricultural and Biological Sciences
1306,12,0.03182771898630927,0.030429290186233384,-0.0013984288000758842,Cancer Research,Arts and Humanities
1306,13,0.0,0.0,0.0,Cancer Research,"Biochemistry, Genetics and Molecular Biology"
1306,14,0.03099729569161649,0.033787766385392805,0.002790470693776314,Cancer Research,"Business, Management and Accounting"
1306,15,0.1604036322870129,0.12032106035249399,-0.04008257193451892,Cancer Research,Chemical Engineering
1306,16,2.604680871044187,2.148178249254493,-0.4565026217896939,Cancer Research,Chemistry
1306,17,0.6461391719593217,1.0841004465740516,0.4379612746147299,Cancer Research,Computer Science
1306,18,0.0712999888630147,0.07446699771815939,0.00316700885514469,Cancer Research,Decision Sciences
1306,19,0.17452858926216114,0.16618580742860745,-0.008342781833553692,Cancer Research,Earth and Planetary Sciences
1306,20,0.24897953006578583,0.29076639857027925,0.041786868504493424,Cancer Research,"Economics, Econometrics and Finance"
1306,21,0.061808328214329925,0.11293098812210607,0.05112265990777615,Cancer Research,Energy
1306,22,1.7365703285100227,3.3275447402095786,1.590974411699556,Cancer Research,Engineering
1306,23,4.52481355250817,3.6446839025707125,-0.8801296499374573,Cancer Research,Environmental Science
1306,24,7.815067060561528,7.713985328836845,-0.10108173172468327,Cancer Research,Immunology and Microbiology
1306,25,1.391160803710052,2.2399896574603577,0.8488288537503057,Cancer Research,Materials Science
1306,26,0.271773485360297,0.34522143683660744,0.07344795147631045,Cancer Research,Mathematics
1306,27,66.52117443584574,66.35696862442441,-0.16420581142132562,Cancer Research,Medicine
1306,28,3.96264026489727,3.6304878409271817,-0.33215242397008815,Cancer Research,Neuroscience
1306,29,1.3213586811636324,1.0497392818131925,-0.2716193993504399,Cancer Research,Nursing
1306,30,1.464695950599903,1.270234106803817,-0.1944618437960861,Cancer Research,"Pharmacology, Toxicology and Pharmaceutics"
1306,31,0.46051240221668693,0.4404732352952699,-0.02003916692141705,Cancer Research,Physics and Astronomy
1306,32,0.17200627551659894,0.20750610526810648,0.03549982975150753,Cancer Research,Psychology
1306,33,0.24570440267924046,0.21456139832275634,-0.031143004356484122,Cancer Research,Social Sciences
1306,34,0.3731006492435581,0.28852266579671565,-0.08457798344684248,Cancer Research,Veterinary
1306,35,0.5958403553901263,0.5349593154264464,-0.060881039963679884,Cancer Research,Dentistry
1306,36,0.5724100009351963,0.46379381021795907,-0.10861619071723727,Cancer Research,Health Professions
1307,11,11.84688837201634,13.478564638196838,1.6316762661804987,Cell Biology,Agricultural and Biological Sciences
1307,12,0.09134236208766694,0.10153561509504469,0.01019325300737775,Cell Biology,Arts and Humanities
1307,13,0.0,0.0,0.0,Cell Biology,"Biochemistry, Genetics and Molecular Biology"
1307,14,0.03794535791776733,0.04546886025702869,0.0075235023392613565,Cell Biology,"Business, Management and Accounting"
1307,15,0.19159913547464097,0.1732972422265949,-0.01830189324804607,Cell Biology,Chemical Engineering
1307,16,3.206203816799454,2.7331257722582225,-0.4730780445412317,Cell Biology,Chemistry
1307,17,0.5347049214835267,0.6493248487504913,0.11461992726696468,Cell Biology,Computer Science
1307,18,0.024838936717137355,0.027816719144483307,0.002977782427345952,Cell Biology,Decision Sciences
1307,19,0.37607313216883215,0.4070898813094562,0.031016749140624078,Cell Biology,Earth and Planetary Sciences
1307,20,0.04614406020953148,0.0562503635452403,0.010106303335708819,Cell Biology,"Economics, Econometrics and Finance"
1307,21,0.23778792749714386,0.25780865798780134,0.020020730490657473,Cell Biology,Energy
1307,22,4.081618177168397,5.6327075263118624,1.5510893491434654,Cell Biology,Engineering
1307,23,2.8354601606332186,3.3831703671410334,0.5477102065078148,Cell Biology,Environmental Science
1307,24,4.636113730762284,4.374315873956882,-0.26179785680540224,Cell Biology,Immunology and Microbiology
1307,25,3.270125577535633,3.761764177089276,0.4916385995536432,Cell Biology,Materials Science
1307,26,0.27977831935932795,0.391380320319344,0.11160200096001605,Cell Biology,Mathematics
1307,27,51.74041259857454,50.23554426614978,-1.5048683324247563,Cell Biology,Medicine
1307,28,10.307673077928314,8.141863725323724,-2.1658093526045903,Cell Biology,Neuroscience
1307,29,1.8500055403545494,1.6165094192735676,-0.23349612108098183,Cell Biology,Nursing
1307,30,0.8302927415987584,0.9446741430173756,0.11438140141861719,Cell Biology,"Pharmacology, Toxicology and Pharmaceutics"
1307,31,1.3993708662213338,1.3141756497838706,-0.0851952164374632,Cell Biology,Physics and Astronomy
1307,32,0.6153308192350374,0.6723714136812871,0.05704059444624965,Cell Biology,Psychology
1307,33,0.18602682963019956,0.19779431594446262,0.011767486314263054,Cell Biology,Social Sciences
1307,34,0.4682206668899849,0.4166228453885425,-0.05159782150144243,Cell Biology,Veterinary
1307,35,0.34261373606620005,0.36943173545774977,0.02681799939154972,Cell Biology,Dentistry
1307,36,0.5634291356701829,0.617391622390039,0.05396248671985604,Cell Biology,Health Professions
1308,11,5.45337697204469,6.315081544741314,0.8617045726966239,Clinical Biochemistry,Agricultural and Biological Sciences
1308,12,0.08802107232584022,0.07915049179731666,-0.008870580528523561,Clinical Biochemistry,Arts and Humanities
1308,13,0.0,0.0,0.0,Clinical Biochemistry,"Biochemistry, Genetics and Molecular Biology"
1308,14,0.051058306354908475,0.060642104312031396,0.00958379795712292,Clinical Biochemistry,"Business, Management and Accounting"
1308,15,0.15510164760642006,0.1659834445081752,0.010881796901755142,Clinical Biochemistry,Chemical Engineering
1308,16,2.8088152901120798,2.554848189638658,-0.25396710047342186,Clinical Biochemistry,Chemistry
1308,17,0.24953669784079646,0.3704355786182876,0.12089888077749111,Clinical Biochemistry,Computer Science
1308,18,0.048472433838423534,0.07066454414602821,0.02219211030760468,Clinical Biochemistry,Decision Sciences
1308,19,0.1840786308058542,0.18480194968171354,0.0007233188758593301,Clinical Biochemistry,Earth and Planetary Sciences
1308,20,0.09866878268783702,0.10896407864528189,0.01029529595744487,Clinical Biochemistry,"Economics, Econometrics and Finance"
1308,21,0.22874831094356463,0.28613995244768137,0.05739164150411674,Clinical Biochemistry,Energy
1308,22,1.5668866348418433,2.371498154588311,0.8046115197464676,Clinical Biochemistry,Engineering
1308,23,2.8758198103186454,3.5923610119478475,0.7165412016292021,Clinical Biochemistry,Environmental Science
1308,24,4.7666757087699105,5.9897962822809605,1.22312057351105,Clinical Biochemistry,Immunology and Microbiology
1308,25,1.3200625679742224,1.5920455376813432,0.27198296970712077,Clinical Biochemistry,Materials Science
1308,26,0.0495625565659613,0.0576536974979564,0.008091140931995103,Clinical Biochemistry,Mathematics
1308,27,66.69479859348817,63.45402596897329,-3.2407726245148822,Clinical Biochemistry,Medicine
1308,28,5.775596968951784,5.594974176359137,-0.18062279259264713,Clinical Biochemistry,Neuroscience
1308,29,3.1800147546843585,2.6781763557534797,-0.5018383989308788,Clinical Biochemistry,Nursing
1308,30,1.7104786145807718,1.5532949229082667,-0.15718369167250512,Clinical Biochemistry,"Pharmacology, Toxicology and Pharmaceutics"
1308,31,0.18131529645000266,0.165715615595593,-0.015599680854409659,Clinical Biochemistry,Physics and Astronomy
1308,32,0.38083310728075226,0.38223414703046105,0.0014010397497087879,Clinical Biochemistry,Psychology
1308,33,0.173887250887943,0.17772562788612084,0.0038383769981778504,Clinical Biochemistry,Social Sciences
1308,34,0.45108264397859305,0.4300204635385471,-0.02106218044004593,Clinical Biochemistry,Veterinary
1308,35,0.5504866257152347,0.7009646492618282,0.15047802354659356,Clinical Biochemistry,Dentistry
1308,36,0.9566207209513983,1.0628015101603718,0.10618078920897356,Clinical Biochemistry,Health Professions
1309,11,22.967688807021347,19.793455454531927,-3.17423335248942,Developmental Biology,Agricultural and Biological Sciences
1309,12,0.5770506013652618,0.7319335525761026,0.15488295121084084,Developmental Biology,Arts and Humanities
1309,13,0.0,0.0,0.0,Developmental Biology,"Biochemistry, Genetics and Molecular Biology"
1309,14,0.0734207389749702,0.08784591499134438,0.014425176016374178,Developmental Biology,"Business, Management and Accounting"
1309,15,0.004160797486184853,0.0059026899401298585,0.0017418924539450058,Developmental Biology,Chemical Engineering
1309,16,0.03857406002817207,0.05471148742826247,0.0161374274000904,Developmental Biology,Chemistry
1309,17,1.9490735724347168,3.0969777235457805,1.1479041511110637,Developmental Biology,Computer Science
1309,18,0.06475241087875176,0.08179441774179948,0.017042006863047715,Developmental Biology,Decision Sciences
1309,19,2.9647415754686315,4.321661880031547,1.3569203045629155,Developmental Biology,Earth and Planetary Sciences
1309,20,0.08442951565716762,0.09920487294335899,0.014775357286191365,Developmental Biology,"Economics, Econometrics and Finance"
1309,21,0.005461046700617618,0.00892843856490231,0.003467391864284691,Developmental Biology,Energy
1309,22,1.7777874092534403,2.4938616984866298,0.7160742892331895,Developmental Biology,Engineering
1309,23,22.81633979846137,25.896340828261483,3.080001029800112,Developmental Biology,Environmental Science
1309,24,0.7401018528551305,0.641805925507061,-0.09829592734806958,Developmental Biology,Immunology and Microbiology
1309,25,0.09526492577744067,0.2195899862601251,0.12432506048268444,Developmental Biology,Materials Science
1309,26,0.45725430707552284,0.45326706447820714,-0.003987242597315699,Developmental Biology,Mathematics
1309,27,12.796272618918625,10.944529595293721,-1.8517430236249037,Developmental Biology,Medicine
1309,28,10.529851554881352,8.55989246191773,-1.969959092963622,Developmental Biology,Neuroscience
1309,29,0.47485101311084627,0.26279370842695793,-0.21205730468388834,Developmental Biology,Nursing
1309,30,0.017683389316285623,0.015872779670937438,-0.0018106096453481858,Developmental Biology,"Pharmacology, Toxicology and Pharmaceutics"
1309,31,0.3041716328963051,0.4007380842546986,0.09656645135839348,Developmental Biology,Physics and Astronomy
1309,32,15.76942247264059,15.12150116813738,-0.6479213045032104,Developmental Biology,Psychology
1309,33,2.7899013977679057,3.355456019999702,0.5655546222317964,Developmental Biology,Social Sciences
1309,34,1.3702893054502114,1.7634162190046776,0.39312691355446616,Developmental Biology,Veterinary
1309,35,0.20171199479900315,0.13164486639583736,-0.07006712840316578,Developmental Biology,Dentistry
1309,36,1.1297432007801496,1.4568731616096982,0.3271299608295486,Developmental Biology,Health Professions
1310,11,24.346567708899915,23.404733071046408,-0.941834637853507,Endocrinology,Agricultural and Biological Sciences
1310,12,0.09330916590185837,0.08166667132800635,-0.01164249457385201,Endocrinology,Arts and Humanities
1310,13,0.0,0.0,0.0,Endocrinology,"Biochemistry, Genetics and Molecular Biology"
1310,14,0.09982088930223436,0.1468721545018353,0.04705126519960094,Endocrinology,"Business, Management and Accounting"
1310,15,0.11207825099705977,0.11059361361835694,-0.00148463737870283,Endocrinology,Chemical Engineering
1310,16,1.2680240673296876,1.379903046798119,0.1118789794684314,Endocrinology,Chemistry
1310,17,0.1117335126993928,0.19677512538670808,0.08504161268731528,Endocrinology,Computer Science
1310,18,0.025625546793244355,0.030804796278812573,0.005179249485568218,Endocrinology,Decision Sciences
1310,19,0.4917117252389802,0.5354680670929263,0.04375634185394606,Endocrinology,Earth and Planetary Sciences
1310,20,0.07124591485117265,0.09714897814777272,0.025903063296600068,Endocrinology,"Economics, Econometrics and Finance"
1310,21,0.13839327438563803,0.210898984640353,0.07250571025471497,Endocrinology,Energy
1310,22,1.8700903520773928,3.0044065641784568,1.134316212101064,Endocrinology,Engineering
1310,23,12.845178796602871,15.765023730880351,2.9198449342774797,Endocrinology,Environmental Science
1310,24,14.322612227637594,13.544101800462432,-0.7785104271751617,Endocrinology,Immunology and Microbiology
1310,25,1.0043758781250527,1.390950421857901,0.3865745437328483,Endocrinology,Materials Science
1310,26,0.2029742488152494,0.38336189402750537,0.18038764521225598,Endocrinology,Mathematics
1310,27,35.25178919176489,32.32499899115291,-2.9267902006119826,Endocrinology,Medicine
1310,28,0.765204108054772,0.7549572348719883,-0.010246873182783722,Endocrinology,Neuroscience
1310,29,2.1593640880752725,2.079503543350659,-0.07986054472461346,Endocrinology,Nursing
1310,30,0.580539293271168,0.574063959706847,-0.006475333564321062,Endocrinology,"Pharmacology, Toxicology and Pharmaceutics"
1310,31,0.21703191050900225,0.22885846055128198,0.011826550042279727,Endocrinology,Physics and Astronomy
1310,32,0.08143484675999627,0.12176085169867876,0.04032600493868249,Endocrinology,Psychology
1310,33,0.4869619975822354,0.6238270904010896,0.13686509281885423,Endocrinology,Social Sciences
1310,34,1.6890261372916442,1.2506707334857723,-0.4383554038058719,Endocrinology,Veterinary
1310,35,0.9327469207209168,1.027925286982037,0.0951783662611202,Endocrinology,Dentistry
1310,36,0.8321599463127558,0.7307249275527927,-0.10143501875996308,Endocrinology,Health Professions
1311,11,16.92702361048784,17.413191190092753,0.4861675796049134,Genetics,Agricultural and Biological Sciences
1311,12,0.4426182886486075,0.511705708244986,0.06908741959637843,Genetics,Arts and Humanities
1311,13,0.0,0.0,0.0,Genetics,"Biochemistry, Genetics and Molecular Biology"
1311,14,0.1053774639851652,0.16460083271875972,0.05922336873359452,Genetics,"Business, Management and Accounting"
1311,15,0.04363529831442106,0.04774062666898357,0.00410532835456251,Genetics,Chemical Engineering
1311,16,0.9716971210148128,0.8821297952135775,-0.08956732580123528,Genetics,Chemistry
1311,17,0.8264085853777114,1.0573136846125206,0.23090509923480917,Genetics,Computer Science
1311,18,0.13807200617468712,0.14727532944110971,0.009203323266422592,Genetics,Decision Sciences
1311,19,1.2612389379460143,1.3333435192165808,0.07210458127056651,Genetics,Earth and Planetary Sciences
1311,20,0.2310600301978314,0.29586190131521034,0.06480187111737895,Genetics,"Economics, Econometrics and Finance"
1311,21,0.10256412669590544,0.1185629208613122,0.01599879416540677,Genetics,Energy
1311,22,1.5250842631491501,2.120381633119384,0.595297369970234,Genetics,Engineering
1311,23,10.02395773500198,10.256291265179437,0.23233353017745628,Genetics,Environmental Science
1311,24,5.807524773081828,5.322042281753389,-0.48548249132843857,Genetics,Immunology and Microbiology
1311,25,1.1604125596115753,1.1440704248927176,-0.016342134718857704,Genetics,Materials Science
1311,26,0.5861321025548497,0.7521286595636094,0.1659965570087597,Genetics,Mathematics
1311,27,45.720169473824924,43.206525168025266,-2.5136443057996587,Genetics,Medicine
1311,28,5.644999924876836,5.56726552058757,-0.07773440428926559,Genetics,Neuroscience
1311,29,1.284602746186928,1.2186421123028595,-0.06596063388406859,Genetics,Nursing
1311,30,0.7790893949855977,0.6693417532580763,-0.10974764172752138,Genetics,"Pharmacology, Toxicology and Pharmaceutics"
1311,31,0.36830181616887797,0.41396873785200394,0.04566692168312597,Genetics,Physics and Astronomy
1311,32,1.9349138955770542,2.3504362674606183,0.4155223718835641,Genetics,Psychology
1311,33,1.623604847719632,1.9015010647288555,0.2778962170092234,Genetics,Social Sciences
1311,34,0.8605383665427577,1.0477435152030388,0.18720514866028104,Genetics,Veterinary
1311,35,0.6918288820029537,0.8118700050214884,0.12004112301853476,Genetics,Dentistry
1311,36,0.9391437498720636,1.2460660826658918,0.3069223327938282,Genetics,Health Professions
1312,11,10.621734976363141,11.651672442501576,1.0299374661384348,Molecular Biology,Agricultural and Biological Sciences
1312,12,0.12134282332578439,0.12195179367408429,0.0006089703482999032,Molecular Biology,Arts and Humanities
1312,13,0.0,0.0,0.0,Molecular Biology,"Biochemistry, Genetics and Molecular Biology"
1312,14,0.06751125114710607,0.11010930656837642,0.04259805542127035,Molecular Biology,"Business, Management and Accounting"
1312,15,0.3951745105259071,0.44332641608434603,0.04815190555843896,Molecular Biology,Chemical Engineering
1312,16,6.718755891188599,5.7127181806542495,-1.0060377105343496,Molecular Biology,Chemistry
1312,17,1.6432819973168513,1.8315106882275471,0.18822869091069583,Molecular Biology,Computer Science
1312,18,0.11098897310150553,0.1225546696448085,0.011565696543302972,Molecular Biology,Decision Sciences
1312,19,1.1506100106619503,1.1379671791081325,-0.012642831553817846,Molecular Biology,Earth and Planetary Sciences
1312,20,0.09220821788663919,0.10708658071190333,0.014878362825264141,Molecular Biology,"Economics, Econometrics and Finance"
1312,21,0.48900723829565834,0.6805473098547477,0.1915400715590893,Molecular Biology,Energy
1312,22,4.435495729127993,6.440311908585976,2.0048161794579826,Molecular Biology,Engineering
1312,23,4.66086959226751,5.384262711236044,0.7233931189685343,Molecular Biology,Environmental Science
1312,24,5.6510582918599255,5.624049755412776,-0.02700853644714929,Molecular Biology,Immunology and Microbiology
1312,25,4.496514701415996,5.278711304107572,0.7821966026915765,Molecular Biology,Materials Science
1312,26,0.24477485085112652,0.2821287713518798,0.037353920500753285,Molecular Biology,Mathematics
1312,27,42.638883425583636,41.30680318383906,-1.3320802417445776,Molecular Biology,Medicine
1312,28,9.457871576560246,6.910538964686495,-2.5473326118737507,Molecular Biology,Neuroscience
1312,29,1.7171645531828292,1.5398625642108934,-0.17730198897193583,Molecular Biology,Nursing
1312,30,1.4246490821024702,1.5731351319339324,0.14848604983146219,Molecular Biology,"Pharmacology, Toxicology and Pharmaceutics"
1312,31,1.736153652750317,1.4291071788335,-0.30704647391681705,Molecular Biology,Physics and Astronomy
1312,32,0.6591314435015577,0.6073415731913938,-0.05178987031016391,Molecular Biology,Psychology
1312,33,0.2938356253884434,0.34341641594251304,0.049580790554069665,Molecular Biology,Social Sciences
1312,34,0.2457119203818105,0.2269798573295979,-0.01873206305221259,Molecular Biology,Veterinary
1312,35,0.5087375445001214,0.6039619329776597,0.09522438847753822,Molecular Biology,Dentistry
1312,36,0.41853212071287454,0.5299441793309364,0.11141205861806186,Molecular Biology,Health Professions
1313,11,8.178739673599896,8.414190962214153,0.23545128861425724,Molecular Medicine,Agricultural and Biological Sciences
1313,12,0.027655721859325084,0.026183381228595985,-0.0014723406307291,Molecular Medicine,Arts and Humanities
1313,13,0.0,0.0,0.0,Molecular Medicine,"Biochemistry, Genetics and Molecular Biology"
1313,14,0.02808600890381246,0.03397861618797707,0.005892607284164606,Molecular Medicine,"Business, Management and Accounting"
1313,15,0.7812839217769447,0.5494325499361317,-0.23185137184081306,Molecular Medicine,Chemical Engineering
1313,16,8.080047472396108,6.29773684721483,-1.7823106251812781,Molecular Medicine,Chemistry
1313,17,0.2763616335730293,0.4162320703617993,0.13987043678877004,Molecular Medicine,Computer Science
1313,18,0.018502342912957232,0.019559822689489966,0.001057479776532734,Molecular Medicine,Decision Sciences
1313,19,0.10389476274167952,0.12387489173948994,0.019980128997810417,Molecular Medicine,Earth and Planetary Sciences
1313,20,0.06200045141022667,0.07566877616245844,0.013668324752231772,Molecular Medicine,"Economics, Econometrics and Finance"
1313,21,0.25883721576117974,0.6112444590465614,0.3524072432853817,Molecular Medicine,Energy
1313,22,7.871710308856129,11.154514947482594,3.282804638626465,Molecular Medicine,Engineering
1313,23,8.069329413287967,11.205518739410078,3.1361893261221105,Molecular Medicine,Environmental Science
1313,24,7.297824742522101,7.451658782958182,0.15383404043608095,Molecular Medicine,Immunology and Microbiology
1313,25,13.468140960471095,14.496291524571012,1.0281505640999171,Molecular Medicine,Materials Science
1313,26,0.04365457651344667,0.04999949785296274,0.006344921339516071,Molecular Medicine,Mathematics
1313,27,37.60712680520084,31.24511901123901,-6.362007793961833,Molecular Medicine,Medicine
1313,28,0.8345612812852908,1.1511720829202576,0.3166108016349668,Molecular Medicine,Neuroscience
1313,29,0.9842229387588096,0.926234121991123,-0.057988816767686635,Molecular Medicine,Nursing
1313,30,3.683922089880705,3.489886041316658,-0.1940360485640471,Molecular Medicine,"Pharmacology, Toxicology and Pharmaceutics"
1313,31,0.6317004983115145,0.5483445646887334,-0.08335593362278115,Molecular Medicine,Physics and Astronomy
1313,32,0.061922217402138054,0.06977452641556446,0.007852309013426408,Molecular Medicine,Psychology
1313,33,0.13718333318338483,0.1636879782651633,0.026504645081778466,Molecular Medicine,Social Sciences
1313,34,0.46471000804636775,0.28121429674785664,-0.1834957112985111,Molecular Medicine,Veterinary
1313,35,0.49009694367112305,0.6198287822073523,0.12973183853622922,Molecular Medicine,Dentistry
1313,36,0.5384846776739308,0.5786527251519712,0.04016804747804037,Molecular Medicine,Health Professions
1314,11,14.036472889115345,13.608526539733775,-0.4279463493815694,Physiology,Agricultural and Biological Sciences
1314,12,0.030198243230926517,0.025224553580455215,-0.004973689650471302,Physiology,Arts and Humanities
1314,13,0.0,0.0,0.0,Physiology,"Biochemistry, Genetics and Molecular Biology"
1314,14,0.013616662402308683,0.03199114017584717,0.01837447777353849,Physiology,"Business, Management and Accounting"
1314,15,0.15805577487410993,0.1748501991838856,0.01679442430977568,Physiology,Chemical Engineering
1314,16,2.6398389134196236,2.6228330657061583,-0.01700584771346536,Physiology,Chemistry
1314,17,0.2819234780176922,0.36695719613471756,0.08503371811702537,Physiology,Computer Science
1314,18,0.013470246677552675,0.01655611572304481,0.003085869045492136,Physiology,Decision Sciences
1314,19,1.2829311842433253,1.0787100163298955,-0.2042211679134298,Physiology,Earth and Planetary Sciences
1314,20,0.02694049335510535,0.02882806123480596,0.0018875678797006107,Physiology,"Economics, Econometrics and Finance"
1314,21,0.29813901953441996,0.4974642316831203,0.19932521214870036,Physiology,Energy
1314,22,4.662791774511,5.843488051269105,1.1806962767581055,Physiology,Engineering
1314,23,13.201500614763024,11.182384933494264,-2.01911568126876,Physiology,Environmental Science
1314,24,7.048709217272517,8.103848285921517,1.0551390686489999,Physiology,Immunology and Microbiology
1314,25,1.972768871431254,2.6565458817613066,0.6837770103300527,Physiology,Materials Science
1314,26,0.05933497245737198,0.05769616144354915,-0.0016388110138228287,Physiology,Mathematics
1314,27,36.460736610190466,38.79750549184576,2.3367688816552956,Physiology,Medicine
1314,28,12.55954086957031,9.941937481944924,-2.617603387625385,Physiology,Neuroscience
1314,29,1.315069435827269,1.396399255034851,0.08132981920758198,Physiology,Nursing
1314,30,0.7328473063350057,0.8949511454449761,0.1621038391099704,Physiology,"Pharmacology, Toxicology and Pharmaceutics"
1314,31,1.3088467675251387,1.0668985190184126,-0.24194824850672614,Physiology,Physics and Astronomy
1314,32,0.896466878749844,0.6672495006639463,-0.2292173780858977,Physiology,Psychology
1314,33,0.1456470422010383,0.1446608128352138,-0.0009862293658245147,Physiology,Social Sciences
1314,34,0.16398561172672824,0.15326919223171837,-0.010716419495009871,Physiology,Veterinary
1314,35,0.06775387663084241,0.10800513219567927,0.04025125556483686,Physiology,Dentistry
1314,36,0.6224132459377872,0.5332190354090672,-0.08919421052872001,Physiology,Health Professions
1315,11,1.2456626986970185,1.443351294754584,0.1976885960575654,Structural Biology,Agricultural and Biological Sciences
1315,12,0.1175037615533424,0.08794499208335461,-0.029558769469987783,Structural Biology,Arts and Humanities
1315,13,0.0,0.0,0.0,Structural Biology,"Biochemistry, Genetics and Molecular Biology"
1315,14,0.012487333544867401,0.019073369426426273,0.0065860358815588715,Structural Biology,"Business, Management and Accounting"
1315,15,0.564795954922773,0.5453068338525972,-0.019489121070175863,Structural Biology,Chemical Engineering
1315,16,3.3705565051842905,3.7094910363144185,0.33893453113012795,Structural Biology,Chemistry
1315,17,1.5132191731747509,2.2642244241278924,0.7510052509531415,Structural Biology,Computer Science
1315,18,0.07697110512901872,0.10414538536186731,0.027174280232848583,Structural Biology,Decision Sciences
1315,19,1.6647048588010114,1.4559604678482048,-0.2087443909528066,Structural Biology,Earth and Planetary Sciences
1315,20,0.007983705053275877,0.014125466060575107,0.00614176100729923,Structural Biology,"Economics, Econometrics and Finance"
1315,21,0.8917184413351211,1.4752732519536238,0.5835548106185027,Structural Biology,Energy
1315,22,25.58245222571367,24.290374891465348,-1.2920773342483223,Structural Biology,Engineering
1315,23,1.9033971688553617,2.0114823280044947,0.10808515914913297,Structural Biology,Environmental Science
1315,24,0.934707622391222,1.2782349711425507,0.34352734875132873,Structural Biology,Immunology and Microbiology
1315,25,25.36873458274906,24.633296516676033,-0.7354380660730264,Structural Biology,Materials Science
1315,26,0.14657263636270587,0.16120588385515092,0.014633247492445045,Structural Biology,Mathematics
1315,27,6.467210513925424,8.776303692732009,2.3090931788065854,Structural Biology,Medicine
1315,28,1.6647048588010114,2.37331771285561,0.7086128540545988,Structural Biology,Neuroscience
1315,29,0.19099479012067677,0.23255145819500483,0.04155666807432806,Structural Biology,Nursing
1315,30,0.11668492000941667,0.1677498850809541,0.05106496507153742,Structural Biology,"Pharmacology, Toxicology and Pharmaceutics"
1315,31,27.93948760990389,24.730578681240104,-3.208908928663785,Structural Biology,Physics and Astronomy
1315,32,0.02947829558132632,0.042775422646713315,0.013297127065386997,Structural Biology,Psychology
1315,33,0.039099683722453656,0.0450099596506461,0.005910275928192446,Structural Biology,Social Sciences
1315,34,0.02354169438786477,0.024899126615251035,0.0013574322273862648,Structural Biology,Veterinary
1315,35,0.09826098527108773,0.08555084529342663,-0.0127101399776611,Structural Biology,Dentistry
1315,36,0.02906887480936345,0.027772102763164615,-0.0012967720461988345,Structural Biology,Health Professions
1402,11,0.8467154442016827,1.0330102292254146,0.18629478502373198,Accounting,Agricultural and Biological Sciences
1402,12,0.5823475796999372,0.5250724948223094,-0.05727508487762778,Accounting,Arts and Humanities
1402,13,0.11572132837481522,0.12691885170633954,0.011197523331524323,Accounting,"Biochemistry, Genetics and Molecular Biology"
1402,14,0.0,0.0,0.0,Accounting,"Business, Management and Accounting"
1402,15,0.008299431600420274,0.013962981524626418,0.005663549924206144,Accounting,Chemical Engineering
1402,16,0.11430918628160937,0.09537992247266158,-0.018929263808947785,Accounting,Chemistry
1402,17,2.682847007286901,4.470097696751943,1.7872506894650422,Accounting,Computer Science
1402,18,6.503360278821263,6.6519000088356695,0.14853973001440668,Accounting,Decision Sciences
1402,19,0.11601862144706906,0.14239617879341476,0.026377557346345698,Accounting,Earth and Planetary Sciences
1402,20,57.92844700788149,52.06605026840284,-5.862396739478648,Accounting,"Economics, Econometrics and Finance"
1402,21,0.2766064293095294,0.5417899159132797,0.26518348660375035,Accounting,Energy
1402,22,2.2666367061314965,3.384800811689222,1.1181641055577254,Accounting,Engineering
1402,23,0.9230702149255492,1.8302595099410826,0.9071892950155334,Accounting,Environmental Science
1402,24,0.011594429817900561,0.013915285601399685,0.0023208557834991234,Accounting,Immunology and Microbiology
1402,25,1.4590153009311964,1.0818866265520104,-0.37712867437918596,Accounting,Materials Science
1402,26,0.31728603136293265,0.3775847762244408,0.06029874486150816,Accounting,Mathematics
1402,27,0.6299887945286183,0.769168305915928,0.13917951138730966,Accounting,Medicine
1402,28,0.17745918971286692,0.23359078400293043,0.05613159429006351,Accounting,Neuroscience
1402,29,0.05690684891392647,0.0636621335268834,0.006755284612956922,Accounting,Nursing
1402,30,0.03490716156714079,0.029476080554121698,-0.0054310810130190935,Accounting,"Pharmacology, Toxicology and Pharmaceutics"
1402,31,1.0789508824773233,0.9219145000495442,-0.15703638242777906,Accounting,Physics and Astronomy
1402,32,1.8929640887310812,2.545340638917894,0.6523765501868128,Accounting,Psychology
1402,33,19.846393624450968,20.991035431989726,1.1446418075387577,Accounting,Social Sciences
1402,34,0.004409847238432265,0.004507264744926376,9.741750649411123e-05,Accounting,Veterinary
1402,35,0.004756689156061768,0.008835669777752499,0.00407898062169073,Accounting,Dentistry
1402,36,2.1209878751497926,2.077443632063632,-0.04354424308616078,Accounting,Health Professions
1403,11,13.779819376987145,12.506173546931235,-1.2736458300559104,Business and International Management,Agricultural and Biological Sciences
1403,12,0.8119258002223653,0.5577339194451039,-0.2541918807772614,Business and International Management,Arts and Humanities
1403,13,1.4385472136071937,6.8216897736957325,5.3831425600885385,Business and International Management,"Biochemistry, Genetics and Molecular Biology"
1403,14,0.0,0.0,0.0,Business and International Management,"Business, Management and Accounting"
1403,15,0.014141650574443599,0.018190930184119502,0.004049279609675903,Business and International Management,Chemical Engineering
1403,16,0.055591316051261046,0.08986319510955032,0.034271879058289274,Business and International Management,Chemistry
1403,17,6.338385316090273,7.002507619725881,0.6641223036356081,Business and International Management,Computer Science
1403,18,6.900150194081964,5.0538042237520795,-1.8463459703298843,Business and International Management,Decision Sciences
1403,19,0.09752862465133516,0.10223302763475159,0.004704402983416428,Business and International Management,Earth and Planetary Sciences
1403,20,18.641621315856206,15.357238034688283,-3.2843832811679228,Business and International Management,"Economics, Econometrics and Finance"
1403,21,0.8572766106852361,1.1162864307484932,0.2590098200632571,Business and International Management,Energy
1403,22,5.838063471628923,7.216251049389285,1.3781875777603627,Business and International Management,Engineering
1403,23,6.511010981723135,8.696719902423851,2.1857089207007157,Business and International Management,Environmental Science
1403,24,0.23504398540971777,0.41975571399855743,0.18471172858883966,Business and International Management,Immunology and Microbiology
1403,25,0.09655333840482182,0.19855400295966433,0.10200066455484251,Business and International Management,Materials Science
1403,26,0.07948582909083816,0.2114695633903892,0.13198373429955101,Business and International Management,Mathematics
1403,27,2.7824916613025925,4.13443461224668,1.3519429509440872,Business and International Management,Medicine
1403,28,0.27064193340745507,0.5726504821960818,0.30200854878862676,Business and International Management,Neuroscience
1403,29,0.7421928335966607,0.7015332225505685,-0.04065961104609217,Business and International Management,Nursing
1403,30,0.07217118224198803,0.05284465218486715,-0.01932653005712088,Business and International Management,"Pharmacology, Toxicology and Pharmaceutics"
1403,31,0.20676068426083055,0.17254097279637345,-0.0342197114644571,Business and International Management,Physics and Astronomy
1403,32,2.8341818323678,3.5593283544757415,0.7251465221079414,Business and International Management,Psychology
1403,33,29.515575321356817,23.643388642856557,-5.87218667850026,Business and International Management,Social Sciences
1403,34,0.033647375504710635,0.03801904408480975,0.004371668580099117,Business and International Management,Veterinary
1403,35,0.010728148711646868,0.02319343598475236,0.012465287273105493,Business and International Management,Dentistry
1403,36,1.8364640021846412,1.7335956465465885,-0.10286835563805274,Business and International Management,Health Professions
1404,11,0.8748563002277708,1.6781413450090887,0.8032850447813179,Management Information Systems,Agricultural and Biological Sciences
1404,12,0.4890492715630238,0.45589922541523853,-0.03315004614778527,Management Information Systems,Arts and Humanities
1404,13,0.40192289097081957,0.3761440825821703,-0.025778808388649266,Management Information Systems,"Biochemistry, Genetics and Molecular Biology"
1404,14,0.0,0.0,0.0,Management Information Systems,"Business, Management and Accounting"
1404,15,0.021353517555546004,0.02092295177452261,-0.0004305657810233926,Management Information Systems,Chemical Engineering
1404,16,0.08215732304783188,0.07836474651818798,-0.003792576529643904,Management Information Systems,Chemistry
1404,17,27.459146289054104,20.805086371251562,-6.654059917802542,Management Information Systems,Computer Science
1404,18,18.76967478189866,16.882158551749797,-1.887516230148865,Management Information Systems,Decision Sciences
1404,19,0.13661550775710174,0.18870860827862068,0.05209310052151894,Management Information Systems,Earth and Planetary Sciences
1404,20,6.815196720959216,9.310227738540496,2.4950310175812795,Management Information Systems,"Economics, Econometrics and Finance"
1404,21,0.16391174953801196,0.6655475372312117,0.5016357876931998,Management Information Systems,Energy
1404,22,17.274223484034554,18.785946142077396,1.5117226580428422,Management Information Systems,Engineering
1404,23,1.504482895698139,3.4702616843126943,1.9657787886145552,Management Information Systems,Environmental Science
1404,24,0.016485184150586616,0.02710435225874907,0.010619168108162453,Management Information Systems,Immunology and Microbiology
1404,25,0.13255296746744596,0.17451986516171064,0.04196689769426468,Management Information Systems,Materials Science
1404,26,1.5353380570716404,1.117627360721237,-0.41771069635040337,Management Information Systems,Mathematics
1404,27,1.0149300034380506,1.899264614363531,0.8843346109254804,Management Information Systems,Medicine
1404,28,0.1991316236194078,0.2718978624918147,0.07276623887240688,Management Information Systems,Neuroscience
1404,29,0.09552005887661696,0.09255348963509803,-0.002966569241518932,Management Information Systems,Nursing
1404,30,0.03854377068202329,0.03934989088739281,0.0008061202053695204,Management Information Systems,"Pharmacology, Toxicology and Pharmaceutics"
1404,31,0.546932077012334,0.4835731376102036,-0.06335893940213044,Management Information Systems,Physics and Astronomy
1404,32,2.955514848081138,2.796706804448799,-0.15880804363233914,Management Information Systems,Psychology
1404,33,16.51204392109674,16.5085774888806,-0.0034664322161397365,Management Information Systems,Social Sciences
1404,34,0.006479919635566633,0.010670872922634831,0.004190953287068198,Management Information Systems,Veterinary
1404,35,0.009065172547165757,0.019800583664920518,0.010735411117754761,Management Information Systems,Dentistry
1404,36,2.9448716640165027,3.8409446922123234,0.8960730281958207,Management Information Systems,Health Professions
1405,11,1.8089561823937654,2.186691357895132,0.3777351755013665,Management of Technology and Innovation,Agricultural and Biological Sciences
1405,12,0.9317372795379284,0.8313310054800481,-0.10040627405788027,Management of Technology and Innovation,Arts and Humanities
1405,13,1.2072840885138103,0.8837218313540122,-0.32356225715979814,Management of Technology and Innovation,"Biochemistry, Genetics and Molecular Biology"
1405,14,0.0,0.0,0.0,Management of Technology and Innovation,"Business, Management and Accounting"
1405,15,0.022309688018958804,0.028980441431052585,0.006670753412093781,Management of Technology and Innovation,Chemical Engineering
1405,16,0.08662856782637646,0.08189598281839233,-0.004732585007984125,Management of Technology and Innovation,Chemistry
1405,17,8.855665675781626,8.936914261081487,0.08124858529986057,Management of Technology and Innovation,Computer Science
1405,18,10.215128430914826,8.418818235720774,-1.7963101951940512,Management of Technology and Innovation,Decision Sciences
1405,19,0.10888900708591151,0.16996746360189752,0.06107845651598601,Management of Technology and Innovation,Earth and Planetary Sciences
1405,20,15.66125324303081,14.139730933957287,-1.5215223090735233,Management of Technology and Innovation,"Economics, Econometrics and Finance"
1405,21,0.21364111838022803,0.4711743496453932,0.25753323126516514,Management of Technology and Innovation,Energy
1405,22,13.197830296654828,14.302352380371927,1.1045220837170984,Management of Technology and Innovation,Engineering
1405,23,1.9034153029685184,4.388498558848661,2.4850832558801423,Management of Technology and Innovation,Environmental Science
1405,24,0.2988414721833157,0.2066571868063917,-0.092184285376924,Management of Technology and Innovation,Immunology and Microbiology
1405,25,0.20123043100544297,0.3280279213233486,0.12679749031790566,Management of Technology and Innovation,Materials Science
1405,26,0.43565452586249354,0.3902672537560549,-0.045387272106438614,Management of Technology and Innovation,Mathematics
1405,27,10.603504147730519,8.431815035359772,-2.1716891123707462,Management of Technology and Innovation,Medicine
1405,28,0.4798306630655974,0.45817755000639754,-0.02165311305919987,Management of Technology and Innovation,Neuroscience
1405,29,0.1652788366261054,0.1780400099615222,0.012761173335416792,Management of Technology and Innovation,Nursing
1405,30,0.2039391127737492,0.12532628223317308,-0.07861283054057613,Management of Technology and Innovation,"Pharmacology, Toxicology and Pharmaceutics"
1405,31,0.322628622984987,0.33597937948757894,0.013350756502591932,Management of Technology and Innovation,Physics and Astronomy
1405,32,6.246712645308464,6.188393857922376,-0.058318787386087756,Management of Technology and Innovation,Psychology
1405,33,24.77099326867956,26.08237710658143,1.311383837901868,Management of Technology and Innovation,Social Sciences
1405,34,0.020388986401432548,0.024964349617139305,0.004575363215706757,Management of Technology and Innovation,Veterinary
1405,35,0.024378135914756308,0.02795119177020044,0.003573055855444131,Management of Technology and Innovation,Dentistry
1405,36,2.01388027035599,2.381946072968554,0.36806580261256405,Management of Technology and Innovation,Health Professions
1406,11,3.4958631771917914,4.408828746059653,0.9129655688678615,Marketing,Agricultural and Biological Sciences
1406,12,3.456262061495511,2.437238554602159,-1.019023506893352,Marketing,Arts and Humanities
1406,13,0.2566444697010148,0.27317084327535046,0.016526373574335673,Marketing,"Biochemistry, Genetics and Molecular Biology"
1406,14,0.0,0.0,0.0,Marketing,"Business, Management and Accounting"
1406,15,0.009375866075764626,0.012579295765688562,0.0032034296899239364,Marketing,Chemical Engineering
1406,16,0.03197329244820073,0.04775435575984205,0.015781063311641322,Marketing,Chemistry
1406,17,5.987777684548827,6.8093913019683425,0.8216136174195157,Marketing,Computer Science
1406,18,14.870250726550163,10.630648494349169,-4.239602232200994,Marketing,Decision Sciences
1406,19,0.08727501099677851,0.0864622374544243,-0.000812773542354206,Marketing,Earth and Planetary Sciences
1406,20,13.997119225419974,10.502660286213693,-3.4944589392062806,Marketing,"Economics, Econometrics and Finance"
1406,21,0.4783598654451979,0.9866987220885389,0.5083388566433411,Marketing,Energy
1406,22,4.6168989338845705,7.514352598681359,2.897453664796789,Marketing,Engineering
1406,23,3.891492942992192,8.155621000113234,4.264128057121042,Marketing,Environmental Science
1406,24,0.01802073242358828,0.018184842336600105,0.00016410991301182495,Marketing,Immunology and Microbiology
1406,25,0.10373839617388385,0.2380774670199352,0.13433907084605134,Marketing,Materials Science
1406,26,0.3362280922559796,0.2649616275321576,-0.07126646472382203,Marketing,Mathematics
1406,27,2.509077109665215,2.4324498454186294,-0.07662726424658572,Marketing,Medicine
1406,28,1.1046677193062748,1.3429521381280192,0.23828441882174434,Marketing,Neuroscience
1406,29,0.26449477112716346,0.25825335048827985,-0.00624142063888361,Marketing,Nursing
1406,30,0.1822414104353707,0.08812654363121589,-0.09411486680415482,Marketing,"Pharmacology, Toxicology and Pharmaceutics"
1406,31,0.3366094834183836,0.31621817359040155,-0.02039130982798204,Marketing,Physics and Astronomy
1406,32,10.152187786837937,9.10701192613217,-1.0451758607057666,Marketing,Psychology
1406,33,31.76314591771613,32.1575912118916,0.39444529417546903,Marketing,Social Sciences
1406,34,0.03893368116207344,0.050603076148338075,0.011669394986264632,Marketing,Veterinary
1406,35,0.05145602432767095,0.04266954302338677,-0.00878648130428418,Marketing,Dentistry
1406,36,1.9599056184003438,1.8174938183278093,-0.1424118000725345,Marketing,Health Professions
1407,11,0.9656991277437191,1.170656464245512,0.20495733650179282,Organizational Behavior and Human Resource Management,Agricultural and Biological Sciences
1407,12,1.3450953667218664,1.1777927901977978,-0.16730257652406855,Organizational Behavior and Human Resource Management,Arts and Humanities
1407,13,0.5432376188667366,0.6719840933022126,0.12874647443547604,Organizational Behavior and Human Resource Management,"Biochemistry, Genetics and Molecular Biology"
1407,14,0.0,0.0,0.0,Organizational Behavior and Human Resource Management,"Business, Management and Accounting"
1407,15,0.00748808366404238,0.010691199680845429,0.003203116016803049,Organizational Behavior and Human Resource Management,Chemical Engineering
1407,16,0.02522394379788924,0.037422521194854855,0.012198577396965615,Organizational Behavior and Human Resource Management,Chemistry
1407,17,3.791202696975711,4.286387006411597,0.49518430943588587,Organizational Behavior and Human Resource Management,Computer Science
1407,18,10.491262232514138,8.043662620290117,-2.447599612224021,Organizational Behavior and Human Resource Management,Decision Sciences
1407,19,0.03691308848471596,0.06299767816910846,0.026084589684392506,Organizational Behavior and Human Resource Management,Earth and Planetary Sciences
1407,20,5.438897500966331,5.278097107322834,-0.1608003936434974,Organizational Behavior and Human Resource Management,"Economics, Econometrics and Finance"
1407,21,0.06076597471031575,0.1150383717057035,0.054272396995387745,Organizational Behavior and Human Resource Management,Energy
1407,22,3.146366196470089,4.03664882120055,0.8902826247304607,Organizational Behavior and Human Resource Management,Engineering
1407,23,1.1880389640499915,2.1836958075281063,0.9956568434781148,Organizational Behavior and Human Resource Management,Environmental Science
1407,24,0.1845127094400302,0.22403013576095993,0.03951742632092972,Organizational Behavior and Human Resource Management,Immunology and Microbiology
1407,25,0.019353004962701082,0.04763530796269788,0.0282823029999968,Organizational Behavior and Human Resource Management,Materials Science
1407,26,0.2112131767773081,0.26026991392089216,0.04905673714358405,Organizational Behavior and Human Resource Management,Mathematics
1407,27,8.919801745075047,10.568692751997856,1.6488910069228098,Organizational Behavior and Human Resource Management,Medicine
1407,28,0.6615528562908428,0.8602129960734924,0.19866013978264963,Organizational Behavior and Human Resource Management,Neuroscience
1407,29,0.9762808797760043,0.9358022363278725,-0.04047864344813179,Organizational Behavior and Human Resource Management,Nursing
1407,30,0.15057024569527472,0.12189562345873799,-0.02867462223653673,Organizational Behavior and Human Resource Management,"Pharmacology, Toxicology and Pharmaceutics"
1407,31,0.19302029745269808,0.1881358780381961,-0.004884419414501989,Organizational Behavior and Human Resource Management,Physics and Astronomy
1407,32,14.163727828197345,14.152384213942002,-0.011343614255343581,Organizational Behavior and Human Resource Management,Psychology
1407,33,37.38815993351425,35.72458725424277,-1.663572679271482,Organizational Behavior and Human Resource Management,Social Sciences
1407,34,0.01270864903545221,0.017003592282960507,0.0042949432475082976,Organizational Behavior and Human Resource Management,Veterinary
1407,35,0.07793934968630027,0.12697211603559685,0.04903276634929658,Organizational Behavior and Human Resource Management,Dentistry
1407,36,10.000968529131194,9.697303498706724,-0.3036650304244706,Organizational Behavior and Human Resource Management,Health Professions
1408,11,2.4196578639633084,3.3957019239164548,0.9760440599531464,Strategy and Management,Agricultural and Biological Sciences
1408,12,0.8893282780539661,0.7405498002736495,-0.1487784777803166,Strategy and Management,Arts and Humanities
1408,13,0.23036716104079266,0.27378827105149883,0.04342111001070617,Strategy and Management,"Biochemistry, Genetics and Molecular Biology"
1408,14,0.0,0.0,0.0,Strategy and Management,"Business, Management and Accounting"
1408,15,0.01852836922424494,0.040338101585664955,0.021809732361420014,Strategy and Management,Chemical Engineering
1408,16,0.050367732945330104,0.08320948037001671,0.03284174742468661,Strategy and Management,Chemistry
1408,17,5.169799627726936,5.773283211923421,0.6034835841964856,Strategy and Management,Computer Science
1408,18,12.614157245988682,11.087946084087868,-1.5262111619008145,Strategy and Management,Decision Sciences
1408,19,0.07026733527100834,0.12898198208327555,0.05871464681226721,Strategy and Management,Earth and Planetary Sciences
1408,20,27.630363716235685,21.591121564407636,-6.039242151828049,Strategy and Management,"Economics, Econometrics and Finance"
1408,21,0.4376909170355479,1.0675091305556679,0.62981821352012,Strategy and Management,Energy
1408,22,7.561397380175548,11.520574305739768,3.9591769255642193,Strategy and Management,Engineering
1408,23,3.3656749251131144,7.815000526782848,4.449325601669734,Strategy and Management,Environmental Science
1408,24,0.017040079638542954,0.02519396227735096,0.008153882638808004,Strategy and Management,Immunology and Microbiology
1408,25,0.3675406382488082,0.4961891876397727,0.12864854939096448,Strategy and Management,Materials Science
1408,26,0.264714877996207,0.3094623663973897,0.0447474884011827,Strategy and Management,Mathematics
1408,27,0.9796624391996078,1.2510988523629645,0.27143641316335665,Strategy and Management,Medicine
1408,28,0.2581931595869511,0.29117418716851373,0.03298102758156263,Strategy and Management,Neuroscience
1408,29,0.13441428865025346,0.13683167115646672,0.0024173825062132615,Strategy and Management,Nursing
1408,30,0.07123723185494896,0.052365962915320384,-0.018871268939628573,Strategy and Management,"Pharmacology, Toxicology and Pharmaceutics"
1408,31,0.5704998596158307,0.5203490175812213,-0.0501508420346094,Strategy and Management,Physics and Astronomy
1408,32,4.099619081477835,3.697613042116115,-0.40200603936171975,Strategy and Management,Psychology
1408,33,30.68103964218174,27.24873464539047,-3.43230499679127,Strategy and Management,Social Sciences
1408,34,0.013963166337765818,0.021765362452278957,0.007802196114513139,Strategy and Management,Veterinary
1408,35,0.006254160730927444,0.013589470561722638,0.007335309830795194,Strategy and Management,Dentistry
1408,36,2.0782208217064193,2.4176278892026453,0.33940706749622596,Strategy and Management,Health Professions
1409,11,22.657755603126176,27.756859656032557,5.09910405290638,"Tourism, Leisure and Hospitality Management",Agricultural and Biological Sciences
1409,12,2.4350913861591965,2.1036103452802943,-0.3314810408789022,"Tourism, Leisure and Hospitality Management",Arts and Humanities
1409,13,2.2345081778392077,2.547144545096495,0.31263636725728716,"Tourism, Leisure and Hospitality Management","Biochemistry, Genetics and Molecular Biology"
1409,14,0.0,0.0,0.0,"Tourism, Leisure and Hospitality Management","Business, Management and Accounting"
1409,15,0.017136660654788995,0.02447157673624787,0.007334916081458875,"Tourism, Leisure and Hospitality Management",Chemical Engineering
1409,16,0.33851928014788096,0.34522777996586584,0.006708499817984881,"Tourism, Leisure and Hospitality Management",Chemistry
1409,17,1.554660328911513,2.0884862806879347,0.5338259517764217,"Tourism, Leisure and Hospitality Management",Computer Science
1409,18,5.021322500716368,3.286858343179729,-1.7344641575366393,"Tourism, Leisure and Hospitality Management",Decision Sciences
1409,19,0.16041038088335272,0.24807667060522515,0.08766628972187243,"Tourism, Leisure and Hospitality Management",Earth and Planetary Sciences
1409,20,9.456065535085207,6.683891295785742,-2.7721742392994653,"Tourism, Leisure and Hospitality Management","Economics, Econometrics and Finance"
1409,21,0.21659615352200515,0.21845871077852175,0.0018625572565166004,"Tourism, Leisure and Hospitality Management",Energy
1409,22,1.4481882897612666,1.8805303925429961,0.4323421027817296,"Tourism, Leisure and Hospitality Management",Engineering
1409,23,3.0292559318129464,4.82216095575686,1.7929050239439133,"Tourism, Leisure and Hospitality Management",Environmental Science
1409,24,0.046072333563695,0.03213863725876329,-0.013933696304931707,"Tourism, Leisure and Hospitality Management",Immunology and Microbiology
1409,25,0.04466768924772869,0.06553761323355652,0.020869923985827828,"Tourism, Leisure and Hospitality Management",Materials Science
1409,26,0.23036166781847503,0.1983983195483786,-0.03196334827009642,"Tourism, Leisure and Hospitality Management",Mathematics
1409,27,5.632061849298521,4.42189838519102,-1.2101634641075005,"Tourism, Leisure and Hospitality Management",Medicine
1409,28,0.806827695091049,1.0510174609426282,0.24418976585157914,"Tourism, Leisure and Hospitality Management",Neuroscience
1409,29,0.7231108938594569,0.7503216489431535,0.027210755083696525,"Tourism, Leisure and Hospitality Management",Nursing
1409,30,0.1233277709418421,0.1014572666404096,-0.02187050430143249,"Tourism, Leisure and Hospitality Management","Pharmacology, Toxicology and Pharmaceutics"
1409,31,0.172490322000663,0.18474465012472102,0.012254328124058023,"Tourism, Leisure and Hospitality Management",Physics and Astronomy
1409,32,7.051876323877268,5.9339897597479325,-1.1178865641293356,"Tourism, Leisure and Hospitality Management",Psychology
1409,33,34.66409335827982,33.42586320073519,-1.2382301575446277,"Tourism, Leisure and Hospitality Management",Social Sciences
1409,34,0.14439743568133678,0.13506629906787448,-0.009331136613462299,"Tourism, Leisure and Hospitality Management",Veterinary
1409,35,0.01910316269714183,0.013443612970985954,-0.005659549726155877,"Tourism, Leisure and Hospitality Management",Dentistry
1409,36,1.7720992690230981,1.6803465931469082,-0.09175267587618996,"Tourism, Leisure and Hospitality Management",Health Professions
1410,11,2.227331513148441,1.493940660259089,-0.733390852889352,Industrial relations,Agricultural and Biological Sciences
1410,12,3.987641902572209,3.787087338069369,-0.20055456450283993,Industrial relations,Arts and Humanities
1410,13,0.3017674953297888,0.20894274968658588,-0.09282474564320292,Industrial relations,"Biochemistry, Genetics and Molecular Biology"
1410,14,0.0,0.0,0.0,Industrial relations,"Business, Management and Accounting"
1410,15,0.028739761459979883,0.010447137484329294,-0.01829262397565059,Industrial relations,Chemical Engineering
1410,16,0.035924701824974856,0.01567070622649394,-0.020253995598480914,Industrial relations,Chemistry
1410,17,1.4010633711740192,1.4991642290012537,0.09810085782723443,Industrial relations,Computer Science
1410,18,0.9196723667193563,0.6424989552862516,-0.2771734114331047,Industrial relations,Decision Sciences
1410,19,0.17243856875987928,0.20371918094442124,0.03128061218454195,Industrial relations,Earth and Planetary Sciences
1410,20,12.38683718925133,8.357709987463435,-4.029127201787894,Industrial relations,"Economics, Econometrics and Finance"
1410,21,0.07184940364994971,0.08357709987463435,0.011727696224684642,Industrial relations,Energy
1410,22,0.9268573070843512,1.436481404095278,0.5096240970109268,Industrial relations,Engineering
1410,23,2.38540020117833,2.3088173840367743,-0.0765828171415559,Industrial relations,Environmental Science
1410,24,0.07184940364994971,0.047012118679481824,-0.024837284970467888,Industrial relations,Immunology and Microbiology
1410,25,0.050294582554964794,0.05745925616381112,0.007164673608846324,Industrial relations,Materials Science
1410,26,0.26584279350481393,0.24028416213957376,-0.02555863136524017,Industrial relations,Mathematics
1410,27,1.7962350912487428,1.3737985791893021,-0.42243651205944066,Industrial relations,Medicine
1410,28,0.09340422474493462,0.3499791057250313,0.25657488098009673,Industrial relations,Neuroscience
1410,29,0.07903434401494468,0.05223568742164647,-0.026798656593298206,Industrial relations,Nursing
1410,30,0.007184940364994971,0.026117843710823235,0.018932903345828263,Industrial relations,"Pharmacology, Toxicology and Pharmaceutics"
1410,31,0.08621928437993964,0.10969494358545757,0.023475659205517932,Industrial relations,Physics and Astronomy
1410,32,2.2201465727834457,2.8207271207689093,0.6005805479854636,Industrial relations,Psychology
1410,33,63.601092110935475,67.41015461763476,3.8090625066992843,Industrial relations,Social Sciences
1410,34,0.07184940364994971,0.03134141245298788,-0.04050799119696183,Industrial relations,Veterinary
1410,35,0.007184940364994971,0.005223568742164647,-0.0019613716228303237,Industrial relations,Dentistry
1410,36,6.804138525650237,7.427914751358128,0.6237762257078909,Industrial relations,Health Professions
1502,11,1.6433013774409195,1.551685839574764,-0.09161553786615562,Bioengineering,Agricultural and Biological Sciences
1502,12,0.054331761281736085,0.048907902095343625,-0.00542385918639246,Bioengineering,Arts and Humanities
1502,13,7.162515131222801,7.235664745020358,0.07314961379755758,Bioengineering,"Biochemistry, Genetics and Molecular Biology"
1502,14,0.018530042108348684,0.01745684135703422,-0.0010732007513144654,Bioengineering,"Business, Management and Accounting"
1502,15,0.0,0.0,0.0,Bioengineering,Chemical Engineering
1502,16,21.99281596929392,17.422045272802343,-4.570770696491575,Bioengineering,Chemistry
1502,17,0.46512626336149276,0.5192887643796811,0.054162501018188314,Bioengineering,Computer Science
1502,18,0.06805040763625256,0.04308024397765106,-0.024970163658601496,Bioengineering,Decision Sciences
1502,19,0.8731079494620859,0.7214013557798348,-0.15170659368225115,Bioengineering,Earth and Planetary Sciences
1502,20,0.009252684141985029,0.007918297801169713,-0.0013343863408153151,Bioengineering,"Economics, Econometrics and Finance"
1502,21,2.389191088406806,2.7393913102561553,0.3502002218493492,Bioengineering,Energy
1502,22,30.37562443281046,35.675472615233446,5.299848182422984,Bioengineering,Engineering
1502,23,4.336005179529214,4.451481479545704,0.11547630001649001,Bioengineering,Environmental Science
1502,24,0.20230068608036067,0.1856880033868363,-0.016612682693524367,Bioengineering,Immunology and Microbiology
1502,25,20.969345734068483,21.715186929320698,0.7458411952522148,Bioengineering,Materials Science
1502,26,0.048163305187079404,0.04000961694254399,-0.008153688244535412,Bioengineering,Mathematics
1502,27,4.237112491419678,3.4367895091700684,-0.8003229822496096,Bioengineering,Medicine
1502,28,1.3005079353486584,1.312255329824543,0.011747394475884576,Bioengineering,Neuroscience
1502,29,0.37570832381334945,0.2971060320181467,-0.07860229179520273,Bioengineering,Nursing
1502,30,0.3396845402205544,0.32144891783263385,-0.018235622387920536,Bioengineering,"Pharmacology, Toxicology and Pharmaceutics"
1502,31,2.8866894093530573,2.0257775872972736,-0.8609118220557836,Bioengineering,Physics and Astronomy
1502,32,0.03678867214853248,0.03172545719676578,-0.005063214951766697,Bioengineering,Psychology
1502,33,0.041575394077986064,0.04085893931395659,-0.0007164547640294769,Bioengineering,Social Sciences
1502,34,0.04372201679892659,0.026799387442572743,-0.016922629356353844,Bioengineering,Veterinary
1502,35,0.07384875636522985,0.07340758588609149,-0.0004411704791383586,Bioengineering,Dentistry
1502,36,0.05670044842208426,0.05915203654438167,0.002451588122297413,Bioengineering,Health Professions
1503,11,0.42472818231794024,0.6086945469720212,0.18396636465408095,Catalysis,Agricultural and Biological Sciences
1503,12,0.02840572057793945,0.024935459827733496,-0.0034702607502059522,Catalysis,Arts and Humanities
1503,13,1.9985304216912765,1.6036239333206435,-0.394906488370633,Catalysis,"Biochemistry, Genetics and Molecular Biology"
1503,14,0.014599704914690937,0.029391462812725918,0.01479175789803498,Catalysis,"Business, Management and Accounting"
1503,15,0.0,0.0,0.0,Catalysis,Chemical Engineering
1503,16,23.317399673501306,17.543488016907695,-5.7739116565936115,Catalysis,Chemistry
1503,17,0.33704640659280066,0.7129604775987879,0.3759140710059872,Catalysis,Computer Science
1503,18,0.03774201256201219,0.03684335235469118,-0.0008986602073210101,Catalysis,Decision Sciences
1503,19,1.5267448213865,0.8705547020136897,-0.6561901193728104,Catalysis,Earth and Planetary Sciences
1503,20,0.022494824310618226,0.030238784263182883,0.007743959952564657,Catalysis,"Economics, Econometrics and Finance"
1503,21,5.954883361098533,12.016629591309629,6.061746230211096,Catalysis,Energy
1503,22,22.478720773437644,26.49928991436304,4.020569140925396,Catalysis,Engineering
1503,23,2.9564506885045394,4.185805792107866,1.2293551036033263,Catalysis,Environmental Science
1503,24,0.024207522168993988,0.028332310999654716,0.0041247888306607285,Catalysis,Immunology and Microbiology
1503,25,33.48825590546576,31.349531900290845,-2.138724005174918,Catalysis,Materials Science
1503,26,0.07730115577864258,0.04912951338631715,-0.028171642392325426,Catalysis,Mathematics
1503,27,1.1661592625206567,1.0541208419591162,-0.11203842056154056,Catalysis,Medicine
1503,28,0.08966599885374563,0.08459596838401577,-0.005070030469729855,Catalysis,Neuroscience
1503,29,0.06493631270353953,0.07688685625887606,0.011950543555336535,Catalysis,Nursing
1503,30,0.44214757273117655,0.3557917901208976,-0.08635578261027893,Catalysis,"Pharmacology, Toxicology and Pharmaceutics"
1503,31,5.484998437685369,2.7661943555681576,-2.7188040821172113,Catalysis,Physics and Astronomy
1503,32,0.006245081215296982,0.0061506458859063515,-9.443532939063057e-05,Catalysis,Psychology
1503,33,0.023163194206569742,0.027227766966023317,0.004064572759453575,Catalysis,Social Sciences
1503,34,0.0027152527023030356,0.0032909359906140995,0.0005756832883110638,Catalysis,Veterinary
1503,35,0.023852450661769744,0.0243831878109178,0.0005307371491480549,Catalysis,Dentistry
1503,36,0.008605262410375774,0.011907892526957684,0.00330263011658191,Catalysis,Health Professions
1504,11,6.229669993605605,5.243159123330307,-0.986510870275298,Chemical Health and Safety,Agricultural and Biological Sciences
1504,12,0.2286691317523423,0.20360523926857738,-0.02506389248376492,Chemical Health and Safety,Arts and Humanities
1504,13,11.294447996886207,7.11191803916483,-4.1825299577213775,Chemical Health and Safety,"Biochemistry, Genetics and Molecular Biology"
1504,14,1.10789846812533,1.5441144685081918,0.4362160003828617,Chemical Health and Safety,"Business, Management and Accounting"
1504,15,0.0,0.0,0.0,Chemical Health and Safety,Chemical Engineering
1504,16,4.939670271622786,4.379890200146976,-0.5597800714758101,Chemical Health and Safety,Chemistry
1504,17,1.241346715227001,1.7706307007305582,0.5292839855035572,Chemical Health and Safety,Computer Science
1504,18,4.277294336790013,6.919552154930186,2.6422578181401732,Chemical Health and Safety,Decision Sciences
1504,19,0.7047735550056994,0.8027493191544546,0.0979757641487552,Chemical Health and Safety,Earth and Planetary Sciences
1504,20,0.5164169145653201,0.4672977996801107,-0.049119114885209425,Chemical Health and Safety,"Economics, Econometrics and Finance"
1504,21,0.2439600767327421,0.4716206285393161,0.227660551806574,Chemical Health and Safety,Energy
1504,22,8.018710556312381,11.75593308260926,3.737222526296879,Chemical Health and Safety,Engineering
1504,23,16.85409658316884,17.58786149656335,0.7337649133945092,Chemical Health and Safety,Environmental Science
1504,24,1.3740999193750174,1.292093546016513,-0.08200637335850436,Chemical Health and Safety,Immunology and Microbiology
1504,25,3.9228224304262005,4.622833182034324,0.7000107516081231,Chemical Health and Safety,Materials Science
1504,26,0.3350107036614863,0.23775558725630053,-0.09725511640518575,Chemical Health and Safety,Mathematics
1504,27,20.35572298368039,15.558293347166385,-4.797429636514005,Chemical Health and Safety,Medicine
1504,28,1.4755761906085796,0.9739333419789911,-0.5016428486295885,Chemical Health and Safety,Neuroscience
1504,29,0.5873112958380827,0.44525137249816277,-0.14205992333991996,Chemical Health and Safety,Nursing
1504,30,1.000166810308877,0.726235248346518,-0.273931561962359,Chemical Health and Safety,"Pharmacology, Toxicology and Pharmaceutics"
1504,31,0.5741054797186466,0.526952837937146,-0.04715264178150058,Chemical Health and Safety,Physics and Astronomy
1504,32,1.4477744724623982,1.5467081658237152,0.09893369336131697,Chemical Health and Safety,Psychology
1504,33,2.7148377769746173,3.067911641378118,0.3530738644035005,Chemical Health and Safety,Social Sciences
1504,34,0.9292724290361144,1.5186097782388794,0.589337349202765,Chemical Health and Safety,Veterinary
1504,35,0.3322305318468681,0.32032161846712487,-0.011908913379743258,Chemical Health and Safety,Dentistry
1504,36,9.294114376268453,10.904768080231705,1.6106537039632514,Chemical Health and Safety,Health Professions
1506,11,2.456634034164889,3.2325284218948007,0.7758943877299118,Filtration and Separation,Agricultural and Biological Sciences
1506,12,0.06442676287729923,0.0857797146292708,0.021352951751971563,Filtration and Separation,Arts and Humanities
1506,13,7.195949842725959,6.806408263131631,-0.38954157959432756,Filtration and Separation,"Biochemistry, Genetics and Molecular Biology"
1506,14,0.0061309338867107325,0.016201525771325182,0.01007059188461445,Filtration and Separation,"Business, Management and Accounting"
1506,15,0.0,0.0,0.0,Filtration and Separation,Chemical Engineering
1506,16,30.154634622318888,24.419410959654666,-5.735223662664222,Filtration and Separation,Chemistry
1506,17,1.0760308541845702,1.1627982332678006,0.0867673790832304,Filtration and Separation,Computer Science
1506,18,0.07803951438847052,0.0656309080336591,-0.012408606354811419,Filtration and Separation,Decision Sciences
1506,19,3.6925887400723036,3.445858330323777,-0.24673040974852656,Filtration and Separation,Earth and Planetary Sciences
1506,20,0.013197094976479036,0.016319355049662095,0.0031222600731830585,Filtration and Separation,"Economics, Econometrics and Finance"
1506,21,1.3054732613346938,1.9335784575087,0.6281051961740063,Filtration and Separation,Energy
1506,22,18.582029297550847,23.1435555338226,4.561526236271753,Filtration and Separation,Engineering
1506,23,7.76862063339821,7.752930856012033,-0.01568977738617683,Filtration and Separation,Environmental Science
1506,24,0.2636301571285615,0.2788429871842985,0.015212830055736981,Filtration and Separation,Immunology and Microbiology
1506,25,14.130036068595796,15.785411674878386,1.6553756062825897,Filtration and Separation,Materials Science
1506,26,0.0868722157506809,0.06993167669295634,-0.016940539057724552,Filtration and Separation,Mathematics
1506,27,3.9325264747234066,3.965603277067889,0.03307680234448229,Filtration and Separation,Medicine
1506,28,0.2977139929733263,0.3140150267678663,0.01630103379454001,Filtration and Separation,Neuroscience
1506,29,0.6598547488239518,0.7102748898148962,0.050420140990944384,Filtration and Separation,Nursing
1506,30,1.0077592683613676,1.565067389510013,0.5573081211486453,Filtration and Separation,"Pharmacology, Toxicology and Pharmaceutics"
1506,31,7.00027952901958,4.976578485198581,-2.0237010438209992,Filtration and Separation,Physics and Astronomy
1506,32,0.012157953639748403,0.015494550101303722,0.003336596461555319,Filtration and Separation,Psychology
1506,33,0.030446841166207536,0.033875917521861754,0.0034290763556542175,Filtration and Separation,Social Sciences
1506,34,0.03408383584476475,0.034406149274377844,0.0003223134296130928,Filtration and Separation,Veterinary
1506,35,0.06744027275381807,0.07912236040323535,0.011682087649417278,Filtration and Separation,Dentistry
1506,36,0.0834430493394698,0.09037505648441031,0.006932007144940508,Filtration and Separation,Health Professions
1507,11,1.8389569910563552,1.6314743779661158,-0.2074826130902394,Fluid Flow and Transfer Processes,Agricultural and Biological Sciences
1507,12,0.039235886454703314,0.03647920162183125,-0.0027566848328720653,Fluid Flow and Transfer Processes,Arts and Humanities
1507,13,3.0429338305858544,2.260384745330097,-0.7825490852557575,Fluid Flow and Transfer Processes,"Biochemistry, Genetics and Molecular Biology"
1507,14,0.023907937038157738,0.041572892743471805,0.017664955705314067,Fluid Flow and Transfer Processes,"Business, Management and Accounting"
1507,15,0.0,0.0,0.0,Fluid Flow and Transfer Processes,Chemical Engineering
1507,16,12.673893601436065,8.205461916146122,-4.468431685289943,Fluid Flow and Transfer Processes,Chemistry
1507,17,0.962912774502353,0.7802976585627669,-0.18261511593958613,Fluid Flow and Transfer Processes,Computer Science
1507,18,0.2872005820956727,0.33809549261365945,0.05089491051798678,Fluid Flow and Transfer Processes,Decision Sciences
1507,19,2.273055510687886,2.145602253616416,-0.12745325707146993,Fluid Flow and Transfer Processes,Earth and Planetary Sciences
1507,20,0.06537278824865353,0.05817972133183416,-0.007193066916819368,Fluid Flow and Transfer Processes,"Economics, Econometrics and Finance"
1507,21,0.6155912115278394,1.2664032553849736,0.6508120438571342,Fluid Flow and Transfer Processes,Energy
1507,22,45.59930602861685,56.55377325985207,10.95446723123522,Fluid Flow and Transfer Processes,Engineering
1507,23,2.657903069345536,3.347197011552352,0.6892939422068158,Fluid Flow and Transfer Processes,Environmental Science
1507,24,0.04592278072208077,0.03548837403378611,-0.010434406688294658,Fluid Flow and Transfer Processes,Immunology and Microbiology
1507,25,18.918048294032815,15.174231449230483,-3.743816844802332,Fluid Flow and Transfer Processes,Materials Science
1507,26,0.9758896241079942,0.803282067541786,-0.1726075565662082,Fluid Flow and Transfer Processes,Mathematics
1507,27,2.247987290626165,2.181900036102408,-0.06608725452375719,Fluid Flow and Transfer Processes,Medicine
1507,28,0.12784486893839903,0.09813379717089417,-0.029711071767504857,Fluid Flow and Transfer Processes,Neuroscience
1507,29,0.23456037334243646,0.17865598284723935,-0.055904390495197104,Fluid Flow and Transfer Processes,Nursing
1507,30,0.48734940366032653,0.37337453687532335,-0.11397486678500318,Fluid Flow and Transfer Processes,"Pharmacology, Toxicology and Pharmaceutics"
1507,31,6.733488790902649,4.308271861319863,-2.4252169295827857,Fluid Flow and Transfer Processes,Physics and Astronomy
1507,32,0.013160052188309047,0.01539271591005351,0.002232663721744462,Fluid Flow and Transfer Processes,Psychology
1507,33,0.06314382349286106,0.073698035105161,0.01055421161229994,Fluid Flow and Transfer Processes,Social Sciences
1507,34,0.008671588912946102,0.006796239934901233,-0.0018753489780448688,Fluid Flow and Transfer Processes,Veterinary
1507,35,0.03077803388820307,0.0386422759337608,0.007864242045557732,Fluid Flow and Transfer Processes,Dentistry
1507,36,0.03288486358888364,0.047210841272630116,0.01432597768374648,Fluid Flow and Transfer Processes,Health Professions
1508,11,3.4905288942041692,2.316863812315827,-1.173665081888342,Process Chemistry and Technology,Agricultural and Biological Sciences
1508,12,0.0966944389247933,0.0657862342719057,-0.0309082046528876,Process Chemistry and Technology,Arts and Humanities
1508,13,4.134739896391428,3.1365995879068853,-0.998140308484543,Process Chemistry and Technology,"Biochemistry, Genetics and Molecular Biology"
1508,14,0.03819024058374189,0.08344601504442879,0.045255774460686904,Process Chemistry and Technology,"Business, Management and Accounting"
1508,15,0.0,0.0,0.0,Process Chemistry and Technology,Chemical Engineering
1508,16,32.130476181330515,27.30995140482846,-4.8205247765020545,Process Chemistry and Technology,Chemistry
1508,17,0.1571192296356267,0.14622582551189692,-0.010893404123729772,Process Chemistry and Technology,Computer Science
1508,18,0.04602034793746847,0.03134255997697127,-0.0146777879604972,Process Chemistry and Technology,Decision Sciences
1508,19,2.5843786403535662,1.4482203864888001,-1.136158253864766,Process Chemistry and Technology,Earth and Planetary Sciences
1508,20,0.08952915200676048,0.07534997613799059,-0.014179175868769892,Process Chemistry and Technology,"Economics, Econometrics and Finance"
1508,21,3.099392871204337,9.115666356081782,6.016273484877445,Process Chemistry and Technology,Energy
1508,22,13.25674109454559,16.656156019665325,3.399414925119734,Process Chemistry and Technology,Engineering
1508,23,15.412679898563175,11.45473509381936,-3.957944804743814,Process Chemistry and Technology,Environmental Science
1508,24,0.17521711927395697,0.11994920800854489,-0.055267911265412084,Process Chemistry and Technology,Immunology and Microbiology
1508,25,19.300993020124118,24.182536796733554,4.881543776609437,Process Chemistry and Technology,Materials Science
1508,26,0.03375810434578345,0.025116658712663532,-0.008641445633119915,Process Chemistry and Technology,Mathematics
1508,27,3.562329501259096,1.9294612488542449,-1.6328682524048512,Process Chemistry and Technology,Medicine
1508,28,0.22648216175967625,0.1411598830382777,-0.08532227872139855,Process Chemistry and Technology,Neuroscience
1508,29,0.1591875598800073,0.11187684173048808,-0.04731071814951922,Process Chemistry and Technology,Nursing
1508,30,0.7956423236508393,0.8868476770523221,0.09120535340148284,Process Chemistry and Technology,"Pharmacology, Toxicology and Pharmaceutics"
1508,31,0.5142755414777777,0.332647774015408,-0.18162776746236964,Process Chemistry and Technology,Physics and Astronomy
1508,32,0.026814424239648558,0.023317538955677265,-0.0034968852839712926,Process Chemistry and Technology,Psychology
1508,33,0.14707305416292088,0.09762591944488633,-0.04944713471803455,Process Chemistry and Technology,Social Sciences
1508,34,0.18592811518235655,0.1251335136240711,-0.06079460155828545,Process Chemistry and Technology,Veterinary
1508,35,0.10821799314348524,0.07028403366437137,-0.03793395947911386,Process Chemistry and Technology,Dentistry
1508,36,0.22759019581916587,0.11369963411585572,-0.11389056170331015,Process Chemistry and Technology,Health Professions
1602,11,11.253112010779558,11.434219202400987,0.18110719162142885,Analytical Chemistry,Agricultural and Biological Sciences
1602,12,0.5255497435533336,0.503877232023193,-0.021672511530140603,Analytical Chemistry,Arts and Humanities
1602,13,10.675296692509411,9.905363372902789,-0.769933319606622,Analytical Chemistry,"Biochemistry, Genetics and Molecular Biology"
1602,14,0.15837877550768414,0.1995792025571606,0.04120042704947646,Analytical Chemistry,"Business, Management and Accounting"
1602,15,3.64437106127092,2.6906814434814916,-0.9536896177894283,Analytical Chemistry,Chemical Engineering
1602,16,0.0,0.0,0.0,Analytical Chemistry,Chemistry
1602,17,4.06293940511782,3.157392389335693,-0.905547015782127,Analytical Chemistry,Computer Science
1602,18,0.5903173826542346,0.4418283049725788,-0.1484890776816558,Analytical Chemistry,Decision Sciences
1602,19,2.4944705375733336,2.3891314666897725,-0.10533907088356109,Analytical Chemistry,Earth and Planetary Sciences
1602,20,0.4219253796537391,0.34012032266042735,-0.08180505699331175,Analytical Chemistry,"Economics, Econometrics and Finance"
1602,21,0.6904496575823477,1.3424537647645887,0.652004107182241,Analytical Chemistry,Energy
1602,22,20.547065642011873,24.543466609883588,3.9964009678717147,Analytical Chemistry,Engineering
1602,23,18.817053896245213,19.418160663773353,0.6011067675281403,Analytical Chemistry,Environmental Science
1602,24,0.41137193950235607,0.4005399397921181,-0.01083199971023796,Analytical Chemistry,Immunology and Microbiology
1602,25,5.9809451560674365,7.258200271771898,1.2772551157044614,Analytical Chemistry,Materials Science
1602,26,0.7511657017439608,0.4270744156145855,-0.3240912861293753,Analytical Chemistry,Mathematics
1602,27,10.595287339113094,8.801982682462814,-1.79330465665028,Analytical Chemistry,Medicine
1602,28,0.9847112100300512,0.7260715565886364,-0.2586396534414148,Analytical Chemistry,Neuroscience
1602,29,1.391086182440619,1.2582402161441038,-0.13284596629651535,Analytical Chemistry,Nursing
1602,30,2.7675094498628634,2.1346212440089074,-0.632888205853956,Analytical Chemistry,"Pharmacology, Toxicology and Pharmaceutics"
1602,31,1.914668008452013,1.3475369113780042,-0.5671310970740087,Analytical Chemistry,Physics and Astronomy
1602,32,0.22133284354052288,0.2213608987543813,2.8055213858430017e-05,Analytical Chemistry,Psychology
1602,33,0.33819241757512425,0.3384159293351019,0.00022351175997764594,Analytical Chemistry,Social Sciences
1602,34,0.1666748984786068,0.11364624393006971,-0.0530286545485371,Analytical Chemistry,Veterinary
1602,35,0.1493880934043121,0.13789067585727607,-0.011497417547036037,Analytical Chemistry,Dentistry
1602,36,0.4467365753295683,0.4681450389164804,0.02140846358691212,Analytical Chemistry,Health Professions
1603,11,1.8094488110528373,1.6440641130233395,-0.16538469802949773,Electrochemistry,Agricultural and Biological Sciences
1603,12,0.082961869504321,0.06960643519519279,-0.013355434309128209,Electrochemistry,Arts and Humanities
1603,13,8.922583312646486,8.30695163505565,-0.6156316775908355,Electrochemistry,"Biochemistry, Genetics and Molecular Biology"
1603,14,0.008468462035967716,0.012744155151041587,0.004275693115073871,Electrochemistry,"Business, Management and Accounting"
1603,15,11.759912459349305,9.187922977050208,-2.571989482299097,Electrochemistry,Chemical Engineering
1603,16,0.0,0.0,0.0,Electrochemistry,Chemistry
1603,17,0.5927923425177402,0.4848907825903556,-0.10790155992738454,Electrochemistry,Computer Science
1603,18,0.04672183343863562,0.02614011060370133,-0.02058172283493429,Electrochemistry,Decision Sciences
1603,19,1.1286716387055207,0.8459589645986827,-0.282712674106838,Electrochemistry,Earth and Planetary Sciences
1603,20,0.015234929250981138,0.018182309906333377,0.002947380655352239,Electrochemistry,"Economics, Econometrics and Finance"
1603,21,6.376004695845223,10.473302356929347,4.097297661084124,Electrochemistry,Energy
1603,22,27.439083114633917,30.25657972947758,2.8174966148436624,Electrochemistry,Engineering
1603,23,8.197595787023161,9.218752158480477,1.021156371457316,Electrochemistry,Environmental Science
1603,24,0.17300154673968363,0.15842638674405515,-0.014575159995628473,Electrochemistry,Immunology and Microbiology
1603,25,21.47305161029466,21.332168913172612,-0.14088269712204848,Electrochemistry,Materials Science
1603,26,0.057992360118857354,0.04482829537099209,-0.013164064747865266,Electrochemistry,Mathematics
1603,27,4.618155386315464,3.3197745899446476,-1.2983807963708163,Electrochemistry,Medicine
1603,28,1.8155925972357945,1.3074141214189168,-0.5081784758168777,Electrochemistry,Neuroscience
1603,29,0.6689254767038421,0.48394713140741585,-0.1849783452964262,Electrochemistry,Nursing
1603,30,0.40874858547625553,0.3542680564735347,-0.05448052900272082,Electrochemistry,"Pharmacology, Toxicology and Pharmaceutics"
1603,31,4.140974155416204,2.2378736445229026,-1.9031005108933017,Electrochemistry,Physics and Astronomy
1603,32,0.05637338943551059,0.041948700008619326,-0.014424689426891263,Electrochemistry,Psychology
1603,33,0.0497937265301141,0.044098668167688176,-0.0056950583624259254,Electrochemistry,Social Sciences
1603,34,0.022727857670060414,0.01930107161806604,-0.003426786051994375,Electrochemistry,Veterinary
1603,35,0.04327633172792326,0.04622917960133559,0.00295284787341233,Electrochemistry,Dentistry
1603,36,0.091907720331532,0.06462551348730479,-0.027282206844227205,Electrochemistry,Health Professions
1604,11,1.4077835474774667,1.3777419551944747,-0.03004159228299197,Inorganic Chemistry,Agricultural and Biological Sciences
1604,12,0.1171997309884524,0.14462620499130888,0.02742647400285647,Inorganic Chemistry,Arts and Humanities
1604,13,8.341673088622068,5.572895364153583,-2.7687777244684852,Inorganic Chemistry,"Biochemistry, Genetics and Molecular Biology"
1604,14,0.039700749867396745,0.028053307360513643,-0.011647442506883102,Inorganic Chemistry,"Business, Management and Accounting"
1604,15,5.958745603004421,6.4434207904956144,0.4846751874911934,Inorganic Chemistry,Chemical Engineering
1604,16,0.0,0.0,0.0,Inorganic Chemistry,Chemistry
1604,17,0.6635664017963444,0.7825652625207477,0.11899886072440324,Inorganic Chemistry,Computer Science
1604,18,0.026681104414347467,0.024060159948702524,-0.002620944465644943,Inorganic Chemistry,Decision Sciences
1604,19,3.286337303255507,3.21809582521743,-0.06824147803807712,Inorganic Chemistry,Earth and Planetary Sciences
1604,20,0.014108436225971533,0.01389885367251166,-0.00020958255345987324,Inorganic Chemistry,"Economics, Econometrics and Finance"
1604,21,3.1440151578013125,5.95912145548487,2.8151062976835575,Inorganic Chemistry,Energy
1604,22,12.759688060297462,19.475886863331105,6.7161988030336435,Inorganic Chemistry,Engineering
1604,23,8.04450197334732,8.653748448978114,0.609246475630794,Inorganic Chemistry,Environmental Science
1604,24,0.19730034900901702,0.14553768429183098,-0.05176266471718605,Inorganic Chemistry,Immunology and Microbiology
1604,25,37.78251828366231,36.38254024265508,-1.3999780410072304,Inorganic Chemistry,Materials Science
1604,26,0.08060490006276019,0.06674536253558688,-0.01385953752717331,Inorganic Chemistry,Mathematics
1604,27,9.102967058004813,5.47653415831373,-3.626432899691083,Inorganic Chemistry,Medicine
1604,28,0.3336627976009011,0.2295673950447259,-0.10409540255617522,Inorganic Chemistry,Neuroscience
1604,29,0.5000987934364484,0.3524338402267452,-0.1476649532097032,Inorganic Chemistry,Nursing
1604,30,1.734959444262852,1.6941940649387044,-0.04076537932414759,Inorganic Chemistry,"Pharmacology, Toxicology and Pharmaceutics"
1604,31,5.791770942260165,3.3397035608892045,-2.45206738137096,Inorganic Chemistry,Physics and Astronomy
1604,32,0.014521030624131546,0.014829623540240582,0.00030859291610903575,Inorganic Chemistry,Psychology
1604,33,0.06356245922765079,0.06488382280012904,0.0013213635724782513,Inorganic Chemistry,Social Sciences
1604,34,0.012102769012693696,0.007971826898217132,-0.004130942114476564,Inorganic Chemistry,Veterinary
1604,35,0.13949128944459752,0.14278877846485954,0.003297489020262029,Inorganic Chemistry,Dentistry
1604,36,0.4424387262935866,0.3881551480519686,-0.054283578241618,Inorganic Chemistry,Health Professions
1605,11,4.028351488166918,4.578717928372102,0.5503664402051838,Organic Chemistry,Agricultural and Biological Sciences
1605,12,0.0947325685950634,0.10703740380001449,0.012304835204951084,Organic Chemistry,Arts and Humanities
1605,13,20.696668003863895,16.30840443846858,-4.388263565395317,Organic Chemistry,"Biochemistry, Genetics and Molecular Biology"
1605,14,0.026607874520677883,0.04506093602923857,0.01845306150856069,Organic Chemistry,"Business, Management and Accounting"
1605,15,5.232900544069802,5.092203444758186,-0.14069709931161611,Organic Chemistry,Chemical Engineering
1605,16,0.0,0.0,0.0,Organic Chemistry,Chemistry
1605,17,0.957781430227065,1.1928986023898411,0.23511717216277617,Organic Chemistry,Computer Science
1605,18,0.04758430558457352,0.04537397191479135,-0.002210333669782169,Organic Chemistry,Decision Sciences
1605,19,0.7619519269556324,0.6094623188965665,-0.15248960805906586,Organic Chemistry,Earth and Planetary Sciences
1605,20,0.026181109448170495,0.028439889898554577,0.0022587804503840826,Organic Chemistry,"Economics, Econometrics and Finance"
1605,21,1.4081855767507294,3.164686138859101,1.7565005621083718,Organic Chemistry,Energy
1605,22,11.461161038501261,14.61912367296552,3.1579626344642584,Organic Chemistry,Engineering
1605,23,3.1611138345732406,4.8411718523882294,1.6800580178149889,Organic Chemistry,Environmental Science
1605,24,1.3654951532476265,1.2713917709961169,-0.0941033822515096,Organic Chemistry,Immunology and Microbiology
1605,25,25.35025815575886,25.88986247429222,0.5396043185333603,Organic Chemistry,Materials Science
1605,26,0.2072269139578527,0.22480846029798326,0.017581546340130566,Organic Chemistry,Mathematics
1605,27,15.083696052719958,13.05660620962098,-2.0270898430989774,Organic Chemistry,Medicine
1605,28,1.3211904444702565,1.0748933486737922,-0.2462970957964643,Organic Chemistry,Neuroscience
1605,29,0.8304384435914915,0.7598980903558838,-0.0705403532356077,Organic Chemistry,Nursing
1605,30,3.475704635522218,3.9290061509464604,0.4533015154242426,Organic Chemistry,"Pharmacology, Toxicology and Pharmaceutics"
1605,31,3.788783203714266,2.3062721771432515,-1.4825110265710144,Organic Chemistry,Physics and Astronomy
1605,32,0.1379981971958937,0.19073392445947862,0.052735727263584914,Organic Chemistry,Psychology
1605,33,0.09664837267055852,0.15097141064126304,0.05432303797070452,Organic Chemistry,Social Sciences
1605,34,0.08294086409165281,0.07377444247960965,-0.00916642161204316,Organic Chemistry,Veterinary
1605,35,0.2631934422165658,0.3229579637326362,0.05976452151607037,Organic Chemistry,Dentistry
1605,36,0.0932064195857707,0.11624297761960371,0.02303655803383302,Organic Chemistry,Health Professions
1606,11,2.235957837705678,2.1464128900587385,-0.08954494764693965,Physical and Theoretical Chemistry,Agricultural and Biological Sciences
1606,12,0.19342573959664577,0.19034828261553025,-0.0030774569811155283,Physical and Theoretical Chemistry,Arts and Humanities
1606,13,13.711036370013021,11.202060669581691,-2.5089757004313302,Physical and Theoretical Chemistry,"Biochemistry, Genetics and Molecular Biology"
1606,14,0.052294160407710864,0.05160425171367917,-0.0006899086940316962,Physical and Theoretical Chemistry,"Business, Management and Accounting"
1606,15,4.567207904184393,4.232144468071696,-0.33506343611269696,Physical and Theoretical Chemistry,Chemical Engineering
1606,16,0.0,0.0,0.0,Physical and Theoretical Chemistry,Chemistry
1606,17,1.4972390752340887,1.8631155096424914,0.3658764344084027,Physical and Theoretical Chemistry,Computer Science
1606,18,0.14095673106274584,0.13636072070183272,-0.004596010360913116,Physical and Theoretical Chemistry,Decision Sciences
1606,19,2.429369006625141,2.054134098251777,-0.3752349083733644,Physical and Theoretical Chemistry,Earth and Planetary Sciences
1606,20,0.05864697565924665,0.05029156914257529,-0.008355406516671354,Physical and Theoretical Chemistry,"Economics, Econometrics and Finance"
1606,21,1.538313814211335,2.3517034104517274,0.8133895962403923,Physical and Theoretical Chemistry,Energy
1606,22,16.330479860482853,19.287989801666697,2.9575099411838437,Physical and Theoretical Chemistry,Engineering
1606,23,4.267955336211819,5.024585799772338,0.7566304635605192,Physical and Theoretical Chemistry,Environmental Science
1606,24,0.48817596831985083,0.42627737280641204,-0.06189859551343879,Physical and Theoretical Chemistry,Immunology and Microbiology
1606,25,26.182166394510702,28.20948328438393,2.0273168898732266,Physical and Theoretical Chemistry,Materials Science
1606,26,0.5177835843545314,0.4727053726794262,-0.04507821167510523,Physical and Theoretical Chemistry,Mathematics
1606,27,6.69545929615761,6.239990213532491,-0.4554690826251191,Physical and Theoretical Chemistry,Medicine
1606,28,1.3390598037417207,1.2659380378449179,-0.07312176589680286,Physical and Theoretical Chemistry,Neuroscience
1606,29,0.3195640919648689,0.28051374858106926,-0.039050343383799646,Physical and Theoretical Chemistry,Nursing
1606,30,1.387288745215536,1.6176159394296608,0.23032719421412473,Physical and Theoretical Chemistry,"Pharmacology, Toxicology and Pharmaceutics"
1606,31,15.096139513651194,11.653921387816425,-3.442218125834769,Physical and Theoretical Chemistry,Physics and Astronomy
1606,32,0.2864595134064072,0.34925735216284937,0.06279783875644218,Physical and Theoretical Chemistry,Psychology
1606,33,0.4797395462312288,0.6891862792459392,0.20944673301471045,Physical and Theoretical Chemistry,Social Sciences
1606,34,0.05115764758748198,0.045552878158945,-0.005604769428536979,Physical and Theoretical Chemistry,Veterinary
1606,35,0.07058036027164988,0.08131184096468949,0.010731480693039613,Physical and Theoretical Chemistry,Dentistry
1606,36,0.06354272319254027,0.07749482072247256,0.01395209752993229,Physical and Theoretical Chemistry,Health Professions
1607,11,4.031235502404276,4.136112958116853,0.10487745571257712,Spectroscopy,Agricultural and Biological Sciences
1607,12,0.09673495173742014,0.11078707383169306,0.014052122094272923,Spectroscopy,Arts and Humanities
1607,13,20.153365406218356,18.596779228949046,-1.5565861772693097,Spectroscopy,"Biochemistry, Genetics and Molecular Biology"
1607,14,0.013681117914720882,0.021685260211405464,0.008004142296684582,Spectroscopy,"Business, Management and Accounting"
1607,15,3.7040789817855893,3.4996850711759975,-0.20439391060959178,Spectroscopy,Chemical Engineering
1607,16,0.0,0.0,0.0,Spectroscopy,Chemistry
1607,17,1.6089188092978632,1.5702523883078907,-0.03866642098997253,Spectroscopy,Computer Science
1607,18,0.12437244660049142,0.10528872988775655,-0.01908371671273487,Spectroscopy,Decision Sciences
1607,19,2.9290685740183444,2.5955351364140435,-0.3335334376043009,Spectroscopy,Earth and Planetary Sciences
1607,20,0.03566464343837516,0.030933066797458105,-0.004731576640917053,Spectroscopy,"Economics, Econometrics and Finance"
1607,21,0.5610820626037243,0.9325009063371213,0.37141884373339706,Spectroscopy,Energy
1607,22,14.262405478279682,16.372223911312712,2.1098184330330305,Spectroscopy,Engineering
1607,23,4.558996343072147,5.103574131867039,0.5445777887948919,Spectroscopy,Environmental Science
1607,24,0.8407080436046018,0.9020278430582562,0.0613197994536544,Spectroscopy,Immunology and Microbiology
1607,25,15.421193933826538,18.591419753991854,3.1702258201653155,Spectroscopy,Materials Science
1607,26,0.5196816160591774,0.4491804169385099,-0.07050119912066749,Spectroscopy,Mathematics
1607,27,10.559338259428515,10.312263407388404,-0.24707485204011093,Spectroscopy,Medicine
1607,28,1.9731311473897557,1.6927999294545546,-0.2803312179352011,Spectroscopy,Neuroscience
1607,29,0.7668493493917966,0.7054891699114997,-0.06136017948029693,Spectroscopy,Nursing
1607,30,1.9931581019446383,1.880646271962239,-0.11251182998239928,Spectroscopy,"Pharmacology, Toxicology and Pharmaceutics"
1607,31,15.403688947174368,11.891568317769737,-3.512120629404631,Spectroscopy,Physics and Astronomy
1607,32,0.10491832841289213,0.11267482412025845,0.0077564957073663204,Spectroscopy,Psychology
1607,33,0.10455379617916655,0.12957344394479575,0.025019647765629205,Spectroscopy,Social Sciences
1607,34,0.07675263378258583,0.06932166232079066,-0.007430971461795166,Spectroscopy,Veterinary
1607,35,0.09477094133530688,0.10983668920365668,0.0150657478683498,Spectroscopy,Dentistry
1607,36,0.061650584099669364,0.07784040672643183,0.016189822626762468,Spectroscopy,Health Professions
1702,11,1.8863966407859385,1.995869420177775,0.10947277939183642,Artificial Intelligence,Agricultural and Biological Sciences
1702,12,2.4936373247396073,1.6127409431236361,-0.8808963816159712,Artificial Intelligence,Arts and Humanities
1702,13,5.674790251584435,4.796317481361553,-0.8784727702228823,Artificial Intelligence,"Biochemistry, Genetics and Molecular Biology"
1702,14,3.784507736441957,3.0288628924595073,-0.7556448439824495,Artificial Intelligence,"Business, Management and Accounting"
1702,15,0.11299582726713063,0.09884995036667243,-0.014145876900458196,Artificial Intelligence,Chemical Engineering
1702,16,1.4275864116870052,1.0512981768180918,-0.3762882348689134,Artificial Intelligence,Chemistry
1702,17,0.0,0.0,0.0,Artificial Intelligence,Computer Science
1702,18,5.420404008744709,4.500477291130012,-0.9199267176146977,Artificial Intelligence,Decision Sciences
1702,19,8.386938745122588,7.727908850652956,-0.659029894469632,Artificial Intelligence,Earth and Planetary Sciences
1702,20,2.3557278569452653,1.7491877666184517,-0.6065400903268137,Artificial Intelligence,"Economics, Econometrics and Finance"
1702,21,0.6355287126332687,1.5166412443077495,0.8811125316744808,Artificial Intelligence,Energy
1702,22,21.58925015127915,24.529283966326414,2.940033815047265,Artificial Intelligence,Engineering
1702,23,6.278848354712273,7.6062386312202594,1.3273902765079866,Artificial Intelligence,Environmental Science
1702,24,0.2162023769048066,0.25852112029034574,0.04231874338553915,Artificial Intelligence,Immunology and Microbiology
1702,25,1.0742915241194873,1.2985884719051828,0.22429694778569553,Artificial Intelligence,Materials Science
1702,26,5.132280988356159,3.355382656464185,-1.7768983318919744,Artificial Intelligence,Mathematics
1702,27,4.548987804321859,8.078968737999217,3.5299809336773578,Artificial Intelligence,Medicine
1702,28,3.3920557383566203,3.1001345628127908,-0.29192117554382957,Artificial Intelligence,Neuroscience
1702,29,0.08119133093398943,0.09361714851797809,0.012425817583988655,Artificial Intelligence,Nursing
1702,30,0.05253389555139136,0.06428365745978079,0.01174976190838943,Artificial Intelligence,"Pharmacology, Toxicology and Pharmaceutics"
1702,31,11.37619909770992,9.728526179844026,-1.6476729178658935,Artificial Intelligence,Physics and Astronomy
1702,32,6.385308524926357,5.061571540710112,-1.3237369842162447,Artificial Intelligence,Psychology
1702,33,6.470094467239522,6.856311453537494,0.3862169862979714,Artificial Intelligence,Social Sciences
1702,34,0.04928027497498335,0.06129095949129489,0.012010684516311543,Artificial Intelligence,Veterinary
1702,35,0.05634162618229681,0.12351634788414234,0.06717472170184553,Artificial Intelligence,Dentistry
1702,36,1.1186203284792817,1.7056105485203723,0.5869902200410906,Artificial Intelligence,Health Professions
1703,11,1.281150920648954,1.7334091644693284,0.4522582438203744,Computational Theory and Mathematics,Agricultural and Biological Sciences
1703,12,0.45589046421384866,0.32365958733525424,-0.13223087687859442,Computational Theory and Mathematics,Arts and Humanities
1703,13,10.634494025439203,11.46664476151126,0.832150736072057,Computational Theory and Mathematics,"Biochemistry, Genetics and Molecular Biology"
1703,14,1.6507908858529579,1.2884761598588754,-0.36231472599408243,Computational Theory and Mathematics,"Business, Management and Accounting"
1703,15,0.3860848412400399,0.4008807182416637,0.014795877001623825,Computational Theory and Mathematics,Chemical Engineering
1703,16,5.520466240993613,5.068758354296967,-0.45170788669664663,Computational Theory and Mathematics,Chemistry
1703,17,0.0,0.0,0.0,Computational Theory and Mathematics,Computer Science
1703,18,4.426512238990414,4.650318943793081,0.2238067048026675,Computational Theory and Mathematics,Decision Sciences
1703,19,0.7137146627374251,0.6780591668435999,-0.03565549589382522,Computational Theory and Mathematics,Earth and Planetary Sciences
1703,20,1.4115948231389384,1.1464783551047655,-0.2651164680341729,Computational Theory and Mathematics,"Economics, Econometrics and Finance"
1703,21,0.15333291624463824,0.3937251554329061,0.24039223918826785,Computational Theory and Mathematics,Energy
1703,22,24.859675673239256,25.53777247493506,0.6780968016958049,Computational Theory and Mathematics,Engineering
1703,23,2.095495078216455,2.685437419936566,0.5899423417201106,Computational Theory and Mathematics,Environmental Science
1703,24,0.7640118032188057,1.0098840645998315,0.2458722613810258,Computational Theory and Mathematics,Immunology and Microbiology
1703,25,3.032230900614611,3.9176242439855886,0.8853933433709775,Computational Theory and Mathematics,Materials Science
1703,26,22.127948178333824,17.520971366286766,-4.6069768120470584,Computational Theory and Mathematics,Mathematics
1703,27,9.324279926299724,11.447885288304775,2.1236053620050512,Computational Theory and Mathematics,Medicine
1703,28,1.7771265038228763,1.76989107279407,-0.007235431028806305,Computational Theory and Mathematics,Neuroscience
1703,29,0.2607586874664808,0.28804551614750173,0.027286828681020947,Computational Theory and Mathematics,Nursing
1703,30,1.2533906552490788,1.467479850077041,0.21408919482796218,Computational Theory and Mathematics,"Pharmacology, Toxicology and Pharmaceutics"
1703,31,5.6214361365410666,4.838284826331598,-0.7831513102094689,Computational Theory and Mathematics,Physics and Astronomy
1703,32,0.688806720590053,0.6517511479738731,-0.037055572616179866,Computational Theory and Mathematics,Psychology
1703,33,1.2473925598497824,1.1197227724285412,-0.12766978742124113,Computational Theory and Mathematics,Social Sciences
1703,34,0.10890475364906634,0.17094208360601068,0.062037329956944345,Computational Theory and Mathematics,Veterinary
1703,35,0.02245470939110411,0.04995248728127366,0.02749777789016955,Computational Theory and Mathematics,Dentistry
1703,36,0.18205569401778607,0.37394501842380035,0.19188932440601428,Computational Theory and Mathematics,Health Professions
1704,11,0.7279125984789465,0.8605612791199415,0.132648680640995,Computer Graphics and Computer-Aided Design,Agricultural and Biological Sciences
1704,12,0.8171951202334348,1.020861228327023,0.20366610809358832,Computer Graphics and Computer-Aided Design,Arts and Humanities
1704,13,2.1866633149603483,2.1123878438857764,-0.07427547107457189,Computer Graphics and Computer-Aided Design,"Biochemistry, Genetics and Molecular Biology"
1704,14,1.0357422638970304,1.1492679496684564,0.11352568577142597,Computer Graphics and Computer-Aided Design,"Business, Management and Accounting"
1704,15,0.1791068063837003,0.1887884534007978,0.009681647017097506,Computer Graphics and Computer-Aided Design,Chemical Engineering
1704,16,0.5002638385199906,0.4533841216195089,-0.04687971690048165,Computer Graphics and Computer-Aided Design,Chemistry
1704,17,0.0,0.0,0.0,Computer Graphics and Computer-Aided Design,Computer Science
1704,18,1.3070571115587277,1.2861517381114347,-0.02090537344729304,Computer Graphics and Computer-Aided Design,Decision Sciences
1704,19,4.7130119523725424,5.734388473412235,1.0213765210396923,Computer Graphics and Computer-Aided Design,Earth and Planetary Sciences
1704,20,0.3914778532754442,0.40488418033362117,0.013406327058176959,Computer Graphics and Computer-Aided Design,"Economics, Econometrics and Finance"
1704,21,0.13652424443040678,0.19191524044644961,0.05539099601604283,Computer Graphics and Computer-Aided Design,Energy
1704,22,58.922672017839176,55.169933927515515,-3.7527380903236605,Computer Graphics and Computer-Aided Design,Engineering
1704,23,3.925288732524084,5.321235678446779,1.3959469459226952,Computer Graphics and Computer-Aided Design,Environmental Science
1704,24,0.029580252959921463,0.05829720736226329,0.02871695440234183,Computer Graphics and Computer-Aided Design,Immunology and Microbiology
1704,25,1.6932256886618782,2.395118876969268,0.7018931883073898,Computer Graphics and Computer-Aided Design,Materials Science
1704,26,8.239238151375048,7.223294980395045,-1.0159431709800026,Computer Graphics and Computer-Aided Design,Mathematics
1704,27,4.282202114392147,4.32566668311125,0.04346456871910309,Computer Graphics and Computer-Aided Design,Medicine
1704,28,2.4399916351812143,2.4504977497555895,0.010506114574375225,Computer Graphics and Computer-Aided Design,Neuroscience
1704,29,0.012352193543703469,0.016606713420239484,0.004254519876536016,Computer Graphics and Computer-Aided Design,Nursing
1704,30,0.013652424443040679,0.015355998601978772,0.001703574158938093,Computer Graphics and Computer-Aided Design,"Pharmacology, Toxicology and Pharmaceutics"
1704,31,4.730890127238429,5.141897070339507,0.41100694310107766,Computer Graphics and Computer-Aided Design,Physics and Astronomy
1704,32,1.1671739373050332,1.4652124095924268,0.29803847228739366,Computer Graphics and Computer-Aided Design,Psychology
1704,33,2.1781034615397115,2.4864210587023,0.30831759716258844,Computer Graphics and Computer-Aided Design,Social Sciences
1704,34,0.007042917371409873,0.017301554985939882,0.01025863761453001,Computer Graphics and Computer-Aided Design,Veterinary
1704,35,0.15191031007256373,0.1962927423103621,0.044382432237798364,Computer Graphics and Computer-Aided Design,Dentistry
1704,36,0.21172093144207527,0.3142768401662895,0.10255590872421422,Computer Graphics and Computer-Aided Design,Health Professions
1705,11,0.7712431463993094,1.1570006492235105,0.3857575028242012,Computer Networks and Communications,Agricultural and Biological Sciences
1705,12,0.4799749509876423,0.44066555984921785,-0.039309391138424465,Computer Networks and Communications,Arts and Humanities
1705,13,2.9876952496037577,2.6635108805234555,-0.3241843690803021,Computer Networks and Communications,"Biochemistry, Genetics and Molecular Biology"
1705,14,4.442397236636593,3.6521883680767067,-0.790208868559886,Computer Networks and Communications,"Business, Management and Accounting"
1705,15,0.3725489887562662,0.4933492623354013,0.12080027357913509,Computer Networks and Communications,Chemical Engineering
1705,16,0.9092985542272306,0.6678876043083506,-0.24141094991888,Computer Networks and Communications,Chemistry
1705,17,0.0,0.0,0.0,Computer Networks and Communications,Computer Science
1705,18,5.115904129835283,3.8672521593267963,-1.248651970508487,Computer Networks and Communications,Decision Sciences
1705,19,0.7761863403162176,0.7895629002838945,0.013376559967676949,Computer Networks and Communications,Earth and Planetary Sciences
1705,20,1.2379619460607072,1.0333216533294876,-0.20464029273121964,Computer Networks and Communications,"Economics, Econometrics and Finance"
1705,21,0.13955016673117732,0.5273997924315307,0.38784962570035336,Computer Networks and Communications,Energy
1705,22,52.226705624803984,54.02188955581312,1.7951839310091344,Computer Networks and Communications,Engineering
1705,23,1.6963677883127686,2.8709000063450496,1.174532218032281,Computer Networks and Communications,Environmental Science
1705,24,0.05707618864801417,0.07976457268068952,0.022688384032675354,Computer Networks and Communications,Immunology and Microbiology
1705,25,2.0899876328368636,1.7788155239248573,-0.3111721089120063,Computer Networks and Communications,Materials Science
1705,26,3.100982240166322,2.7734979269745383,-0.3274843131917837,Computer Networks and Communications,Mathematics
1705,27,2.394013726607023,3.5963630620146363,1.2023493354076131,Computer Networks and Communications,Medicine
1705,28,2.0355862759104655,2.0985169775844112,0.06293070167394577,Computer Networks and Communications,Neuroscience
1705,29,0.033225605796937265,0.047389976775633724,0.01416437097869646,Computer Networks and Communications,Nursing
1705,30,0.021674004097212828,0.026796394280154106,0.005122390182941278,Computer Networks and Communications,"Pharmacology, Toxicology and Pharmaceutics"
1705,31,10.41048439629048,8.116388496635082,-2.2940958996553977,Computer Networks and Communications,Physics and Astronomy
1705,32,2.2736856348949104,2.5841235476422324,0.310437912747322,Computer Networks and Communications,Psychology
1705,33,5.849135819563195,5.736648524936726,-0.11248729462646878,Computer Networks and Communications,Social Sciences
1705,34,0.012128526188700462,0.020166868623951662,0.0080383424352512,Computer Networks and Communications,Veterinary
1705,35,0.015091820154804574,0.02945562565344427,0.014363805498639696,Computer Networks and Communications,Dentistry
1705,36,0.551094006174141,0.9271441104271184,0.37605010425297747,Computer Networks and Communications,Health Professions
1706,11,0.6810780810203145,0.8373103049547895,0.156232223934475,Computer Science Applications,Agricultural and Biological Sciences
1706,12,2.716723394856518,2.2077491367742197,-0.5089742580822985,Computer Science Applications,Arts and Humanities
1706,13,0.664201208565296,0.904886465282347,0.240685256717051,Computer Science Applications,"Biochemistry, Genetics and Molecular Biology"
1706,14,19.196592910580893,14.577071911080175,-4.619520999500718,Computer Science Applications,"Business, Management and Accounting"
1706,15,0.016537069653910847,0.016707021187993883,0.00016995153408303626,Computer Science Applications,Chemical Engineering
1706,16,0.09106715069687892,0.10013525918859448,0.009068108491715562,Computer Science Applications,Chemistry
1706,17,0.0,0.0,0.0,Computer Science Applications,Computer Science
1706,18,7.862810282432761,6.930421490715136,-0.9323887917176252,Computer Science Applications,Decision Sciences
1706,19,0.11575948757737593,0.17633209995857085,0.06057261238119492,Computer Science Applications,Earth and Planetary Sciences
1706,20,1.7537222565171344,1.965728876750274,0.21200662023313965,Computer Science Applications,"Economics, Econometrics and Finance"
1706,21,0.06150430700050404,0.12870462164652857,0.06720031464602452,Computer Science Applications,Energy
1706,22,9.711450788059329,12.410466930962954,2.6990161429036252,Computer Science Applications,Engineering
1706,23,0.7721452317171935,1.944996496512721,1.1728512647955276,Computer Science Applications,Environmental Science
1706,24,0.01766974565760337,0.030920457124048385,0.013250711466445013,Computer Science Applications,Immunology and Microbiology
1706,25,0.0763423626488761,0.11705601625532604,0.040713653606449934,Computer Science Applications,Materials Science
1706,26,0.912483788574697,0.8466434383263342,-0.06584035024836288,Computer Science Applications,Mathematics
1706,27,1.2695032649385807,2.702405205466081,1.4329019405275005,Computer Science Applications,Medicine
1706,28,0.7203819383484451,1.4054558932859504,0.6850739549375053,Computer Science Applications,Neuroscience
1706,29,0.06841363062302844,0.07509253872983179,0.006678908106803355,Computer Science Applications,Nursing
1706,30,0.025485210083081782,0.026966343367401648,0.0014811332843198653,Computer Science Applications,"Pharmacology, Toxicology and Pharmaceutics"
1706,31,0.906140802954019,1.0095101779244322,0.10336937497041321,Computer Science Applications,Physics and Astronomy
1706,32,14.057528614227543,14.825539870112706,0.7680112558851633,Computer Science Applications,Psychology
1706,33,36.815028345216994,34.58218019858201,-2.2328481466349857,Computer Science Applications,Social Sciences
1706,34,0.008268534826955424,0.018630644096632842,0.010362109269677419,Computer Science Applications,Veterinary
1706,35,0.032281266105236926,0.11028771342863342,0.07800644732339648,Computer Science Applications,Dentistry
1706,36,1.4468803271168298,2.048800888286312,0.6019205611694822,Computer Science Applications,Health Professions
1707,11,0.8914587557662285,1.3710801708370226,0.47962141507079414,Computer Vision and Pattern Recognition,Agricultural and Biological Sciences
1707,12,0.9720014216695436,0.8265452014742276,-0.145456220195316,Computer Vision and Pattern Recognition,Arts and Humanities
1707,13,3.686121788450362,3.42687904767489,-0.25924274077547205,Computer Vision and Pattern Recognition,"Biochemistry, Genetics and Molecular Biology"
1707,14,0.8828834584530721,0.9589654181946923,0.07608195974162013,Computer Vision and Pattern Recognition,"Business, Management and Accounting"
1707,15,0.07666594921563166,0.07007949814707194,-0.0065864510685597205,Computer Vision and Pattern Recognition,Chemical Engineering
1707,16,1.087713661363525,0.7759066655681954,-0.31180699579532956,Computer Vision and Pattern Recognition,Chemistry
1707,17,0.0,0.0,0.0,Computer Vision and Pattern Recognition,Computer Science
1707,18,1.7303647401142173,1.5080476627673411,-0.2223170773468761,Computer Vision and Pattern Recognition,Decision Sciences
1707,19,3.5392562534541545,3.8404039999198414,0.30114774646568687,Computer Vision and Pattern Recognition,Earth and Planetary Sciences
1707,20,0.7514162421403445,0.6339911048567521,-0.11742513728359238,Computer Vision and Pattern Recognition,"Economics, Econometrics and Finance"
1707,21,0.06376423607902051,0.18726461109045292,0.1235003750114324,Computer Vision and Pattern Recognition,Energy
1707,22,48.4028702590081,48.15176518642715,-0.2511050725809483,Computer Vision and Pattern Recognition,Engineering
1707,23,3.129456285832492,4.855559687192987,1.7261034013604952,Computer Vision and Pattern Recognition,Environmental Science
1707,24,0.09804991846489462,0.11737313955706373,0.019323221092169107,Computer Vision and Pattern Recognition,Immunology and Microbiology
1707,25,0.9028718096947691,0.9818254959634892,0.07895368626872012,Computer Vision and Pattern Recognition,Materials Science
1707,26,3.5437687516786185,2.065403078342031,-1.4783656733365875,Computer Vision and Pattern Recognition,Mathematics
1707,27,8.692079526655993,10.998626663509798,2.306547136853805,Computer Vision and Pattern Recognition,Medicine
1707,28,6.912325415940687,5.571035588737304,-1.3412898272033829,Computer Vision and Pattern Recognition,Neuroscience
1707,29,0.044225583973094965,0.04841685302330714,0.004191269050212172,Computer Vision and Pattern Recognition,Nursing
1707,30,0.022267860654054828,0.031123352633275612,0.008855491979220784,Computer Vision and Pattern Recognition,"Pharmacology, Toxicology and Pharmaceutics"
1707,31,5.658378143009287,4.730165728141721,-0.9282124148675663,Computer Vision and Pattern Recognition,Physics and Astronomy
1707,32,4.09395238399468,3.7644264037856687,-0.3295259802090116,Computer Vision and Pattern Recognition,Psychology
1707,33,3.8327392135785567,3.580620492773222,-0.2521187208053348,Computer Vision and Pattern Recognition,Social Sciences
1707,34,0.031432418903738955,0.05942630606131004,0.027993887157571083,Computer Vision and Pattern Recognition,Veterinary
1707,35,0.227485735233276,0.2733313194693394,0.045845584236063414,Computer Vision and Pattern Recognition,Dentistry
1707,36,0.726450186671662,1.1717373238518438,0.44528713718018187,Computer Vision and Pattern Recognition,Health Professions
1708,11,0.3434479197744233,0.8834478968568532,0.53999997708243,Hardware and Architecture,Agricultural and Biological Sciences
1708,12,0.11963921393721502,0.10792665453422205,-0.01171255940299297,Hardware and Architecture,Arts and Humanities
1708,13,2.8953493394730048,4.2115585725397375,1.3162092330667328,Hardware and Architecture,"Biochemistry, Genetics and Molecular Biology"
1708,14,1.8060398214753897,1.4248179202905833,-0.38122190118480637,Hardware and Architecture,"Business, Management and Accounting"
1708,15,0.19789189878783678,0.39033473389876977,0.192442835110933,Hardware and Architecture,Chemical Engineering
1708,16,0.760728603817405,1.294623639907059,0.5338950360896539,Hardware and Architecture,Chemistry
1708,17,0.0,0.0,0.0,Hardware and Architecture,Computer Science
1708,18,5.0953648091950425,3.263540763401203,-1.8318240457938395,Hardware and Architecture,Decision Sciences
1708,19,0.5800141236553145,1.080817215665988,0.5008030920106736,Hardware and Architecture,Earth and Planetary Sciences
1708,20,0.29462788789072347,0.2774459343284915,-0.017181953562231955,Hardware and Architecture,"Economics, Econometrics and Finance"
1708,21,0.12968448798735904,0.30988595750170883,0.1802014695143498,Hardware and Architecture,Energy
1708,22,73.0792682620571,63.742784730983516,-9.336483531073583,Hardware and Architecture,Engineering
1708,23,0.7059818602441202,2.2694370322402966,1.5634551719961762,Hardware and Architecture,Environmental Science
1708,24,0.05715760934531935,0.21616344313319763,0.15900583378787828,Hardware and Architecture,Immunology and Microbiology
1708,25,2.8936416428844804,4.710936443605842,1.8172948007213616,Hardware and Architecture,Materials Science
1708,26,1.559327890803853,1.8291707139162117,0.26984282311235863,Hardware and Architecture,Mathematics
1708,27,1.3922749833499584,2.407198583803807,1.0149236004538484,Hardware and Architecture,Medicine
1708,28,1.0961403043517133,3.3376007780643415,2.2414604737126282,Hardware and Architecture,Neuroscience
1708,29,0.025314090606362874,0.05359116638940681,0.028277075783043934,Hardware and Architecture,Nursing
1708,30,0.030437180371936316,0.09750614995850405,0.06706896958656774,Hardware and Architecture,"Pharmacology, Toxicology and Pharmaceutics"
1708,31,3.6394027883671707,5.369661197142301,1.7302584087751307,Hardware and Architecture,Physics and Astronomy
1708,32,1.1435539978683928,0.8075891046181444,-0.3359648932502485,Hardware and Architecture,Psychology
1708,33,1.9279894484441378,1.5743645663147268,-0.353624882129411,Hardware and Architecture,Social Sciences
1708,34,0.0057258062085820795,0.012901577093746085,0.007175770885164005,Hardware and Architecture,Veterinary
1708,35,0.008237124721118079,0.022515733101104947,0.014278608379986868,Hardware and Architecture,Dentistry
1708,36,0.2127589043820499,0.3041794907102442,0.0914205863281943,Hardware and Architecture,Health Professions
1709,11,0.31265549842428264,0.44202131773696934,0.1293658193126867,Human-Computer Interaction,Agricultural and Biological Sciences
1709,12,4.529320405916856,4.189328624583034,-0.339991781333822,Human-Computer Interaction,Arts and Humanities
1709,13,0.6775584674075302,0.639522705371704,-0.03803576203582626,Human-Computer Interaction,"Biochemistry, Genetics and Molecular Biology"
1709,14,5.891373512869615,5.099678134567539,-0.7916953783020757,Human-Computer Interaction,"Business, Management and Accounting"
1709,15,0.02254255944751881,0.06479155152021528,0.042248992072696466,Human-Computer Interaction,Chemical Engineering
1709,16,0.07102037123599572,0.13541340230640056,0.06439303107040484,Human-Computer Interaction,Chemistry
1709,17,0.0,0.0,0.0,Human-Computer Interaction,Computer Science
1709,18,5.577210150937137,2.989956134050805,-2.5872540168863316,Human-Computer Interaction,Decision Sciences
1709,19,0.5098086521208101,0.6212795108943139,0.11147085877350382,Human-Computer Interaction,Earth and Planetary Sciences
1709,20,0.28370451906693406,0.38872579985005784,0.10502128078312378,Human-Computer Interaction,"Economics, Econometrics and Finance"
1709,21,0.034153108460622146,0.06751862698333028,0.03336551852270813,Human-Computer Interaction,Energy
1709,22,19.910206728086973,21.548739068482742,1.63853234039577,Human-Computer Interaction,Engineering
1709,23,0.6847962122468674,1.2853929139765203,0.600596701729653,Human-Computer Interaction,Environmental Science
1709,24,0.012892232995069286,0.018055120307520073,0.005162887312450787,Human-Computer Interaction,Immunology and Microbiology
1709,25,0.3944570937438743,0.9846858256256228,0.5902287318817485,Human-Computer Interaction,Materials Science
1709,26,0.26282060947843006,0.19397499694967205,-0.06884561252875801,Human-Computer Interaction,Mathematics
1709,27,5.723397518056665,8.19599021167983,2.472592693623164,Human-Computer Interaction,Medicine
1709,28,15.369124986806193,14.406716504754396,-0.9624084820517975,Human-Computer Interaction,Neuroscience
1709,29,0.04802545273601833,0.06838847001897903,0.0203630172829607,Human-Computer Interaction,Nursing
1709,30,0.018094362098342857,0.021205362652842587,0.00311100055449973,Human-Computer Interaction,"Pharmacology, Toxicology and Pharmaceutics"
1709,31,0.975964655679368,0.8462397273300686,-0.12972492834929938,Human-Computer Interaction,Physics and Astronomy
1709,32,17.337565403579667,17.847956609408268,0.5103912058286006,Human-Computer Interaction,Psychology
1709,33,18.376558753901598,16.321288044759772,-2.0552707091418263,Human-Computer Interaction,Social Sciences
1709,34,0.014927848731132858,0.03418248037387264,0.019254631642739786,Human-Computer Interaction,Veterinary
1709,35,0.1605120704473831,0.18306669509721202,0.022554624649828908,Human-Computer Interaction,Dentistry
1709,36,2.8013088255251133,3.405882160718312,0.6045733351931988,Human-Computer Interaction,Health Professions
1710,11,1.3297431822276349,2.031168945820841,0.701425763593206,Information Systems,Agricultural and Biological Sciences
1710,12,2.7763245548738675,2.008721620327264,-0.7676029345466033,Information Systems,Arts and Humanities
1710,13,2.776520076588649,2.2306289539636035,-0.5458911226250454,Information Systems,"Biochemistry, Genetics and Molecular Biology"
1710,14,17.201693218050007,13.142065731726287,-4.05962748632372,Information Systems,"Business, Management and Accounting"
1710,15,0.10306787536328633,0.07669054289332208,-0.02637733246996425,Information Systems,Chemical Engineering
1710,16,0.5470418262845427,0.40845698950681736,-0.13858483677772532,Information Systems,Chemistry
1710,17,0.0,0.0,0.0,Information Systems,Computer Science
1710,18,10.734142141493479,8.680861654315851,-2.053280487177627,Information Systems,Decision Sciences
1710,19,0.528467263380319,0.6853521960249034,0.15688493264458436,Information Systems,Earth and Planetary Sciences
1710,20,4.690733527644675,5.456045857858367,0.7653123302136917,Information Systems,"Economics, Econometrics and Finance"
1710,21,0.17423777954368025,0.4817741533491463,0.30753637380546606,Information Systems,Energy
1710,22,12.42526531598404,15.211346683421114,2.786081367437074,Information Systems,Engineering
1710,23,2.5537091167585855,4.353121371486729,1.7994122547281437,Information Systems,Environmental Science
1710,24,0.08281741204665148,0.15533692789599657,0.07251951584934509,Information Systems,Immunology and Microbiology
1710,25,0.553689564587107,0.5521306387690611,-0.001558925818045953,Information Systems,Materials Science
1710,26,1.5914070999520973,1.3920840789607551,-0.19932302099134214,Information Systems,Mathematics
1710,27,2.765598792234436,5.465493113551707,2.699894321317271,Information Systems,Medicine
1710,28,1.01364043277335,1.2398154905207153,0.22617505774736535,Information Systems,Neuroscience
1710,29,0.22809004612915884,0.34682104780383155,0.11873100167467271,Information Systems,Nursing
1710,30,0.07851593432146284,0.08580584373323964,0.007289909411776804,Information Systems,"Pharmacology, Toxicology and Pharmaceutics"
1710,31,2.354528352743519,2.0392255798309256,-0.31530277291259345,Information Systems,Physics and Astronomy
1710,32,6.9417191665747255,6.452170598956012,-0.4895485676187139,Information Systems,Psychology
1710,33,25.919419915003918,23.943311441658395,-1.9761084733455228,Information Systems,Social Sciences
1710,34,0.021591183646563775,0.04397056044924796,0.022379376802684182,Information Systems,Veterinary
1710,35,0.04893629204240587,0.11174318106414677,0.06280688902174089,Information Systems,Dentistry
1710,36,2.559099929751841,3.4058567961117143,0.8467568663598732,Information Systems,Health Professions
1711,11,0.9821152240330694,1.0527140749938375,0.07059885096076812,Signal Processing,Agricultural and Biological Sciences
1711,12,0.9542224069252876,0.8481607494917909,-0.10606165743349671,Signal Processing,Arts and Humanities
1711,13,3.5047640861361105,3.2235683492841436,-0.28119573685196686,Signal Processing,"Biochemistry, Genetics and Molecular Biology"
1711,14,1.4951814631503917,1.4108429316216005,-0.08433853152879123,Signal Processing,"Business, Management and Accounting"
1711,15,0.06639474097444294,0.06600989520874408,-0.0003848457656988602,Signal Processing,Chemical Engineering
1711,16,1.9289604375167524,0.9090334607267393,-1.0199269767900132,Signal Processing,Chemistry
1711,17,0.0,0.0,0.0,Signal Processing,Computer Science
1711,18,3.5200102859154274,3.276326644924119,-0.24368364099130835,Signal Processing,Decision Sciences
1711,19,2.440094554542226,2.4945990245480045,0.054504470005778405,Signal Processing,Earth and Planetary Sciences
1711,20,2.2087317164164686,1.8406442612474045,-0.36808745516906405,Signal Processing,"Economics, Econometrics and Finance"
1711,21,0.08476746559329673,0.19511083109566646,0.11034336550236973,Signal Processing,Energy
1711,22,39.91989070512269,39.127113633779786,-0.7927770713429041,Signal Processing,Engineering
1711,23,3.0505748765813103,3.8862796761764407,0.8357047995951303,Signal Processing,Environmental Science
1711,24,0.06242510831300799,0.07084059945683037,0.008415491143822382,Signal Processing,Immunology and Microbiology
1711,25,0.40609693421405313,0.6573406345560561,0.25124370034200294,Signal Processing,Materials Science
1711,26,4.030512072074478,2.9767500101795052,-1.0537620618949726,Signal Processing,Mathematics
1711,27,5.197127391132824,7.542816312252053,2.345688921119229,Signal Processing,Medicine
1711,28,12.178762746297265,12.05259250470264,-0.1261702415946253,Signal Processing,Neuroscience
1711,29,0.05357247618308227,0.0627115895892048,0.009139113406122522,Signal Processing,Nursing
1711,30,0.02248287525060502,0.03579975081738873,0.013316875566783713,Signal Processing,"Pharmacology, Toxicology and Pharmaceutics"
1711,31,3.860906881902726,3.490716510194172,-0.37019037170855373,Signal Processing,Physics and Astronomy
1711,32,5.547333302653577,5.6496034809091595,0.1022701782555826,Signal Processing,Psychology
1711,33,6.404809087016104,6.866736631609764,0.46192754459366014,Signal Processing,Social Sciences
1711,34,0.03790472249281689,0.05652361798440544,0.018618895491588544,Signal Processing,Veterinary
1711,35,0.041242024287828576,0.06879740128543435,0.027555376997605775,Signal Processing,Dentistry
1711,36,2.001116415274163,2.1383674233651093,0.13725100809094615,Signal Processing,Health Professions
1712,11,0.7678294442538427,1.1216131712183917,0.35378372696454896,Software,Agricultural and Biological Sciences
1712,12,0.39333742455797865,0.23921755443387108,-0.15411987012410758,Software,Arts and Humanities
1712,13,2.5475121649504464,2.584011844029641,0.03649967907919471,Software,"Biochemistry, Genetics and Molecular Biology"
1712,14,15.394521302555727,10.428627009369675,-4.965894293186052,Software,"Business, Management and Accounting"
1712,15,0.1309514030162312,0.14882079741752902,0.01786939440129781,Software,Chemical Engineering
1712,16,1.4426399029703256,0.9188624903536131,-0.5237774126167125,Software,Chemistry
1712,17,0.0,0.0,0.0,Software,Computer Science
1712,18,15.407326513551778,15.264339891806381,-0.142986621745397,Software,Decision Sciences
1712,19,0.31505651205381086,0.34746253478156475,0.03240602272775389,Software,Earth and Planetary Sciences
1712,20,1.2370317037695642,0.916422805150047,-0.32060889861951714,Software,"Economics, Econometrics and Finance"
1712,21,0.16356844989296776,0.3034197966329776,0.13985134674000982,Software,Energy
1712,22,41.3876499780137,46.39472308930917,5.007073111295469,Software,Engineering
1712,23,1.272789651456653,1.9202890641752772,0.6474994127186242,Software,Environmental Science
1712,24,0.08311306759701759,0.13071576511738095,0.04760269752036336,Software,Immunology and Microbiology
1712,25,0.8098691935616366,0.8563295064516833,0.04646031289004671,Software,Materials Science
1712,26,5.17137238036792,4.70319945453775,-0.4681729258301699,Software,Mathematics
1712,27,1.5037666648948764,2.059864738716135,0.5560980738212586,Software,Medicine
1712,28,0.36627735603801936,0.5186257124843827,0.15234835644636335,Software,Neuroscience
1712,29,0.04977119745635356,0.0518754116968781,0.002104214240524538,Software,Nursing
1712,30,0.05267049051206347,0.05007774891530312,-0.002592741596760345,Software,"Pharmacology, Toxicology and Pharmaceutics"
1712,31,0.9045794333814938,0.9256679280267185,0.021088494645224665,Software,Physics and Astronomy
1712,32,2.8125558717932613,2.8743343832540007,0.06177851146073943,Software,Psychology
1712,33,6.119682817339705,4.855358768549633,-1.2643240487900727,Software,Social Sciences
1712,34,0.017154150579617004,0.02863420002080153,0.011480049441184526,Software,Veterinary
1712,35,0.018120581598186976,0.02889100898959795,0.010770427391410976,Software,Dentistry
1712,36,1.6308523438368279,2.328615324561595,0.6977629807247672,Software,Health Professions
1800,11,1.2277550298809499,1.4725389792456842,0.24478394936473435,General Decision Sciences,Agricultural and Biological Sciences
1800,12,1.6522444649999843,1.660944848014321,0.008700383014336621,General Decision Sciences,Arts and Humanities
1800,13,0.3813017549730551,0.44032454270780275,0.05902278773474767,General Decision Sciences,"Biochemistry, Genetics and Molecular Biology"
1800,14,14.431819975564867,13.525662263936347,-0.90615771162852,General Decision Sciences,"Business, Management and Accounting"
1800,15,0.005303750193365892,0.006459453177927338,0.001155702984561446,General Decision Sciences,Chemical Engineering
1800,16,0.01237541711785375,0.018265726450502662,0.005890309332648912,General Decision Sciences,Chemistry
1800,17,3.8243827287163343,3.9252458919114046,0.10086316319507027,General Decision Sciences,Computer Science
1800,18,0.0,0.0,0.0,General Decision Sciences,Decision Sciences
1800,19,0.06629687741707366,0.10662733714760436,0.040330459730530704,General Decision Sciences,Earth and Planetary Sciences
1800,20,18.278049103887206,14.92785810713915,-3.350190996748056,General Decision Sciences,"Economics, Econometrics and Finance"
1800,21,0.27478477192295675,0.36803429876918053,0.09324952684622378,General Decision Sciences,Energy
1800,22,1.5375192971268195,1.8912289897786108,0.3537096926517913,General Decision Sciences,Engineering
1800,23,2.1722014035996047,3.038724576334047,0.8665231727344422,General Decision Sciences,Environmental Science
1800,24,0.019952203108376452,0.03937484855827478,0.019422645449898326,General Decision Sciences,Immunology and Microbiology
1800,25,0.01237541711785375,0.016473150927441487,0.004097733809587736,General Decision Sciences,Materials Science
1800,26,0.9373747067941671,0.986936451343319,0.049561744549151854,General Decision Sciences,Mathematics
1800,27,3.847302506337666,4.508667411718746,0.6613649053810802,General Decision Sciences,Medicine
1800,28,7.649523136031721,8.792892005360418,1.1433688693286967,General Decision Sciences,Neuroscience
1800,29,0.1284896624226142,0.1500818403445701,0.02159217792195589,General Decision Sciences,Nursing
1800,30,0.08593338110917832,0.07593720793381564,-0.00999617317536268,General Decision Sciences,"Pharmacology, Toxicology and Pharmaceutics"
1800,31,0.41198773823467205,0.571553433585695,0.15956569535102294,General Decision Sciences,Physics and Astronomy
1800,32,18.12272499108149,18.779330244334226,0.6566052532527351,General Decision Sciences,Psychology
1800,33,22.504696028817044,22.318770614618515,-0.18592541419852893,General Decision Sciences,Social Sciences
1800,34,0.05783613306098997,0.07389738061447017,0.0160612475534802,General Decision Sciences,Veterinary
1800,35,0.012501696884362461,0.017740316383398524,0.005238619499036062,General Decision Sciences,Dentistry
1800,36,2.345267823599794,2.286430079664529,-0.058837743935264974,General Decision Sciences,Health Professions
1802,11,0.9031643225928982,1.227569889066688,0.3244055664737897,Information Systems and Management,Agricultural and Biological Sciences
1802,12,1.4287609555731557,1.2889832583037986,-0.13977769726935718,Information Systems and Management,Arts and Humanities
1802,13,1.742302818152184,2.0520997769813825,0.30979695882919844,Information Systems and Management,"Biochemistry, Genetics and Molecular Biology"
1802,14,28.610002373265033,26.37072525150344,-2.2392771217615923,Information Systems and Management,"Business, Management and Accounting"
1802,15,0.03164353374545856,0.03679852184916453,0.005154988103705974,Information Systems and Management,Chemical Engineering
1802,16,0.25791942534357704,0.298854397102738,0.04093497175916094,Information Systems and Management,Chemistry
1802,17,17.26527223750873,14.310091277434081,-2.9551809600746477,Information Systems and Management,Computer Science
1802,18,0.0,0.0,0.0,Information Systems and Management,Decision Sciences
1802,19,0.2577039538102909,0.380360141767121,0.12265618795683014,Information Systems and Management,Earth and Planetary Sciences
1802,20,1.912740800981565,2.251167292762785,0.33842649178121986,Information Systems and Management,"Economics, Econometrics and Finance"
1802,21,0.07526112841210716,0.13679915184525857,0.0615380234331514,Information Systems and Management,Energy
1802,22,3.207016738136522,3.6446286533023495,0.43761191516582754,Information Systems and Management,Engineering
1802,23,1.4047204887879388,2.677629648696178,1.2729091599082394,Information Systems and Management,Environmental Science
1802,24,0.11857090660263264,0.1900338217903049,0.07146291518767225,Information Systems and Management,Immunology and Microbiology
1802,25,0.3387828136211253,0.3987987774475798,0.06001596382645452,Information Systems and Management,Materials Science
1802,26,0.2725714896070384,0.283115744682383,0.010544255075344566,Information Systems and Management,Mathematics
1802,27,2.162687779593553,3.441286164025783,1.2785983844322302,Information Systems and Management,Medicine
1802,28,1.728666548259929,1.6227124391828769,-0.10595410907705216,Information Systems and Management,Neuroscience
1802,29,0.14011805993125226,0.15095156410030258,0.010833504169050323,Information Systems and Management,Nursing
1802,30,0.23557194917703728,0.15351654819740118,-0.0820554009796361,Information Systems and Management,"Pharmacology, Toxicology and Pharmaceutics"
1802,31,0.6560492555612433,0.63839979192129,-0.017649463639953233,Information Systems and Management,Physics and Astronomy
1802,32,5.954709730602098,6.733893249861851,0.7791835192597532,Information Systems and Management,Psychology
1802,33,28.612003180359828,28.805873903581798,0.19387072322196985,Information Systems and Management,Social Sciences
1802,34,0.015421605453769197,0.03701227052392275,0.021590665070153555,Information Systems and Management,Veterinary
1802,35,0.023270925594909207,0.04730595670306844,0.024035031108159233,Information Systems and Management,Dentistry
1802,36,2.645066979326122,2.8213925073664545,0.17632552804033264,Information Systems and Management,Health Professions
1803,11,1.721441705286592,1.8357550663140239,0.11431336102743184,Management Science and Operations Research,Agricultural and Biological Sciences
1803,12,0.6197194170251513,0.5950704859618507,-0.024648931063300572,Management Science and Operations Research,Arts and Humanities
1803,13,1.2476524443553096,1.1138896851498796,-0.13376275920543002,Management Science and Operations Research,"Biochemistry, Genetics and Molecular Biology"
1803,14,21.13490930511345,18.398843065520552,-2.7360662395928976,Management Science and Operations Research,"Business, Management and Accounting"
1803,15,0.03908267578259833,0.047563652634114134,0.008480976851515803,Management Science and Operations Research,Chemical Engineering
1803,16,0.2475773628868774,0.21654048925981678,-0.031036873627060618,Management Science and Operations Research,Chemistry
1803,17,14.746675629411982,14.071364604040598,-0.6753110253713839,Management Science and Operations Research,Computer Science
1803,18,0.0,0.0,0.0,Management Science and Operations Research,Decision Sciences
1803,19,0.3805673034818149,0.5269317952610252,0.1463644917792103,Management Science and Operations Research,Earth and Planetary Sciences
1803,20,12.989013414387726,10.319858225267312,-2.6691551891204135,Management Science and Operations Research,"Economics, Econometrics and Finance"
1803,21,0.3877227185941524,0.8395425011747474,0.45181978258059496,Management Science and Operations Research,Energy
1803,22,10.456792630527117,13.563784730662032,3.1069921001349154,Management Science and Operations Research,Engineering
1803,23,3.622706046980843,5.894481544399896,2.2717754974190525,Management Science and Operations Research,Environmental Science
1803,24,0.097233021132158,0.11531984154641026,0.01808682041425226,Management Science and Operations Research,Immunology and Microbiology
1803,25,0.18124364138067262,0.25590703961184075,0.07466339823116813,Management Science and Operations Research,Materials Science
1803,26,4.624020728532117,3.7887113492505966,-0.8353093792815205,Management Science and Operations Research,Mathematics
1803,27,3.3835740895364146,4.447308265974843,1.063734176438428,Management Science and Operations Research,Medicine
1803,28,0.7527597478673588,0.9006538334351486,0.14789408556778982,Management Science and Operations Research,Neuroscience
1803,29,0.16258917184132513,0.19304776313176453,0.030458591290439402,Management Science and Operations Research,Nursing
1803,30,0.07741957590560092,0.06233444844465211,-0.01508512746094881,Management Science and Operations Research,"Pharmacology, Toxicology and Pharmaceutics"
1803,31,0.989493129541736,0.9991435962862635,0.00965046674452752,Management Science and Operations Research,Physics and Astronomy
1803,32,5.578270919133228,5.698391557740758,0.12012063860752953,Management Science and Operations Research,Psychology
1803,33,13.819757108930109,12.65769136597838,-1.1620657429517287,Management Science and Operations Research,Social Sciences
1803,34,0.03322732904982638,0.04183502119660348,0.008607692146777098,Management Science and Operations Research,Veterinary
1803,35,0.04126961251411557,0.05535601465159758,0.014086402137482017,Management Science and Operations Research,Dentistry
1803,36,2.665281270801724,3.360674057105293,0.6953927863035689,Management Science and Operations Research,Health Professions
1804,11,1.4207915603558054,1.2502775649812317,-0.1705139953745738,"Statistics, Probability and Uncertainty",Agricultural and Biological Sciences
1804,12,0.8432092200169484,0.6989492707434217,-0.1442599492735267,"Statistics, Probability and Uncertainty",Arts and Humanities
1804,13,2.729586075671468,2.79431254724103,0.0647264715695619,"Statistics, Probability and Uncertainty","Biochemistry, Genetics and Molecular Biology"
1804,14,4.09160762838572,3.6657585863700923,-0.4258490420156278,"Statistics, Probability and Uncertainty","Business, Management and Accounting"
1804,15,0.533238578395148,0.36936662872067655,-0.16387194967447144,"Statistics, Probability and Uncertainty",Chemical Engineering
1804,16,1.4673863975510237,0.7858613759384092,-0.6815250216126145,"Statistics, Probability and Uncertainty",Chemistry
1804,17,8.550576214751612,6.972275234809959,-1.5783009799416527,"Statistics, Probability and Uncertainty",Computer Science
1804,18,0.0,0.0,0.0,"Statistics, Probability and Uncertainty",Decision Sciences
1804,19,0.9915139304040147,0.8167224388675648,-0.1747914915364499,"Statistics, Probability and Uncertainty",Earth and Planetary Sciences
1804,20,4.232166703498776,2.887830443712021,-1.344336259786755,"Statistics, Probability and Uncertainty","Economics, Econometrics and Finance"
1804,21,0.18512068304884663,0.3185860810400987,0.1334653979912521,"Statistics, Probability and Uncertainty",Energy
1804,22,21.419295684543513,21.032046099468765,-0.3872495850747484,"Statistics, Probability and Uncertainty",Engineering
1804,23,4.209196053889289,4.465239988554151,0.25604393466486197,"Statistics, Probability and Uncertainty",Environmental Science
1804,24,0.435135266627761,0.5338280529025697,0.09869278627480876,"Statistics, Probability and Uncertainty",Immunology and Microbiology
1804,25,1.3652408323750127,1.1417964908874247,-0.22344434148758796,"Statistics, Probability and Uncertainty",Materials Science
1804,26,6.103221724376894,4.295743710379489,-1.8074780139974047,"Statistics, Probability and Uncertainty",Mathematics
1804,27,20.970145659091838,25.798269816804364,4.8281241577125265,"Statistics, Probability and Uncertainty",Medicine
1804,28,1.256535682326324,1.8066564225846429,0.5501207402583188,"Statistics, Probability and Uncertainty",Neuroscience
1804,29,0.42981014237687887,0.46492674365987385,0.035116601282994986,"Statistics, Probability and Uncertainty",Nursing
1804,30,0.5638338377274887,0.34075200610654743,-0.2230818316209413,"Statistics, Probability and Uncertainty","Pharmacology, Toxicology and Pharmaceutics"
1804,31,3.9729541780319746,2.6781417351457866,-1.294812442886188,"Statistics, Probability and Uncertainty",Physics and Astronomy
1804,32,3.4750792656847302,4.690151079394934,1.2150718137102041,"Statistics, Probability and Uncertainty",Psychology
1804,33,4.28868563588882,5.149626670681982,0.8609410347931625,"Statistics, Probability and Uncertainty",Social Sciences
1804,34,0.16178695678589056,0.21114182555322714,0.04935486876733658,"Statistics, Probability and Uncertainty",Veterinary
1804,35,0.48804763759334396,0.6405732412984017,0.1525256037050577,"Statistics, Probability and Uncertainty",Dentistry
1804,36,5.81583445060088,6.191165944153337,0.37533149355245676,"Statistics, Probability and Uncertainty",Health Professions
1902,11,6.182772219170731,5.8946697274998705,-0.28810249167086077,Atmospheric Science,Agricultural and Biological Sciences
1902,12,0.7446888763567072,0.7364198662826605,-0.008269010074046679,Atmospheric Science,Arts and Humanities
1902,13,2.808331427000925,2.288673616888425,-0.5196578101125002,Atmospheric Science,"Biochemistry, Genetics and Molecular Biology"
1902,14,0.05494315051707483,0.10134371169938572,0.04640056118231089,Atmospheric Science,"Business, Management and Accounting"
1902,15,1.334367442207545,1.0228211796072104,-0.3115462626003347,Atmospheric Science,Chemical Engineering
1902,16,4.884712763619267,3.0413733048128164,-1.8433394588064504,Atmospheric Science,Chemistry
1902,17,2.018461453143165,2.303558322712638,0.2850968695694731,Atmospheric Science,Computer Science
1902,18,0.2087138352431318,0.2259809989390179,0.0172671636958861,Atmospheric Science,Decision Sciences
1902,19,0.0,0.0,0.0,Atmospheric Science,Earth and Planetary Sciences
1902,20,0.4406054103956486,0.4996839819742707,0.05907857157862212,Atmospheric Science,"Economics, Econometrics and Finance"
1902,21,0.6923962414872573,0.9209569023042732,0.22856066081701587,Atmospheric Science,Energy
1902,22,13.109988651715312,14.250983140198867,1.140994488483555,Atmospheric Science,Engineering
1902,23,46.76356136331108,53.21154273017641,6.447981366865335,Atmospheric Science,Environmental Science
1902,24,0.04779899141763033,0.05185527498843304,0.0040562835708027045,Atmospheric Science,Immunology and Microbiology
1902,25,5.777879448839543,4.1439902505697415,-1.6338891982698014,Atmospheric Science,Materials Science
1902,26,0.45730773669206676,0.38628744133399173,-0.07102029535807503,Atmospheric Science,Mathematics
1902,27,1.1081602036900886,1.3615358656513186,0.25337566196122996,Atmospheric Science,Medicine
1902,28,0.12045574189360178,0.11958780088518364,-0.0008679410084181383,Atmospheric Science,Neuroscience
1902,29,0.04332165883133464,0.05192468373557322,0.00860302490423858,Atmospheric Science,Nursing
1902,30,0.07201247128777953,0.0544928073797601,-0.01751966390801943,Atmospheric Science,"Pharmacology, Toxicology and Pharmaceutics"
1902,31,9.962203646864868,6.03453529386206,-3.927668353002808,Atmospheric Science,Physics and Astronomy
1902,32,0.1414722921210772,0.1624372909321775,0.02096499881110031,Atmospheric Science,Psychology
1902,33,2.543247240507382,2.5931316157814943,0.04988437527411227,Atmospheric Science,Social Sciences
1902,34,0.01602542537717857,0.018851415723274544,0.0028259903460959752,Atmospheric Science,Veterinary
1902,35,0.013546173817553998,0.013059255774426013,-0.00048691804312798494,Atmospheric Science,Dentistry
1902,36,0.4530261344920572,0.5103035202867192,0.05727738579466202,Atmospheric Science,Health Professions
1904,11,9.530112539237608,8.02371273620441,-1.506399803033199,Earth-Surface Processes,Agricultural and Biological Sciences
1904,12,4.32363464353841,5.464902589308459,1.141267945770049,Earth-Surface Processes,Arts and Humanities
1904,13,2.611239700201048,1.9724115429728208,-0.6388281572282273,Earth-Surface Processes,"Biochemistry, Genetics and Molecular Biology"
1904,14,0.05235580047527277,0.09646730431015575,0.044111503834882985,Earth-Surface Processes,"Business, Management and Accounting"
1904,15,0.2876995684740413,0.19175963174521868,-0.09593993672882264,Earth-Surface Processes,Chemical Engineering
1904,16,1.2325837423776458,1.2067353080210392,-0.025848434356606553,Earth-Surface Processes,Chemistry
1904,17,2.67047334041704,2.275657748648947,-0.3948155917680931,Earth-Surface Processes,Computer Science
1904,18,0.13905401162869585,0.14116751151477339,0.0021134998860775356,Earth-Surface Processes,Decision Sciences
1904,19,0.0,0.0,0.0,Earth-Surface Processes,Earth and Planetary Sciences
1904,20,0.2687972061934245,0.20415648920996599,-0.06464071698345852,Earth-Surface Processes,"Economics, Econometrics and Finance"
1904,21,0.38534617758207906,0.5551680591561691,0.16982188157409,Earth-Surface Processes,Energy
1904,22,20.212099476956663,27.201906663923918,6.989807186967255,Earth-Surface Processes,Engineering
1904,23,44.73131742446892,40.84020382613339,-3.8911135983355294,Earth-Surface Processes,Environmental Science
1904,24,0.04973567105023677,0.045636782974619136,-0.004098888075617632,Earth-Surface Processes,Immunology and Microbiology
1904,25,4.086653294648994,4.544027234942245,0.45737394029325085,Earth-Surface Processes,Materials Science
1904,26,0.8451321036504484,0.5892764458345878,-0.2558556578158606,Earth-Surface Processes,Mathematics
1904,27,0.7308289574832534,0.6489278080585023,-0.08190114942475113,Earth-Surface Processes,Medicine
1904,28,0.04285783130951729,0.045755983527164784,0.0028981522176474914,Earth-Surface Processes,Neuroscience
1904,29,0.040424853986269584,0.04154990688733981,0.0011250529010702268,Earth-Surface Processes,Nursing
1904,30,0.028166391319136914,0.023244107746401163,-0.004922283572735751,Earth-Surface Processes,"Pharmacology, Toxicology and Pharmaceutics"
1904,31,2.74748643030292,1.8911678520877808,-0.856318578215139,Earth-Surface Processes,Physics and Astronomy
1904,32,0.10517948120501623,0.1315463240593033,0.026366842854287073,Earth-Surface Processes,Psychology
1904,33,3.336407306605206,2.6803265958910547,-0.6560807107141513,Earth-Surface Processes,Social Sciences
1904,34,0.013194223176074101,0.00984255991019771,-0.0033516632658763916,Earth-Surface Processes,Veterinary
1904,35,1.121181453788169,0.820270088017688,-0.30091136577048105,Earth-Surface Processes,Dentistry
1904,36,0.4080383699239087,0.3541788989138446,-0.05385947101006411,Earth-Surface Processes,Health Professions
1906,11,5.9354356204222505,6.122103484884192,0.18666786446194195,Geochemistry and Petrology,Agricultural and Biological Sciences
1906,12,0.9067002375527726,0.7859622736326631,-0.12073796392010949,Geochemistry and Petrology,Arts and Humanities
1906,13,2.2971387818349345,1.8059341740631853,-0.4912046077717491,Geochemistry and Petrology,"Biochemistry, Genetics and Molecular Biology"
1906,14,0.05383546216941729,0.0890715662859221,0.0352361041165048,Geochemistry and Petrology,"Business, Management and Accounting"
1906,15,0.6519253227091081,0.5997406262126126,-0.052184696496495486,Geochemistry and Petrology,Chemical Engineering
1906,16,5.941422158520059,5.33884394967501,-0.6025782088450482,Geochemistry and Petrology,Chemistry
1906,17,5.880255356216369,5.759431628959753,-0.12082372725661639,Geochemistry and Petrology,Computer Science
1906,18,0.15300376718093053,0.11990060456694483,-0.0331031626139857,Geochemistry and Petrology,Decision Sciences
1906,19,0.0,0.0,0.0,Geochemistry and Petrology,Earth and Planetary Sciences
1906,20,0.1532640514460526,0.1627137632202148,0.009449711774162206,Geochemistry and Petrology,"Economics, Econometrics and Finance"
1906,21,1.4286569505442543,1.5772557730566978,0.1485988225124435,Geochemistry and Petrology,Energy
1906,22,16.436083728242405,20.80115106956418,4.365067341321776,Geochemistry and Petrology,Engineering
1906,23,43.40444010251729,43.22246017210504,-0.18197993041225402,Geochemistry and Petrology,Environmental Science
1906,24,0.05340165506088049,0.04455063335407908,-0.00885102170680141,Geochemistry and Petrology,Immunology and Microbiology
1906,25,9.082619431435052,7.858820824926258,-1.2237986065087947,Geochemistry and Petrology,Materials Science
1906,26,0.13421991938128694,0.07676074126907825,-0.057459178112208686,Geochemistry and Petrology,Mathematics
1906,27,1.0315499233896646,0.9839898388915447,-0.04756008449811988,Geochemistry and Petrology,Medicine
1906,28,0.0657217769433257,0.06317279809608413,-0.002548978847241576,Geochemistry and Petrology,Neuroscience
1906,29,0.43762461109192724,0.5147083173507937,0.07708370625886646,Geochemistry and Petrology,Nursing
1906,30,0.08055798005528438,0.07067215471068744,-0.009885825344596935,Geochemistry and Petrology,"Pharmacology, Toxicology and Pharmaceutics"
1906,31,3.3572765936771747,1.880571335142386,-1.4767052585347886,Geochemistry and Petrology,Physics and Astronomy
1906,32,0.11370084314749615,0.06547458081937822,-0.04822626232811793,Geochemistry and Petrology,Psychology
1906,33,1.1357937715710584,0.9011702114863116,-0.23462356008474683,Geochemistry and Petrology,Social Sciences
1906,34,0.01275392899098202,0.007365704714541075,-0.005388224276440945,Geochemistry and Petrology,Veterinary
1906,35,0.12823338128347905,0.1173463682546443,-0.010887013028834755,Geochemistry and Petrology,Dentistry
1906,36,1.1243846446165404,1.0308274047577999,-0.09355723985874054,Geochemistry and Petrology,Health Professions
1907,11,3.662733196948964,2.8213762981036337,-0.8413568988453304,Geology,Agricultural and Biological Sciences
1907,12,2.0838357426399856,2.6862168556553727,0.6023811130153871,Geology,Arts and Humanities
1907,13,3.4691306173876524,1.7811526739593049,-1.6879779434283475,Geology,"Biochemistry, Genetics and Molecular Biology"
1907,14,0.2965682621831434,0.47626749602173574,0.17969923383859232,Geology,"Business, Management and Accounting"
1907,15,0.09510777526384956,0.055158978256990794,-0.039948797006858765,Geology,Chemical Engineering
1907,16,1.3109157171695276,1.2383027426451068,-0.07261297452442084,Geology,Chemistry
1907,17,20.370811938599935,16.87030640975614,-3.500505528843796,Geology,Computer Science
1907,18,0.5797238893931799,0.9784281613238734,0.3987042719306936,Geology,Decision Sciences
1907,19,0.0,0.0,0.0,Geology,Earth and Planetary Sciences
1907,20,0.3347739496822967,0.2257130050437283,-0.10906094463856839,Geology,"Economics, Econometrics and Finance"
1907,21,0.3728441560201054,0.357391012966893,-0.015453143053212381,Geology,Energy
1907,22,29.17844223760686,38.23757454259027,9.059132304983414,Geology,Engineering
1907,23,26.971860562788745,25.918482210594874,-1.0533783521938709,Geology,Environmental Science
1907,24,0.05459890802183956,0.025204135363976726,-0.029394772657862833,Geology,Immunology and Microbiology
1907,25,1.1804473587947597,0.7207657415237949,-0.4596816172709648,Geology,Materials Science
1907,26,0.26771077481676175,0.17276618830789225,-0.0949445865088695,Geology,Mathematics
1907,27,1.20686618525694,0.8421807705865201,-0.3646854146704199,Geology,Medicine
1907,28,0.6512579425830839,0.35557776581840544,-0.29568017676467845,Geology,Neuroscience
1907,29,0.02628334530083592,0.020308368063060384,-0.005974977237775535,Geology,Nursing
1907,30,0.016528701684030835,0.009972859316681439,-0.006555842367349397,Geology,"Pharmacology, Toxicology and Pharmaceutics"
1907,31,2.8264079879692727,1.775785462399782,-1.0506225255694908,Geology,Physics and Astronomy
1907,32,0.6310712495427511,0.7705937731642324,0.13952252362148132,Geology,Psychology
1907,33,3.3153594992616275,2.719399278472695,-0.5959602207889327,Geology,Social Sciences
1907,34,0.020186693040332743,0.017733557112208084,-0.002453135928124659,Geology,Veterinary
1907,35,0.5519502513175543,0.24685546679509293,-0.3050947845224613,Geology,Dentistry
1907,36,0.5245830567259623,0.6764862461577292,0.15190318943176695,Geology,Health Professions
1908,11,1.0418121055128144,0.8994838612256568,-0.14232824428715762,Geophysics,Agricultural and Biological Sciences
1908,12,0.7513450640770476,0.6287640138986389,-0.1225810501784087,Geophysics,Arts and Humanities
1908,13,3.7887743385920367,2.9683200349554304,-0.8204543036366063,Geophysics,"Biochemistry, Genetics and Molecular Biology"
1908,14,0.044094776758329415,0.05221628029885608,0.008121503540526667,Geophysics,"Business, Management and Accounting"
1908,15,0.5528273129179627,0.45700690915925446,-0.09582040375870826,Geophysics,Chemical Engineering
1908,16,3.5794336558858957,3.0422710106071094,-0.5371626452787863,Geophysics,Chemistry
1908,17,11.953809261253705,14.832885413336719,2.879076152083014,Geophysics,Computer Science
1908,18,0.18008409034537928,0.19787729294610343,0.017793202600724145,Geophysics,Decision Sciences
1908,19,0.0,0.0,0.0,Geophysics,Earth and Planetary Sciences
1908,20,0.4371332773753095,0.38737717005591904,-0.04975610731939045,Geophysics,"Economics, Econometrics and Finance"
1908,21,0.6247550923900556,0.8185128841924669,0.19375779180241137,Geophysics,Energy
1908,22,28.94424219129139,33.44559177647802,4.501349585186627,Geophysics,Engineering
1908,23,10.231010272294371,11.515364485861204,1.2843542135668322,Geophysics,Environmental Science
1908,24,0.01649903898573253,0.01594359581498682,-0.0005554431707457119,Geophysics,Immunology and Microbiology
1908,25,13.92789007405769,11.545010738835066,-2.382879335222624,Geophysics,Materials Science
1908,26,0.748406629036447,0.5593431077883462,-0.18906352124810077,Geophysics,Mathematics
1908,27,0.8467438215753041,0.7791719611185095,-0.06757186045679464,Geophysics,Medicine
1908,28,0.14312551297136558,0.153130808167619,0.010005295196253428,Geophysics,Neuroscience
1908,29,0.0217553699900367,0.026947488140695607,0.005192118150658908,Geophysics,Nursing
1908,30,0.02159110964615219,0.02081101096051932,-0.0007800986856328698,Geophysics,"Pharmacology, Toxicology and Pharmaceutics"
1908,31,20.688791074895967,16.278475583407097,-4.41031549148887,Geophysics,Physics and Astronomy
1908,32,0.047818011219711534,0.05043316781979961,0.002615156600088077,Geophysics,Psychology
1908,33,0.9554841692268466,0.8329143286742157,-0.12256984055263098,Geophysics,Social Sciences
1908,34,0.0029384350406005946,0.0024979638783178344,-0.00044047116228276015,Geophysics,Veterinary
1908,35,0.03849167391693573,0.03921241046285423,0.0007207365459184975,Geophysics,Dentistry
1908,36,0.4111436407429167,0.45043670191660495,0.03929306117368825,Geophysics,Health Professions
1910,11,7.339403224268613,6.813673386914039,-0.5257298373545742,Oceanography,Agricultural and Biological Sciences
1910,12,0.40332186462954434,0.38621448047966234,-0.017107384149882,Oceanography,Arts and Humanities
1910,13,6.673458074354664,6.1553622125148175,-0.5180958618398463,Oceanography,"Biochemistry, Genetics and Molecular Biology"
1910,14,0.041499401064218455,0.06289746216426892,0.021398061100050464,Oceanography,"Business, Management and Accounting"
1910,15,0.2640998820691368,0.2557339960047746,-0.008365886064362227,Oceanography,Chemical Engineering
1910,16,0.9316622570330305,0.7494489955054717,-0.1822132615275588,Oceanography,Chemistry
1910,17,2.144581044491127,2.1144776589684895,-0.03010338552263736,Oceanography,Computer Science
1910,18,0.13678911357223075,0.15099401384599734,0.014204900273766585,Oceanography,Decision Sciences
1910,19,0.0,0.0,0.0,Oceanography,Earth and Planetary Sciences
1910,20,0.3075258903667669,0.2527796199923828,-0.05474627037438412,Oceanography,"Economics, Econometrics and Finance"
1910,21,1.3047631074684014,1.6754119315884157,0.3706488241200143,Oceanography,Energy
1910,22,9.71613340897259,11.379694934608697,1.6635615256361067,Oceanography,Engineering
1910,23,58.358114377468205,57.999641464413344,-0.35847291305486095,Oceanography,Environmental Science
1910,24,0.402970293966513,0.4617048032940356,0.05873450932752261,Oceanography,Immunology and Microbiology
1910,25,1.4683137799105774,1.5805042732174854,0.112190493306908,Oceanography,Materials Science
1910,26,0.7084992629672621,0.6528368894350846,-0.05566237353217751,Oceanography,Mathematics
1910,27,1.005084274300494,1.0221739956358118,0.01708972133531783,Oceanography,Medicine
1910,28,0.46359513909963596,0.3819700715025836,-0.08162506759705235,Oceanography,Neuroscience
1910,29,0.10845251813190537,0.1465223451756577,0.038069827043752336,Oceanography,Nursing
1910,30,0.04696984058098599,0.05010407825540487,0.00313423767441888,Oceanography,"Pharmacology, Toxicology and Pharmaceutics"
1910,31,6.839286924693283,6.303094381351658,-0.5361925433416257,Oceanography,Physics and Astronomy
1910,32,0.11859181605372901,0.11686495520510923,-0.0017268608486197823,Oceanography,Psychology
1910,33,0.9220151580394508,0.9821027644270135,0.06008760638756272,Oceanography,Social Sciences
1910,34,0.06359210152910738,0.05746328185188309,-0.006128819677224291,Oceanography,Veterinary
1910,35,0.016776952039855176,0.017592573901844398,0.0008156218619892221,Oceanography,Dentistry
1910,36,0.21450029292867642,0.23073542974607472,0.0162351368173983,Oceanography,Health Professions
1911,11,14.575482663273545,13.332971589351125,-1.2425110739224206,Paleontology,Agricultural and Biological Sciences
1911,12,5.539157510950155,6.4424432767348705,0.9032857657847151,Paleontology,Arts and Humanities
1911,13,15.498966158514204,14.194964089674885,-1.3040020688393188,Paleontology,"Biochemistry, Genetics and Molecular Biology"
1911,14,0.07992389947879708,0.06572164668754653,-0.01420225279125055,Paleontology,"Business, Management and Accounting"
1911,15,0.052517923997357274,0.04974703243324196,-0.0027708915641153145,Paleontology,Chemical Engineering
1911,16,0.8072527956541953,1.0493324738296317,0.2420796781754364,Paleontology,Chemistry
1911,17,2.32963026402721,2.7864704856702356,0.4568402216430254,Paleontology,Computer Science
1911,18,0.041078376195952726,0.04074684215590731,-0.0003315340400454128,Paleontology,Decision Sciences
1911,19,0.0,0.0,0.0,Paleontology,Earth and Planetary Sciences
1911,20,0.15244573861550884,0.14646290351636856,-0.005982835099140271,Paleontology,"Economics, Econometrics and Finance"
1911,21,0.2906685100447794,0.30716405017244336,0.016495540127663966,Paleontology,Energy
1911,22,3.935724423128686,5.554911651267226,1.6191872281385398,Paleontology,Engineering
1911,23,32.32889617539824,31.020081855428295,-1.3088143199699473,Paleontology,Environmental Science
1911,24,0.8717302468984756,1.0545705266920031,0.18284027979352757,Paleontology,Immunology and Microbiology
1911,25,2.281914503144346,2.299374978747541,0.017460475603194858,Paleontology,Materials Science
1911,26,1.358033376562997,1.654501216545012,0.29646783998201487,Paleontology,Mathematics
1911,27,2.4842476815034136,2.721153992242762,0.2369063107393483,Paleontology,Medicine
1911,28,1.0396224337485014,0.8930156642379176,-0.14660676951058382,Paleontology,Neuroscience
1911,29,0.14657302958377175,0.1445528952903104,-0.0020201342934613453,Paleontology,Nursing
1911,30,0.06637384686911199,0.07088735075347653,0.004513503884364542,Paleontology,"Pharmacology, Toxicology and Pharmaceutics"
1911,31,1.4289952773631538,1.3093106389628657,-0.11968463840028809,Paleontology,Physics and Astronomy
1911,32,2.3642241906672865,1.9349830305897948,-0.4292411600774917,Paleontology,Psychology
1911,33,11.379138424645802,11.946247738195751,0.567109313549949,Paleontology,Social Sciences
1911,34,0.23240022512051287,0.2587771751123034,0.02637694999179055,Paleontology,Veterinary
1911,35,0.1685651014265789,0.1776597045419851,0.009094603115406191,Paleontology,Dentistry
1911,36,0.5464372231874128,0.5439471911665014,-0.00249003202091147,Paleontology,Health Professions
1912,11,3.881838660035239,3.3369967370677296,-0.5448419229675094,Space and Planetary Science,Agricultural and Biological Sciences
1912,12,33.230367776613065,30.86542793561511,-2.3649398409979554,Space and Planetary Science,Arts and Humanities
1912,13,1.4262774048219105,1.5932393135555039,0.1669619087335934,Space and Planetary Science,"Biochemistry, Genetics and Molecular Biology"
1912,14,1.1775988580859558,0.8198287984490833,-0.3577700596368725,Space and Planetary Science,"Business, Management and Accounting"
1912,15,0.013381805205522226,0.012287192649528308,-0.0010946125559939176,Space and Planetary Science,Chemical Engineering
1912,16,0.6902781185181881,0.45189564077709665,-0.23838247774109145,Space and Planetary Science,Chemistry
1912,17,5.927024555612552,7.379824429669475,1.4527998740569235,Space and Planetary Science,Computer Science
1912,18,0.46167227959051677,0.4751047824484279,0.013432502857911144,Space and Planetary Science,Decision Sciences
1912,19,0.0,0.0,0.0,Space and Planetary Science,Earth and Planetary Sciences
1912,20,1.0069808417155475,0.6037789943615438,-0.40320184735400366,Space and Planetary Science,"Economics, Econometrics and Finance"
1912,21,0.08029083123313335,0.07645364315262058,-0.0038371880805127684,Space and Planetary Science,Energy
1912,22,5.585788522871735,10.823651480606715,5.23786295773498,Space and Planetary Science,Engineering
1912,23,11.287552690857996,17.634851939328573,6.347299248470577,Space and Planetary Science,Environmental Science
1912,24,0.031224212146218525,0.024574385299056617,-0.006649826847161908,Space and Planetary Science,Immunology and Microbiology
1912,25,0.6512478533354149,0.46930249703059507,-0.18194535630481984,Space and Planetary Science,Materials Science
1912,26,0.11820594598211298,0.11638701926358758,-0.0018189267185254043,Space and Planetary Science,Mathematics
1912,27,0.8341325244775519,0.7300640299261404,-0.10406849455141154,Space and Planetary Science,Medicine
1912,28,0.2096482815531815,0.22936092945786174,0.019712647904680247,Space and Planetary Science,Neuroscience
1912,29,0.03345451301380556,0.02696356164757601,-0.0064909513662295484,Space and Planetary Science,Nursing
1912,30,0.026763610411044452,0.022867830764399907,-0.0038957796466445455,Space and Planetary Science,"Pharmacology, Toxicology and Pharmaceutics"
1912,31,1.246738184981154,0.8481576037243846,-0.39858058125676943,Space and Planetary Science,Physics and Astronomy
1912,32,1.9102526930882977,1.7362485835597363,-0.17400410952856138,Space and Planetary Science,Psychology
1912,33,28.976068871690792,20.850341993528744,-8.125726878162048,Space and Planetary Science,Social Sciences
1912,34,0.013381805205522226,0.01979603260201783,0.0064142273964956035,Space and Planetary Science,Veterinary
1912,35,0.32673907710150096,0.15597908446762326,-0.1707599926338777,Space and Planetary Science,Dentistry
1912,36,0.8530900818520419,0.6966155610468688,-0.1564745208051731,Space and Planetary Science,Health Professions
2000,11,3.164716501949463,2.915586173494258,-0.24913032845520533,"General Economics, Econometrics and Finance",Agricultural and Biological Sciences
2000,12,0.7603433075438866,0.5428325451108287,-0.2175107624330579,"General Economics, Econometrics and Finance",Arts and Humanities
2000,13,0.186929653094418,0.22868282402968187,0.04175317093526387,"General Economics, Econometrics and Finance","Biochemistry, Genetics and Molecular Biology"
2000,14,35.539484786190265,30.39145339365686,-5.1480313925334045,"General Economics, Econometrics and Finance","Business, Management and Accounting"
2000,15,0.01801123177046621,0.028322241671041436,0.010311009900575225,"General Economics, Econometrics and Finance",Chemical Engineering
2000,16,0.10116589059859993,0.1844801201413236,0.08331422954272366,"General Economics, Econometrics and Finance",Chemistry
2000,17,3.0398161844383798,4.540478402050372,1.5006622176119921,"General Economics, Econometrics and Finance",Computer Science
2000,18,6.943624423735269,6.212928655252046,-0.7306957684832227,"General Economics, Econometrics and Finance",Decision Sciences
2000,19,0.2541351136959006,0.340054464566875,0.08591935087097441,"General Economics, Econometrics and Finance",Earth and Planetary Sciences
2000,20,0.0,0.0,0.0,"General Economics, Econometrics and Finance","Economics, Econometrics and Finance"
2000,21,2.8005782110386126,5.632812452783238,2.8322342417446253,"General Economics, Econometrics and Finance",Energy
2000,22,5.6366318154942885,8.716289707147187,3.0796578916528983,"General Economics, Econometrics and Finance",Engineering
2000,23,3.8581489251124124,7.746643689318971,3.888494764206559,"General Economics, Econometrics and Finance",Environmental Science
2000,24,0.026006872042402145,0.025883902984130583,-0.00012296905827156174,"General Economics, Econometrics and Finance",Immunology and Microbiology
2000,25,0.046585125163332,0.08646724112814637,0.03988211596481437,"General Economics, Econometrics and Finance",Materials Science
2000,26,2.162694446607008,1.9409384352826358,-0.22175601132437217,"General Economics, Econometrics and Finance",Mathematics
2000,27,0.6567787248637059,0.8498756551472184,0.1930969302835125,"General Economics, Econometrics and Finance",Medicine
2000,28,0.09851470461369484,0.1369012549941657,0.038386550380470855,"General Economics, Econometrics and Finance",Neuroscience
2000,29,0.1122335400276481,0.13440039480246227,0.02216685477481417,"General Economics, Econometrics and Finance",Nursing
2000,30,0.028489728758424353,0.020965544607113824,-0.00752418415131053,"General Economics, Econometrics and Finance","Pharmacology, Toxicology and Pharmaceutics"
2000,31,0.44123309605920136,0.5293279000756301,0.08809480401642877,"General Economics, Econometrics and Finance",Physics and Astronomy
2000,32,0.8476641157768712,0.9329250540133701,0.08526093823649894,"General Economics, Econometrics and Finance",Psychology
2000,33,31.216157926520065,25.894781725964496,-5.321376200555569,"General Economics, Econometrics and Finance",Social Sciences
2000,34,0.00896353356801239,0.01158731888822593,0.0026237853202135397,"General Economics, Econometrics and Finance",Veterinary
2000,35,0.0026511859849050728,0.005481051920150035,0.002829865935244962,"General Economics, Econometrics and Finance",Dentistry
2000,36,2.0484409553527656,1.949899850969573,-0.09854110438319252,"General Economics, Econometrics and Finance",Health Professions
2002,11,2.675225013942803,2.769919227966158,0.0946942140233551,Economics and Econometrics,Agricultural and Biological Sciences
2002,12,1.1875640025369942,0.7963010463954139,-0.39126295614158035,Economics and Econometrics,Arts and Humanities
2002,13,1.3818745024348411,1.7429238589353795,0.3610493565005384,Economics and Econometrics,"Biochemistry, Genetics and Molecular Biology"
2002,14,20.190355072534988,16.78327250042987,-3.407082572105118,Economics and Econometrics,"Business, Management and Accounting"
2002,15,0.030222476321283165,0.05079100582790626,0.020568529506623093,Economics and Econometrics,Chemical Engineering
2002,16,0.1256211526594211,0.15500029009926497,0.029379137439843883,Economics and Econometrics,Chemistry
2002,17,2.9118658011219907,3.383918334605527,0.47205253348353615,Economics and Econometrics,Computer Science
2002,18,6.248064370894663,4.859302296207685,-1.3887620746869782,Economics and Econometrics,Decision Sciences
2002,19,0.6790150306239788,0.7559553729494825,0.07694034232550362,Economics and Econometrics,Earth and Planetary Sciences
2002,20,0.0,0.0,0.0,Economics and Econometrics,"Economics, Econometrics and Finance"
2002,21,1.338535230906829,2.845369220953869,1.5068339900470398,Economics and Econometrics,Energy
2002,22,3.3822354364886764,4.517108282612132,1.1348728461234558,Economics and Econometrics,Engineering
2002,23,5.943251798344513,9.779770576881571,3.836518778537058,Economics and Econometrics,Environmental Science
2002,24,0.35814758438715555,0.4904997052727778,0.13235212088562226,Economics and Econometrics,Immunology and Microbiology
2002,25,0.20518452701223347,0.22927405643482715,0.02408952942259368,Economics and Econometrics,Materials Science
2002,26,1.5515145533169235,1.6906862042530553,0.13917165093613182,Economics and Econometrics,Mathematics
2002,27,15.969470750644549,18.535865602012258,2.5663948513677095,Economics and Econometrics,Medicine
2002,28,0.7987495705282079,0.9390114168955968,0.1402618463673888,Economics and Econometrics,Neuroscience
2002,29,0.3412405633833448,0.36826667129242535,0.027026107909080554,Economics and Econometrics,Nursing
2002,30,0.48332436574622906,0.36563500156789913,-0.11768936417832992,Economics and Econometrics,"Pharmacology, Toxicology and Pharmaceutics"
2002,31,1.5994961979591542,1.0647335568515741,-0.5347626411075801,Economics and Econometrics,Physics and Astronomy
2002,32,2.7759038669086,3.3557086819443778,0.5798048150357777,Economics and Econometrics,Psychology
2002,33,22.690184120281796,18.089512870898616,-4.600671249383179,Economics and Econometrics,Social Sciences
2002,34,0.05097722999633838,0.06042287304858227,0.009445643052243893,Economics and Econometrics,Veterinary
2002,35,0.12322677553519557,0.16894132412033472,0.04571454858513915,Economics and Econometrics,Dentistry
2002,36,6.958750005489292,6.201810021543416,-0.7569399839458759,Economics and Econometrics,Health Professions
2003,11,1.1538759531355454,1.1887566742230287,0.0348807210874833,Finance,Agricultural and Biological Sciences
2003,12,0.6086034574454104,0.4824006452810702,-0.12620281216434026,Finance,Arts and Humanities
2003,13,0.394681479087641,0.6701811810702991,0.2754997019826581,Finance,"Biochemistry, Genetics and Molecular Biology"
2003,14,46.160523304354065,37.937232790554596,-8.22329051379947,Finance,"Business, Management and Accounting"
2003,15,0.015404210834736814,0.017525767298374368,0.002121556463637554,Finance,Chemical Engineering
2003,16,0.09562495271890034,0.10889898137328169,0.013274028654381348,Finance,Chemistry
2003,17,3.6757098221499294,4.73031380484408,1.0546039826941507,Finance,Computer Science
2003,18,8.9880599082101,8.542579033669755,-0.4454808745403458,Finance,Decision Sciences
2003,19,0.3492459135988328,0.4177581267294994,0.06851221313066663,Finance,Earth and Planetary Sciences
2003,20,0.0,0.0,0.0,Finance,"Economics, Econometrics and Finance"
2003,21,0.7871917415145997,1.442791891134302,0.6556001496197024,Finance,Energy
2003,22,3.6449014004804563,4.401380635223256,0.7564792347427995,Finance,Engineering
2003,23,2.347199484758859,3.5518437679255577,1.2046442831666986,Finance,Environmental Science
2003,24,0.061525423690076415,0.14357607821172685,0.08205065452165045,Finance,Immunology and Microbiology
2003,25,0.05348049458944236,0.08470614176733582,0.03122564717789346,Finance,Materials Science
2003,26,5.483510523658605,5.103357822602831,-0.38015270105577414,Finance,Mathematics
2003,27,2.8723139478729736,6.490691321312841,3.6183773734398677,Finance,Medicine
2003,28,0.1901757245635683,0.2710513328164012,0.08087560825283291,Finance,Neuroscience
2003,29,0.2516097286047739,0.5015801793452851,0.24997045074051122,Finance,Nursing
2003,30,0.03713923235377941,0.049831425000897094,0.012692192647117684,Finance,"Pharmacology, Toxicology and Pharmaceutics"
2003,31,1.5259996338643063,1.429634564349469,-0.09636506951483725,Finance,Physics and Astronomy
2003,32,0.9647972643584272,1.430393840914918,0.4655965765564908,Finance,Psychology
2003,33,17.041376761628065,16.145600122316335,-0.8957766393117303,Finance,Social Sciences
2003,34,0.005896567352169285,0.009672975422841639,0.0037764080706723536,Finance,Veterinary
2003,35,0.035790792532934504,0.11518121487370787,0.07939042234077337,Finance,Dentistry
2003,36,3.2553622766417996,4.733059681738307,1.477697405096507,Finance,Health Professions
2100,11,1.4792739825777395,1.0743772661898034,-0.404896716387936,General Energy,Agricultural and Biological Sciences
2100,12,0.44769276409827663,0.2790383223259359,-0.16865444177234074,General Energy,Arts and Humanities
2100,13,0.37622373850427465,0.23758120015179687,-0.13864253835247778,General Energy,"Biochemistry, Genetics and Molecular Biology"
2100,14,5.090482483346369,4.892259317488209,-0.1982231658581597,General Energy,"Business, Management and Accounting"
2100,15,0.7929016424391165,0.8862257117071723,0.09332406926805581,General Energy,Chemical Engineering
2100,16,0.4409504031931822,0.5561632390130654,0.11521283581988323,General Energy,Chemistry
2100,17,1.356563014105019,1.682840259330244,0.32627724522522517,General Energy,Computer Science
2100,18,2.4339922867391244,2.4953998539433697,0.06140756720424534,General Energy,Decision Sciences
2100,19,1.272957738881847,1.1435787701266356,-0.12937896875521138,General Energy,Earth and Planetary Sciences
2100,20,20.50217104021144,20.618859163777955,0.11668812356651515,General Energy,"Economics, Econometrics and Finance"
2100,21,0.0,0.0,0.0,General Energy,Energy
2100,22,24.589390220879743,26.289555675320575,1.7001654544408318,General Energy,Engineering
2100,23,17.157960031284556,21.834190645359833,4.676230614075276,General Energy,Environmental Science
2100,24,0.008090833086113434,0.0038268112776128353,-0.0042640218085006,General Energy,Immunology and Microbiology
2100,25,1.401062596078643,1.8174164559262955,0.4163538598476526,General Energy,Materials Science
2100,26,0.19283152188570352,0.11352873456918076,-0.07930278731652275,General Energy,Mathematics
2100,27,0.23598263167830846,0.28063282702494124,0.04465019534663278,General Energy,Medicine
2100,28,0.03101486016343483,0.02487427330448343,-0.0061405868589513996,General Energy,Neuroscience
2100,29,0.06742360905094529,0.07398501803384815,0.006561408982902861,General Energy,Nursing
2100,30,0.005393888724075623,0.0025512075184085567,-0.002842681205667066,General Energy,"Pharmacology, Toxicology and Pharmaceutics"
2100,31,0.5164648453302408,0.4872806360160344,-0.029184209314206455,General Energy,Physics and Astronomy
2100,32,0.23733110385932737,0.22992757759657118,-0.007403526262756199,General Energy,Psychology
2100,33,20.805577280940692,14.491496506440205,-6.314080774500487,General Energy,Social Sciences
2100,34,0.005393888724075623,0.004145712217413905,-0.001248176506661718,General Energy,Veterinary
2100,35,0.0,0.0012756037592042784,0.0012756037592042784,General Energy,Dentistry
2100,36,0.5528735942177513,0.47898921158120655,-0.07388438263654473,General Energy,Health Professions
2102,11,0.8308991913428521,0.7007720888341379,-0.13012710250871418,Energy Engineering and Power Technology,Agricultural and Biological Sciences
2102,12,0.02859691289516508,0.02034645216552568,-0.008250460729639399,Energy Engineering and Power Technology,Arts and Humanities
2102,13,2.0548924551811476,0.9106946994020019,-1.1441977557791456,Energy Engineering and Power Technology,"Biochemistry, Genetics and Molecular Biology"
2102,14,0.48750927697471896,0.7810121075278749,0.2935028305531559,Energy Engineering and Power Technology,"Business, Management and Accounting"
2102,15,9.065902266645786,5.539651450691623,-3.526250815954163,Energy Engineering and Power Technology,Chemical Engineering
2102,16,2.7271468678436794,1.7889600706084388,-0.9381867972352407,Energy Engineering and Power Technology,Chemistry
2102,17,2.328832723946737,2.640282017104214,0.31144929315747705,Energy Engineering and Power Technology,Computer Science
2102,18,0.5353977580928129,0.694105674472737,0.1587079163799241,Energy Engineering and Power Technology,Decision Sciences
2102,19,0.4505148579119261,0.40099176801989095,-0.04952308989203513,Energy Engineering and Power Technology,Earth and Planetary Sciences
2102,20,1.005885063106124,1.4168213772464862,0.41093631414036214,Energy Engineering and Power Technology,"Economics, Econometrics and Finance"
2102,21,0.0,0.0,0.0,Energy Engineering and Power Technology,Energy
2102,22,48.12247649265672,56.12666048403029,8.004183991373566,Energy Engineering and Power Technology,Engineering
2102,23,10.643271668402909,15.459067695007375,4.815796026604467,Energy Engineering and Power Technology,Environmental Science
2102,24,0.034270903548967675,0.014096688701712332,-0.020174214847255345,Energy Engineering and Power Technology,Immunology and Microbiology
2102,25,16.425522063880056,10.0974997821263,-6.328022281753755,Energy Engineering and Power Technology,Materials Science
2102,26,0.10372054915151144,0.05763670749961199,-0.046083841651899445,Energy Engineering and Power Technology,Mathematics
2102,27,0.470033385761007,0.3425564796332361,-0.1274769061277709,Energy Engineering and Power Technology,Medicine
2102,28,0.10077007401153408,0.043574739706031956,-0.057195334305502124,Energy Engineering and Power Technology,Neuroscience
2102,29,0.1193807633560066,0.18356944129545097,0.06418867793944437,Energy Engineering and Power Technology,Nursing
2102,30,0.026554276259796145,0.01697852407669293,-0.009575752183103213,Energy Engineering and Power Technology,"Pharmacology, Toxicology and Pharmaceutics"
2102,31,3.2035351231369456,1.2424529766060937,-1.9610821465308519,Energy Engineering and Power Technology,Physics and Astronomy
2102,32,0.03517874205357609,0.04874815501774412,0.013569412964168033,Energy Engineering and Power Technology,Psychology
2102,33,1.1341172518820628,1.3748090784064075,0.24069182652434473,Energy Engineering and Power Technology,Social Sciences
2102,34,0.0024965558876731417,0.0017707663147471155,-0.0007257895729260262,Energy Engineering and Power Technology,Veterinary
2102,35,0.0006808788784563114,0.0050345316791829756,0.004353652800726664,Energy Engineering and Power Technology,Dentistry
2102,36,0.06241389719182854,0.09190624382618852,0.029492346634359977,Energy Engineering and Power Technology,Health Professions
2103,11,6.20317793577325,3.9126139603149963,-2.290563975458254,Fuel Technology,Agricultural and Biological Sciences
2103,12,0.24494600054078985,0.14507889017471562,-0.09986711036607424,Fuel Technology,Arts and Humanities
2103,13,1.7162125622305993,1.1047447006689435,-0.6114678615616558,Fuel Technology,"Biochemistry, Genetics and Molecular Biology"
2103,14,0.3197022474590829,0.7801518530017781,0.46044960554269526,Fuel Technology,"Business, Management and Accounting"
2103,15,1.8307327702756437,1.65683479635327,-0.17389797392237383,Fuel Technology,Chemical Engineering
2103,16,6.910976443829428,5.942024894860143,-0.9689515489692848,Fuel Technology,Chemistry
2103,17,1.5539756008334527,0.9630528662959723,-0.5909227345374803,Fuel Technology,Computer Science
2103,18,0.3276550396844332,0.31217364306076945,-0.015481396623663768,Fuel Technology,Decision Sciences
2103,19,10.954176011197532,9.496175449490531,-1.458000561707001,Fuel Technology,Earth and Planetary Sciences
2103,20,0.7062079496111084,0.9924073499110899,0.2861994002999815,Fuel Technology,"Economics, Econometrics and Finance"
2103,21,0.0,0.0,0.0,Fuel Technology,Energy
2103,22,45.62198787994465,54.33063309718028,8.708645217235635,Fuel Technology,Engineering
2103,23,12.83898776860556,10.437776962375455,-2.401210806230104,Fuel Technology,Environmental Science
2103,24,0.2051820394140383,0.07677326483953824,-0.12840877457450006,Fuel Technology,Immunology and Microbiology
2103,25,6.098201078398626,5.613480482090942,-0.4847205963076835,Fuel Technology,Materials Science
2103,26,0.30856833834359243,0.12080499026221457,-0.18776334808137785,Fuel Technology,Mathematics
2103,27,0.9734217683828792,0.7756357785994524,-0.19778598978342676,Fuel Technology,Medicine
2103,28,0.050897870242242044,0.031048011515989727,-0.019849858726252317,Fuel Technology,Neuroscience
2103,29,0.2831194032224714,0.2179005899122188,-0.06521881331025262,Fuel Technology,Nursing
2103,30,0.03181116890140128,0.060967004431398006,0.029155835529996725,Fuel Technology,"Pharmacology, Toxicology and Pharmaceutics"
2103,31,1.2565411716053507,0.868215303847131,-0.38832586775821976,Fuel Technology,Physics and Astronomy
2103,32,0.06998457158308283,0.03274153941686189,-0.037243032166220935,Fuel Technology,Psychology
2103,33,1.114981469994115,1.8228005306387425,0.7078190606446275,Fuel Technology,Social Sciences
2103,34,0.11770132493518476,0.07282169973750319,-0.04487962519768157,Fuel Technology,Veterinary
2103,35,0.014315026005630576,0.008467639504360833,-0.005847386501269742,Fuel Technology,Dentistry
2103,36,0.2465365589858599,0.22467470151570748,-0.02186185747015243,Fuel Technology,Health Professions
2104,11,0.8625570320045293,0.9761610610349967,0.1136040290304674,Nuclear Energy and Engineering,Agricultural and Biological Sciences
2104,12,0.07659772871082693,0.10636942322288273,0.029771694512055802,Nuclear Energy and Engineering,Arts and Humanities
2104,13,0.7693076231391748,0.6166102502451483,-0.15269737289402652,Nuclear Energy and Engineering,"Biochemistry, Genetics and Molecular Biology"
2104,14,0.5128717487594499,0.9955513204766681,0.4826795717172182,Nuclear Energy and Engineering,"Business, Management and Accounting"
2104,15,0.9225030805608285,0.9479066829914183,0.02540360243058981,Nuclear Energy and Engineering,Chemical Engineering
2104,16,2.068138675192327,0.9390425643895115,-1.1290961108028157,Nuclear Energy and Engineering,Chemistry
2104,17,0.5927998135011823,0.6443106208761074,0.05151080737492508,Nuclear Energy and Engineering,Computer Science
2104,18,0.4595863722649615,0.47201431555154205,0.012427943286580534,Nuclear Energy and Engineering,Decision Sciences
2104,19,1.3321344123622074,1.17671174440314,-0.15542266795906734,Nuclear Energy and Engineering,Earth and Planetary Sciences
2104,20,0.16984713757618145,0.2891918693872124,0.11934473181103097,Nuclear Energy and Engineering,"Economics, Econometrics and Finance"
2104,21,0.0,0.0,0.0,Nuclear Energy and Engineering,Energy
2104,22,40.473573783594766,45.49453471687451,5.020960933279746,Nuclear Energy and Engineering,Engineering
2104,23,12.235654577546875,14.440203209918948,2.2045486323720738,Nuclear Energy and Engineering,Environmental Science
2104,24,0.006660672061811037,0.011634155665002798,0.004973483603191761,Nuclear Energy and Engineering,Immunology and Microbiology
2104,25,29.490125553668367,29.178462407827016,-0.3116631458413508,Nuclear Energy and Engineering,Materials Science
2104,26,0.08658873680354348,0.031024415106674124,-0.055564321696869354,Nuclear Energy and Engineering,Mathematics
2104,27,1.0457255137043329,0.5595474867453727,-0.4861780269589602,Nuclear Energy and Engineering,Medicine
2104,28,0.14653478535984282,0.14237990504312947,-0.00415488031671335,Nuclear Energy and Engineering,Neuroscience
2104,29,0.02331235221633863,0.03878051888334266,0.015468166667004034,Nuclear Energy and Engineering,Nursing
2104,30,0.01665168015452759,0.03157842251929331,0.014926742364765721,Nuclear Energy and Engineering,"Pharmacology, Toxicology and Pharmaceutics"
2104,31,7.593166150464582,1.9163116402497467,-5.676854510214835,Nuclear Energy and Engineering,Physics and Astronomy
2104,32,0.1265527691744097,0.1274217049024116,0.0008689357280018961,Nuclear Energy and Engineering,Psychology
2104,33,0.5095414127285443,0.5379411976532247,0.028399784924680427,Nuclear Energy and Engineering,Social Sciences
2104,34,0.0033303360309055183,0.0038780518883342655,0.0005477158574287472,Nuclear Energy and Engineering,Veterinary
2104,35,0.05661571252539382,0.031024415106674124,-0.025591297418719693,Nuclear Energy and Engineering,Dentistry
2104,36,0.4196223398940953,0.2914078990376891,-0.1282144408564062,Nuclear Energy and Engineering,Health Professions
2105,11,3.1721550019918077,1.9827810660434197,-1.189373935948388,"Renewable Energy, Sustainability and the Environment",Agricultural and Biological Sciences
2105,12,0.11309387855533261,0.07874730152972503,-0.034346577025607575,"Renewable Energy, Sustainability and the Environment",Arts and Humanities
2105,13,6.08434978750215,3.184779079175589,-2.899570708326561,"Renewable Energy, Sustainability and the Environment","Biochemistry, Genetics and Molecular Biology"
2105,14,0.6138692744853346,0.7893390650965331,0.1754697906111985,"Renewable Energy, Sustainability and the Environment","Business, Management and Accounting"
2105,15,3.737503778842146,4.2800969956459145,0.5425932168037684,"Renewable Energy, Sustainability and the Environment",Chemical Engineering
2105,16,9.79359654433178,8.158288589863488,-1.635307954468292,"Renewable Energy, Sustainability and the Environment",Chemistry
2105,17,1.0197089713139142,1.6171002114640085,0.5973912401500943,"Renewable Energy, Sustainability and the Environment",Computer Science
2105,18,0.3753129023843247,0.3183202788661909,-0.05699262351813378,"Renewable Energy, Sustainability and the Environment",Decision Sciences
2105,19,2.997196118316329,1.5052461729984403,-1.4919499453178886,"Renewable Energy, Sustainability and the Environment",Earth and Planetary Sciences
2105,20,2.731347651613397,2.8143971699465564,0.08304951833315943,"Renewable Energy, Sustainability and the Environment","Economics, Econometrics and Finance"
2105,21,0.0,0.0,0.0,"Renewable Energy, Sustainability and the Environment",Energy
2105,22,24.495164781640767,32.24298768620395,7.747822904563186,"Renewable Energy, Sustainability and the Environment",Engineering
2105,23,12.21658409775504,12.14400405978258,-0.07258003797246104,"Renewable Energy, Sustainability and the Environment",Environmental Science
2105,24,0.13163583595663836,0.0892968575999549,-0.04233897835668346,"Renewable Energy, Sustainability and the Environment",Immunology and Microbiology
2105,25,25.23596587095609,26.558858595057828,1.322892724101738,"Renewable Energy, Sustainability and the Environment",Materials Science
2105,26,0.07625119560536969,0.049249806255351275,-0.027001389350018418,"Renewable Energy, Sustainability and the Environment",Mathematics
2105,27,2.392965152852726,1.3426054450266829,-1.050359707826043,"Renewable Energy, Sustainability and the Environment",Medicine
2105,28,0.4361252594201861,0.1975996062611743,-0.2385256531590118,"Renewable Energy, Sustainability and the Environment",Neuroscience
2105,29,0.3594683556989984,0.19818607905523453,-0.16128227664376385,"Renewable Energy, Sustainability and the Environment",Nursing
2105,30,0.17450931522281543,0.1340611901141735,-0.04044812510864193,"Renewable Energy, Sustainability and the Environment","Pharmacology, Toxicology and Pharmaceutics"
2105,31,2.3908050312631,1.1920581105988477,-1.1987469206642523,"Renewable Energy, Sustainability and the Environment",Physics and Astronomy
2105,32,0.08812638180620595,0.09263720264438496,0.004510820838179011,"Renewable Energy, Sustainability and the Environment",Psychology
2105,33,1.125752300721382,0.8198101515705325,-0.3059421491508496,"Renewable Energy, Sustainability and the Environment",Social Sciences
2105,34,0.012083522800850935,0.0053848865636440275,-0.006698636237206908,"Renewable Energy, Sustainability and the Environment",Veterinary
2105,35,0.0623474688254432,0.059365882434319214,-0.0029815863911239887,"Renewable Energy, Sustainability and the Environment",Dentistry
2105,36,0.16408152013787058,0.14479851020147402,-0.01928300993639656,"Renewable Energy, Sustainability and the Environment",Health Professions
2200,11,5.015184381778742,3.3977650256720024,-1.6174193561067391,General Engineering,Agricultural and Biological Sciences
2200,12,1.9088937093275489,0.7973421926910298,-1.111551516636519,General Engineering,Arts and Humanities
2200,13,5.431670281995662,2.1413470250679554,-3.2903232569277066,General Engineering,"Biochemistry, Genetics and Molecular Biology"
2200,14,2.1518438177874186,3.581999395952885,1.4301555781654662,General Engineering,"Business, Management and Accounting"
2200,15,0.3210412147505423,0.292962851102386,-0.0280783636481563,General Engineering,Chemical Engineering
2200,16,2.715835140997831,1.4829356689821807,-1.2328994720156503,General Engineering,Chemistry
2200,17,17.01518438177874,8.822108124433706,-8.193076257345036,General Engineering,Computer Science
2200,18,2.160520607375271,3.1954092419208697,1.0348886345455988,General Engineering,Decision Sciences
2200,19,14.073752711496745,17.70160072485654,3.6278480133597952,General Engineering,Earth and Planetary Sciences
2200,20,0.3036876355748373,0.38054968287526425,0.07686204730042695,General Engineering,"Economics, Econometrics and Finance"
2200,21,1.1713665943600868,2.1745696164300816,1.0032030220699948,General Engineering,Energy
2200,22,0.0,0.0,0.0,General Engineering,Engineering
2200,23,19.566160520607376,31.407429779522804,11.841269258915428,General Engineering,Environmental Science
2200,24,0.10412147505422993,0.11174871639987918,0.007627241345649252,General Engineering,Immunology and Microbiology
2200,25,6.950108459869848,9.927514346118997,2.977405886249149,General Engineering,Materials Science
2200,26,2.0650759219088934,1.2654787073391724,-0.799597214569721,General Engineering,Mathematics
2200,27,3.297180043383948,2.7212322561159774,-0.5759477872679706,General Engineering,Medicine
2200,28,1.8568329718004337,0.7852612503775294,-1.0715717214229044,General Engineering,Neuroscience
2200,29,0.13882863340563992,0.05134400483237692,-0.087484628573263,General Engineering,Nursing
2200,30,1.475054229934924,0.721836303231652,-0.753217926703272,General Engineering,"Pharmacology, Toxicology and Pharmaceutics"
2200,31,3.2624728850325377,2.035638779824826,-1.2268341052077116,General Engineering,Physics and Astronomy
2200,32,2.0303687635574836,0.9121111446692842,-1.1182576188881994,General Engineering,Psychology
2200,33,5.5010845986984815,3.0051344004832377,-2.495950198215244,General Engineering,Social Sciences
2200,34,0.04338394793926247,0.009060706735125339,-0.034323241204137135,General Engineering,Veterinary
2200,35,0.04338394793926247,0.12080942313500453,0.07742547519574206,General Engineering,Dentistry
2200,36,1.3969631236442517,2.956810631229236,1.5598475075849842,General Engineering,Health Professions
2202,11,1.0861066848260692,1.0689463009831461,-0.017160383842923066,Aerospace Engineering,Agricultural and Biological Sciences
2202,12,0.1548373023164466,0.1825076860422085,0.027670383725761888,Aerospace Engineering,Arts and Humanities
2202,13,1.7252382842358767,1.3834048218246668,-0.3418334624112098,Aerospace Engineering,"Biochemistry, Genetics and Molecular Biology"
2202,14,0.3701802033166336,0.3934711111529942,0.02329090783636062,Aerospace Engineering,"Business, Management and Accounting"
2202,15,2.1208860871162996,2.1837503403354783,0.06286425321917877,Aerospace Engineering,Chemical Engineering
2202,16,1.9615220036317618,1.5579915100147137,-0.40353049361704807,Aerospace Engineering,Chemistry
2202,17,18.852831670929383,18.7005335594341,-0.15229811149528416,Aerospace Engineering,Computer Science
2202,18,1.4917169706709135,1.613107392175735,0.1213904215048216,Aerospace Engineering,Decision Sciences
2202,19,9.314975037653374,9.383739999740213,0.06876496208683847,Aerospace Engineering,Earth and Planetary Sciences
2202,20,0.654921867578819,0.6327438260151548,-0.022178041563664208,Aerospace Engineering,"Economics, Econometrics and Finance"
2202,21,0.7598576452076446,1.4408957298690133,0.6810380846613686,Aerospace Engineering,Energy
2202,22,0.0,0.0,0.0,Aerospace Engineering,Engineering
2202,23,11.000309924112257,13.42354441476688,2.4232344906546235,Aerospace Engineering,Environmental Science
2202,24,0.07642062066447089,0.0556825773449783,-0.02073804331949259,Aerospace Engineering,Immunology and Microbiology
2202,25,18.134356647266262,24.3436905686385,6.209333921372238,Aerospace Engineering,Materials Science
2202,26,2.350736074222102,1.6510059285230547,-0.6997301456990475,Aerospace Engineering,Mathematics
2202,27,4.399140196729633,3.6472629386698276,-0.751877258059805,Aerospace Engineering,Medicine
2202,28,0.939627887894799,0.6999322258029435,-0.23969566209185555,Aerospace Engineering,Neuroscience
2202,29,0.023542826468695436,0.017140937474291778,-0.006401888994403658,Aerospace Engineering,Nursing
2202,30,0.03352313140621962,0.02430421929397166,-0.009218912112247957,Aerospace Engineering,"Pharmacology, Toxicology and Pharmaceutics"
2202,31,22.40893907398097,15.509695836229422,-6.8992432377515485,Aerospace Engineering,Physics and Astronomy
2202,32,0.7596616035035147,0.540442552007973,-0.21921905149554177,Aerospace Engineering,Psychology
2202,33,0.770533007096175,0.8702591490708874,0.09972614197471241,Aerospace Engineering,Social Sciences
2202,34,0.029370611673285453,0.024698995714256246,-0.004671615959029207,Aerospace Engineering,Veterinary
2202,35,0.09310198748861843,0.07562515393096711,-0.017476833557651325,Aerospace Engineering,Dentistry
2202,36,0.4876626500097753,0.575622224944623,0.08795957493484768,Aerospace Engineering,Health Professions
2203,11,1.5241573033707867,1.1281840555595248,-0.39597324781126186,Automotive Engineering,Agricultural and Biological Sciences
2203,12,0.509878277153558,0.2945257687238682,-0.21535250842968984,Automotive Engineering,Arts and Humanities
2203,13,1.4919475655430712,1.5107583010660726,0.018810735523001387,Automotive Engineering,"Biochemistry, Genetics and Molecular Biology"
2203,14,2.365121722846442,3.7146362019647925,1.3495144791183504,Automotive Engineering,"Business, Management and Accounting"
2203,15,6.374531835205993,5.211815771447909,-1.1627160637580847,Automotive Engineering,Chemical Engineering
2203,16,1.6321629213483144,2.125166283180063,0.49300336183174864,Automotive Engineering,Chemistry
2203,17,10.346535580524344,10.35687537034924,0.010339789824895362,Automotive Engineering,Computer Science
2203,18,1.5182116104868915,1.3342229416817177,-0.18398866880517373,Automotive Engineering,Decision Sciences
2203,19,5.4625,3.9699661207092363,-1.492533879290764,Automotive Engineering,Earth and Planetary Sciences
2203,20,1.577247191011236,1.4767285304672493,-0.10051866054398673,Automotive Engineering,"Economics, Econometrics and Finance"
2203,21,4.356601123595506,6.6560430272798605,2.2994419036843547,Automotive Engineering,Energy
2203,22,0.0,0.0,0.0,Automotive Engineering,Engineering
2203,23,16.14831460674157,16.543587195185026,0.39527258844345425,Automotive Engineering,Environmental Science
2203,24,0.044522471910112354,0.0518859211184704,0.007363449208358047,Automotive Engineering,Immunology and Microbiology
2203,25,13.56690074906367,21.25007509180751,7.68317434274384,Automotive Engineering,Materials Science
2203,26,1.0914794007490636,0.6355581006790669,-0.45592130006999665,Automotive Engineering,Mathematics
2203,27,5.025187265917603,4.250261473524613,-0.77492579239299,Automotive Engineering,Medicine
2203,28,5.792322097378277,2.5009156164773763,-3.291406480900901,Automotive Engineering,Neuroscience
2203,29,0.08871722846441948,0.08127095979712,-0.0074462686672994854,Automotive Engineering,Nursing
2203,30,0.0822565543071161,0.13382041404704378,0.05156385973992768,Automotive Engineering,"Pharmacology, Toxicology and Pharmaceutics"
2203,31,1.3550093632958802,1.1462653333916295,-0.20874402990425067,Automotive Engineering,Physics and Astronomy
2203,32,7.698314606741572,3.773975022006195,-3.9243395847353773,Automotive Engineering,Psychology
2203,33,8.218445692883895,8.687734080566429,0.4692883876825338,Automotive Engineering,Social Sciences
2203,34,0.05042134831460674,0.030297396734397998,-0.020123951580208743,Automotive Engineering,Veterinary
2203,35,1.3625936329588015,1.3041743698716146,-0.05841926308718692,Automotive Engineering,Dentistry
2203,36,2.316619850187266,1.831256652363973,-0.48536319782329307,Automotive Engineering,Health Professions
2204,11,3.3079338531678673,3.4289946965006783,0.12106084333281109,Biomedical Engineering,Agricultural and Biological Sciences
2204,12,0.13672011494320946,0.11942277213766689,-0.01729734280554257,Biomedical Engineering,Arts and Humanities
2204,13,11.7666447930276,11.34118053109342,-0.42546426193418085,Biomedical Engineering,"Biochemistry, Genetics and Molecular Biology"
2204,14,0.1101341675323337,0.16038699309569365,0.05025282556335996,Biomedical Engineering,"Business, Management and Accounting"
2204,15,3.713634581512669,3.4060449566512254,-0.3075896248614436,Biomedical Engineering,Chemical Engineering
2204,16,8.827748645828274,7.107666283027658,-1.7200823628006159,Biomedical Engineering,Chemistry
2204,17,3.160189068787067,3.383513743526026,0.22332467473895878,Biomedical Engineering,Computer Science
2204,18,0.22275280932148683,0.18910904513453033,-0.0336437641869565,Biomedical Engineering,Decision Sciences
2204,19,1.5684228356053886,1.2785855063838754,-0.2898373292215133,Biomedical Engineering,Earth and Planetary Sciences
2204,20,0.1288343521948065,0.11849655886068593,-0.010337793334120562,Biomedical Engineering,"Economics, Econometrics and Finance"
2204,21,1.4303908945647166,2.800897270947719,1.3705063763830023,Biomedical Engineering,Energy
2204,22,0.0,0.0,0.0,Biomedical Engineering,Engineering
2204,23,5.356585722357188,7.713878641977072,2.3572929196198835,Biomedical Engineering,Environmental Science
2204,24,0.44535755700669116,0.6423430682649395,0.1969855112582483,Biomedical Engineering,Immunology and Microbiology
2204,25,21.252346776935077,25.64793234057116,4.395585563636082,Biomedical Engineering,Materials Science
2204,26,0.6276125475722037,0.46417655643218203,-0.16343599114002172,Biomedical Engineering,Mathematics
2204,27,21.16657170980393,18.78178115197729,-2.384790557826637,Biomedical Engineering,Medicine
2204,28,3.535389100057685,3.1775723717145836,-0.3578167283431015,Biomedical Engineering,Neuroscience
2204,29,0.7372492280066284,0.6178293601301205,-0.11941986787650793,Biomedical Engineering,Nursing
2204,30,0.49729461778184714,0.521042695033506,0.02374807725165884,Biomedical Engineering,"Pharmacology, Toxicology and Pharmaceutics"
2204,31,8.675014184304757,5.961219838200296,-2.7137943461044616,Biomedical Engineering,Physics and Astronomy
2204,32,0.6539852862268327,0.5900282766724722,-0.06395700955436057,Biomedical Engineering,Psychology
2204,33,0.2883974163836715,0.3124433113943512,0.02404589501067972,Biomedical Engineering,Social Sciences
2204,34,0.12005725839598315,0.08417107383698819,-0.03588618455899496,Biomedical Engineering,Veterinary
2204,35,1.3099368309834964,1.234260484361922,-0.07567634662157441,Biomedical Engineering,Dentistry
2204,36,0.960795647698589,0.9170224720739355,-0.04377317562465355,Biomedical Engineering,Health Professions
2205,11,9.298032192453261,7.260010231975225,-2.0380219604780363,Civil and Structural Engineering,Agricultural and Biological Sciences
2205,12,0.41463743561348254,0.4977079880133429,0.08307055239986033,Civil and Structural Engineering,Arts and Humanities
2205,13,1.1438028077607645,0.9511361262754536,-0.19266668148531085,Civil and Structural Engineering,"Biochemistry, Genetics and Molecular Biology"
2205,14,0.6788344584720483,1.0297885877975301,0.35095412932548187,Civil and Structural Engineering,"Business, Management and Accounting"
2205,15,0.9725350164616838,0.7219280475833632,-0.2506069688783207,Civil and Structural Engineering,Chemical Engineering
2205,16,2.1505131359772367,1.9120212499246638,-0.23849188605257288,Civil and Structural Engineering,Chemistry
2205,17,7.651426548855047,6.614897678871742,-1.0365288699833046,Civil and Structural Engineering,Computer Science
2205,18,3.5384910667806304,3.3111434135993907,-0.22734765318123973,Civil and Structural Engineering,Decision Sciences
2205,19,10.223458210152621,9.67877294454396,-0.5446852656086616,Civil and Structural Engineering,Earth and Planetary Sciences
2205,20,0.4143842851560396,0.4011812179683172,-0.013203067187722406,Civil and Structural Engineering,"Economics, Econometrics and Finance"
2205,21,1.2598147583034502,2.1719624064350813,0.9121476481316311,Civil and Structural Engineering,Energy
2205,22,0.0,0.0,0.0,Civil and Structural Engineering,Engineering
2205,23,28.930080303927834,28.974639397177594,0.044559093249759485,Civil and Structural Engineering,Environmental Science
2205,24,0.054266252604573004,0.034730373142358474,-0.01953587946221453,Civil and Structural Engineering,Immunology and Microbiology
2205,25,19.590462395420094,25.321826993755963,5.731364598335869,Civil and Structural Engineering,Materials Science
2205,26,1.78471072497228,1.0337239628841841,-0.7509867620880959,Civil and Structural Engineering,Mathematics
2205,27,2.4111200250757037,1.72938406976677,-0.6817359553089337,Civil and Structural Engineering,Medicine
2205,28,0.7128947018370899,0.39302838671362333,-0.3198663151234666,Civil and Structural Engineering,Neuroscience
2205,29,0.13115495063335944,0.11082346485283487,-0.020331485780524572,Civil and Structural Engineering,Nursing
2205,30,0.054749539841509404,0.043756967746711554,-0.01099257209479785,Civil and Structural Engineering,"Pharmacology, Toxicology and Pharmaceutics"
2205,31,5.319473575925116,4.404799286238544,-0.9146742896865723,Civil and Structural Engineering,Physics and Astronomy
2205,32,0.42731797216357564,0.406774679411411,-0.020543292752164655,Civil and Structural Engineering,Psychology
2205,33,1.4219921468125365,1.68068036305624,0.2586882162437034,Civil and Structural Engineering,Social Sciences
2205,34,0.08024869500939188,0.036698060685685444,-0.04355063432370644,Civil and Structural Engineering,Veterinary
2205,35,0.4708368371658011,0.28162699964526583,-0.18920983752053527,Civil and Structural Engineering,Dentistry
2205,36,0.8647619626248665,0.996957101934746,0.13219513930987947,Civil and Structural Engineering,Health Professions
2206,11,1.5474513497694313,1.7203586443615355,0.1729072945921042,Computational Mechanics,Agricultural and Biological Sciences
2206,12,0.2720582697341155,0.2619289453257996,-0.010129324408315932,Computational Mechanics,Arts and Humanities
2206,13,2.7881963672373913,2.713083603546111,-0.07511276369128028,Computational Mechanics,"Biochemistry, Genetics and Molecular Biology"
2206,14,0.17556683297123302,0.18002592850311822,0.004459095531885199,Computational Mechanics,"Business, Management and Accounting"
2206,15,5.774383541171322,7.191692718077232,1.4173091769059099,Computational Mechanics,Chemical Engineering
2206,16,4.798480637766204,3.6312281512572917,-1.1672524865089122,Computational Mechanics,Chemistry
2206,17,19.867351548627752,18.05009906253803,-1.8172524860897212,Computational Mechanics,Computer Science
2206,18,1.1182806779611114,1.4039119301830405,0.2856312522219291,Computational Mechanics,Decision Sciences
2206,19,7.106546341323637,7.284845330374569,0.17829898905093255,Computational Mechanics,Earth and Planetary Sciences
2206,20,0.4876622797084462,0.45173346805199127,-0.03592881165645495,Computational Mechanics,"Economics, Econometrics and Finance"
2206,21,0.7852202616507068,1.6630673577305264,0.8778470960798196,Computational Mechanics,Energy
2206,22,0.0,0.0,0.0,Computational Mechanics,Engineering
2206,23,10.367722937477467,12.29460253999795,1.9268796025204828,Computational Mechanics,Environmental Science
2206,24,0.06069983040062545,0.07541635491592417,0.014716524515298722,Computational Mechanics,Immunology and Microbiology
2206,25,14.591040478952946,15.126837244922225,0.5357967659692786,Computational Mechanics,Materials Science
2206,26,8.778722829826618,8.89267561908092,0.11395278925430219,Computational Mechanics,Mathematics
2206,27,3.8502068039804263,4.210951688560392,0.3607448845799661,Computational Mechanics,Medicine
2206,28,0.793487951846028,0.8451388203969682,0.05165086855094014,Computational Mechanics,Neuroscience
2206,29,0.08760597003468355,0.08429420387921824,-0.003311766155465315,Computational Mechanics,Nursing
2206,30,0.18876359124802558,0.22841344544393327,0.03964985419590769,Computational Mechanics,"Pharmacology, Toxicology and Pharmaceutics"
2206,31,15.61075293946618,12.632181126781775,-2.978571812684404,Computational Mechanics,Physics and Astronomy
2206,32,0.22157146839829867,0.23675343932404969,0.01518197092575102,Computational Mechanics,Psychology
2206,33,0.32124379709642403,0.3792007940037064,0.05795699690728234,Computational Mechanics,Social Sciences
2206,34,0.013485930270905526,0.015072902692424785,0.0015869724215192595,Computational Mechanics,Veterinary
2206,35,0.2058378830822422,0.20481262360136618,-0.001025259480876034,Computational Mechanics,Dentistry
2206,36,0.18765947999777602,0.22167405644989985,0.03401457645212383,Computational Mechanics,Health Professions
2207,11,1.2406697420031934,1.2896604339688906,0.048990691965697275,Control and Systems Engineering,Agricultural and Biological Sciences
2207,12,0.17973592508099376,0.147411815013799,-0.03232411006719477,Control and Systems Engineering,Arts and Humanities
2207,13,2.6663890659559137,2.3005978389279673,-0.3657912270279464,Control and Systems Engineering,"Biochemistry, Genetics and Molecular Biology"
2207,14,3.2756027889389814,3.4896887380154826,0.21408594907650125,Control and Systems Engineering,"Business, Management and Accounting"
2207,15,1.3558121430689272,1.1864622295335916,-0.16934991353533557,Control and Systems Engineering,Chemical Engineering
2207,16,2.108869915556313,1.6749057117627155,-0.43396420379359735,Control and Systems Engineering,Chemistry
2207,17,38.10356178963173,37.06340014738889,-1.0401616422428432,Control and Systems Engineering,Computer Science
2207,18,6.607403919108365,6.374691780853321,-0.2327121382550441,Control and Systems Engineering,Decision Sciences
2207,19,1.3327994655527873,1.282248197145326,-0.05055126840746138,Control and Systems Engineering,Earth and Planetary Sciences
2207,20,2.8468558657734717,2.048963860989841,-0.7978920047836309,Control and Systems Engineering,"Economics, Econometrics and Finance"
2207,21,1.9301809191520196,5.256918826378516,3.326737907226496,Control and Systems Engineering,Energy
2207,22,0.0,0.0,0.0,Control and Systems Engineering,Engineering
2207,23,4.379776735546013,6.16763056311298,1.787853827566967,Control and Systems Engineering,Environmental Science
2207,24,0.08379380087851143,0.06820786173931728,-0.01558593913919415,Control and Systems Engineering,Immunology and Microbiology
2207,25,4.302600314039096,4.8351167022301205,0.5325163881910244,Control and Systems Engineering,Materials Science
2207,26,11.226532254193494,8.641636536306054,-2.5848957178874397,Control and Systems Engineering,Mathematics
2207,27,3.08628647879762,3.311710997956056,0.2254245191584361,Control and Systems Engineering,Medicine
2207,28,1.9421317087634054,1.6032362590119809,-0.3388954497514245,Control and Systems Engineering,Neuroscience
2207,29,0.060721863248595985,0.05353621771741619,-0.007185645531179792,Control and Systems Engineering,Nursing
2207,30,0.06226262620675814,0.05755563686091618,-0.004706989345841961,Control and Systems Engineering,"Pharmacology, Toxicology and Pharmaceutics"
2207,31,7.118877961104427,6.0391619801462095,-1.079715980958217,Control and Systems Engineering,Physics and Astronomy
2207,32,1.72606933393805,1.5835441618013355,-0.14252517213671445,Control and Systems Engineering,Psychology
2207,33,3.671104788276453,4.528227173290761,0.8571223850143075,Control and Systems Engineering,Social Sciences
2207,34,0.021432407815460845,0.0286784791740598,0.007246071358598956,Control and Systems Engineering,Veterinary
2207,35,0.033343690684329866,0.04448870390391051,0.011145013219580648,Control and Systems Engineering,Dentistry
2207,36,0.637184496685088,0.9223191467705419,0.2851346500854539,Control and Systems Engineering,Health Professions
2208,11,0.8478054138954305,0.8375626458566571,-0.010242768038773442,Electrical and Electronic Engineering,Agricultural and Biological Sciences
2208,12,0.05452435530516826,0.04777309303844801,-0.006751262266720251,Electrical and Electronic Engineering,Arts and Humanities
2208,13,4.198522531385178,3.483675937136208,-0.7148465942489701,Electrical and Electronic Engineering,"Biochemistry, Genetics and Molecular Biology"
2208,14,0.33826728304804776,0.42751142834550127,0.0892441452974535,Electrical and Electronic Engineering,"Business, Management and Accounting"
2208,15,3.2044080711275047,2.918062915887347,-0.2863451552401579,Electrical and Electronic Engineering,Chemical Engineering
2208,16,8.86328876948973,7.3948539874004,-1.4684347820893295,Electrical and Electronic Engineering,Chemistry
2208,17,15.040617957197453,11.15932318377507,-3.8812947734223826,Electrical and Electronic Engineering,Computer Science
2208,18,0.5214879294076928,0.5867259617522524,0.0652380323445596,Electrical and Electronic Engineering,Decision Sciences
2208,19,1.2792107386808773,0.9464878130930483,-0.332722925587829,Electrical and Electronic Engineering,Earth and Planetary Sciences
2208,20,0.2667412598581439,0.38406059623516864,0.11731933637702474,Electrical and Electronic Engineering,"Economics, Econometrics and Finance"
2208,21,3.9909159774949616,9.744068008353747,5.753152030858785,Electrical and Electronic Engineering,Energy
2208,22,0.0,0.0,0.0,Electrical and Electronic Engineering,Engineering
2208,23,2.6169738906019777,4.724695790903827,2.1077219003018497,Electrical and Electronic Engineering,Environmental Science
2208,24,0.09567837374727478,0.1052118886534817,0.009533514906206922,Electrical and Electronic Engineering,Immunology and Microbiology
2208,25,33.206448975144006,39.104646210425706,5.8981972352817,Electrical and Electronic Engineering,Materials Science
2208,26,1.0368713834062633,0.6560346732889479,-0.38083671011731535,Electrical and Electronic Engineering,Mathematics
2208,27,3.431102308608299,2.8880364766219073,-0.5430658319863917,Electrical and Electronic Engineering,Medicine
2208,28,1.427704982477308,1.6502164000715456,0.22251141759423754,Electrical and Electronic Engineering,Neuroscience
2208,29,0.12272619089020943,0.09733354343806444,-0.025392647452144992,Electrical and Electronic Engineering,Nursing
2208,30,0.15940103450381957,0.14089732256079662,-0.018503711943022944,Electrical and Electronic Engineering,"Pharmacology, Toxicology and Pharmaceutics"
2208,31,18.671872193017116,11.787171173258283,-6.8847010197588325,Electrical and Electronic Engineering,Physics and Astronomy
2208,32,0.10402243657064521,0.1545790482896102,0.050556611718964986,Electrical and Electronic Engineering,Psychology
2208,33,0.35400198433843727,0.5534368675513119,0.19943488321287467,Electrical and Electronic Engineering,Social Sciences
2208,34,0.008919956729891392,0.0074964212972001626,-0.0014235354326912293,Electrical and Electronic Engineering,Veterinary
2208,35,0.06302518924753606,0.06048370734106326,-0.002541481906472798,Electrical and Electronic Engineering,Dentistry
2208,36,0.09546081382703353,0.13965490542440137,0.04419409159736784,Electrical and Electronic Engineering,Health Professions
2209,11,1.1354816203723892,1.957683330985216,0.8222017106128268,Industrial and Manufacturing Engineering,Agricultural and Biological Sciences
2209,12,0.2870253757108303,0.3106373247999022,0.023611949089071882,Industrial and Manufacturing Engineering,Arts and Humanities
2209,13,1.1423558652955796,0.9657327037635262,-0.17662316153205349,Industrial and Manufacturing Engineering,"Biochemistry, Genetics and Molecular Biology"
2209,14,26.391662669515547,27.30073545390221,0.9090727843866624,Industrial and Manufacturing Engineering,"Business, Management and Accounting"
2209,15,0.17406203749541505,0.19050123457419094,0.01643919707877589,Industrial and Manufacturing Engineering,Chemical Engineering
2209,16,0.7265666481130455,0.7643759164271359,0.03780926831409037,Industrial and Manufacturing Engineering,Chemistry
2209,17,33.96343825106897,26.50792739477119,-7.455510856297781,Industrial and Manufacturing Engineering,Computer Science
2209,18,11.099443134860888,8.039888865788726,-3.059554269072162,Industrial and Manufacturing Engineering,Decision Sciences
2209,19,0.787716647728293,1.221602393237892,0.43388574550959913,Industrial and Manufacturing Engineering,Earth and Planetary Sciences
2209,20,2.96962250648308,3.4355669057696874,0.46594439928660725,Industrial and Manufacturing Engineering,"Economics, Econometrics and Finance"
2209,21,0.5703058269485791,1.7673584501562594,1.1970526232076804,Industrial and Manufacturing Engineering,Energy
2209,22,0.0,0.0,0.0,Industrial and Manufacturing Engineering,Engineering
2209,23,4.23838239782897,8.509577673929371,4.271195276100401,Industrial and Manufacturing Engineering,Environmental Science
2209,24,0.051505536588681615,0.04318707272181823,-0.008318463866863385,Industrial and Manufacturing Engineering,Immunology and Microbiology
2209,25,2.3351399601396396,3.135883108034892,0.8007431478952522,Industrial and Manufacturing Engineering,Materials Science
2209,26,2.367459171345685,1.2669057109025217,-1.1005534604431633,Industrial and Manufacturing Engineering,Mathematics
2209,27,1.9345356421904218,2.403858306427957,0.469322664237535,Industrial and Manufacturing Engineering,Medicine
2209,28,0.493663126088529,0.5116022149246607,0.01793908883613171,Industrial and Manufacturing Engineering,Neuroscience
2209,29,0.04350268429004183,0.050006084204210585,0.006503399914168755,Industrial and Manufacturing Engineering,Nursing
2209,30,0.03924475646448349,0.03691671733571032,-0.0023280391287731697,Industrial and Manufacturing Engineering,"Pharmacology, Toxicology and Pharmaceutics"
2209,31,1.2109444135217422,0.9894424850672465,-0.22150192845449568,Industrial and Manufacturing Engineering,Physics and Astronomy
2209,32,1.162875999394656,1.253737964591695,0.09086196519703904,Industrial and Manufacturing Engineering,Psychology
2209,33,4.822282813618187,7.049878129764613,2.2275953161464264,Industrial and Manufacturing Engineering,Social Sciences
2209,34,0.02662487399355155,0.04054176654330396,0.013916892549752407,Industrial and Manufacturing Engineering,Veterinary
2209,35,0.9644463026565878,0.7177205533823766,-0.2467257492742112,Industrial and Manufacturing Engineering,Dentistry
2209,36,1.0617117382862096,1.52873223799369,0.4670204997074805,Industrial and Manufacturing Engineering,Health Professions
2210,11,2.8163047238672836,2.3746219526400716,-0.441682771227212,Mechanical Engineering,Agricultural and Biological Sciences
2210,12,0.36339679897517135,0.2722150770948271,-0.09118172188034424,Mechanical Engineering,Arts and Humanities
2210,13,2.3857540667792447,2.048240069754003,-0.3375139970252419,Mechanical Engineering,"Biochemistry, Genetics and Molecular Biology"
2210,14,1.5234155642120333,1.043996639099897,-0.47941892511213635,Mechanical Engineering,"Business, Management and Accounting"
2210,15,5.142273481039679,5.137140702408076,-0.0051327786316024415,Mechanical Engineering,Chemical Engineering
2210,16,7.752104198189574,7.713931786361293,-0.03817241182828113,Mechanical Engineering,Chemistry
2210,17,5.982488144141908,4.6296346475026136,-1.3528534966392947,Mechanical Engineering,Computer Science
2210,18,1.1504760400728957,0.9127038306138048,-0.23777220945909094,Mechanical Engineering,Decision Sciences
2210,19,4.502901798080484,3.8336585206387155,-0.6692432774417685,Mechanical Engineering,Earth and Planetary Sciences
2210,20,0.2826884504006171,0.2769671646772872,-0.005721285723329861,Mechanical Engineering,"Economics, Econometrics and Finance"
2210,21,2.695242201005452,6.041080413188625,3.3458382121831725,Mechanical Engineering,Energy
2210,22,0.0,0.0,0.0,Mechanical Engineering,Engineering
2210,23,10.392100479346823,13.12944109681095,2.7373406174641275,Mechanical Engineering,Environmental Science
2210,24,0.06195948626479816,0.04648654652247126,-0.0154729397423269,Mechanical Engineering,Immunology and Microbiology
2210,25,40.57414820261543,41.67829922931104,1.1041510266956038,Mechanical Engineering,Materials Science
2210,26,1.0213626956952302,0.659505844659822,-0.3618568510354082,Mechanical Engineering,Mathematics
2210,27,3.044720630580368,2.46742897027594,-0.5772916603044278,Mechanical Engineering,Medicine
2210,28,0.6413093383070733,0.6854893621707838,0.04418002386371056,Mechanical Engineering,Neuroscience
2210,29,0.18376796095069559,0.1309169536129239,-0.05285100733777168,Mechanical Engineering,Nursing
2210,30,0.2164079017403147,0.16985435303168328,-0.04655354870863143,Mechanical Engineering,"Pharmacology, Toxicology and Pharmaceutics"
2210,31,6.58541735140344,4.565453785904556,-2.019963565498884,Mechanical Engineering,Physics and Astronomy
2210,32,0.8479652844937448,0.6415114284064353,-0.20645385608730948,Mechanical Engineering,Psychology
2210,33,0.9117805533452437,0.755981089313665,-0.15579946403157863,Mechanical Engineering,Social Sciences
2210,34,0.08029898476866443,0.04307471662727766,-0.03722426814138677,Mechanical Engineering,Veterinary
2210,35,0.565704391845946,0.42128669516287603,-0.14441769668306997,Mechanical Engineering,Dentistry
2210,36,0.27601127187788005,0.32107912421036244,0.045067852332482394,Mechanical Engineering,Health Professions
2211,11,2.6759064881830534,2.7954199688085173,0.11951348062546385,Mechanics of Materials,Agricultural and Biological Sciences
2211,12,0.439831559123526,0.47273568880394773,0.03290412968042172,Mechanics of Materials,Arts and Humanities
2211,13,2.088393799886465,2.020382165472855,-0.06801163441360991,Mechanics of Materials,"Biochemistry, Genetics and Molecular Biology"
2211,14,0.1544574573176346,0.2712891834110975,0.11683172609346287,Mechanics of Materials,"Business, Management and Accounting"
2211,15,1.5160585751850613,1.210490498961469,-0.30556807622359217,Mechanics of Materials,Chemical Engineering
2211,16,6.043489667925913,5.909440061139334,-0.1340496067865793,Mechanics of Materials,Chemistry
2211,17,4.761340367783321,4.868127047859104,0.10678668007578285,Mechanics of Materials,Computer Science
2211,18,1.1672666068216968,1.268317288185703,0.10105068136400619,Mechanics of Materials,Decision Sciences
2211,19,11.83791778802512,11.850271956156073,0.012354168130952914,Mechanics of Materials,Earth and Planetary Sciences
2211,20,0.1800765120500874,0.1654974575365497,-0.014579054513537693,Mechanics of Materials,"Economics, Econometrics and Finance"
2211,21,0.76780332223972,1.2292851137878715,0.4614817915481515,Mechanics of Materials,Energy
2211,22,0.0,0.0,0.0,Mechanics of Materials,Engineering
2211,23,9.041951894871692,13.02689477719921,3.984942882327518,Mechanics of Materials,Environmental Science
2211,24,0.051918261360457456,0.05460352056717902,0.002685259206721566,Mechanics of Materials,Immunology and Microbiology
2211,25,34.92281472549006,36.43293781941048,1.51012309392042,Mechanics of Materials,Materials Science
2211,26,2.750017853987258,2.7494689262627725,-0.0005489277244854485,Mechanics of Materials,Mathematics
2211,27,4.649530953397881,4.167722706713124,-0.4818082466847571,Mechanics of Materials,Medicine
2211,28,0.3116607130284229,0.3216780596151064,0.010017346586683518,Mechanics of Materials,Neuroscience
2211,29,0.1988058799887095,0.19411759179581065,-0.0046882881928988485,Mechanics of Materials,Nursing
2211,30,0.1493941043174153,0.13181144532352768,-0.017582658993887612,Mechanics of Materials,"Pharmacology, Toxicology and Pharmaceutics"
2211,31,15.133908683058412,9.829163127861982,-5.30474555519643,Mechanics of Materials,Physics and Astronomy
2211,32,0.09915103188489109,0.08328074976239423,-0.01587028212249686,Mechanics of Materials,Psychology
2211,33,0.2891653188533193,0.2651073589818665,-0.024057959871452816,Mechanics of Materials,Social Sciences
2211,34,0.02706752636186877,0.02273416540724754,-0.004333360954621231,Mechanics of Materials,Veterinary
2211,35,0.519069254955316,0.37467773152684264,-0.14439152342847333,Mechanics of Materials,Dentistry
2211,36,0.2230016539026927,0.28454558944993547,0.06154393554724277,Mechanics of Materials,Health Professions
2212,11,4.069023035087102,3.4683414727442656,-0.6006815623428361,Ocean Engineering,Agricultural and Biological Sciences
2212,12,0.2723168845150671,0.28014096439350783,0.007824079878440748,Ocean Engineering,Arts and Humanities
2212,13,3.935648026851711,2.4866823131258613,-1.4489657137258498,Ocean Engineering,"Biochemistry, Genetics and Molecular Biology"
2212,14,1.0099013642912482,1.3714526712676858,0.36155130697643756,Ocean Engineering,"Business, Management and Accounting"
2212,15,1.105380812078367,0.9148438059904448,-0.19053700608792223,Ocean Engineering,Chemical Engineering
2212,16,4.236156756875465,5.023712739750412,0.787555982874947,Ocean Engineering,Chemistry
2212,17,8.721596843330458,9.4984658537494,0.7768690104189417,Ocean Engineering,Computer Science
2212,18,1.7059386224708417,1.744555249870581,0.038616627399739256,Ocean Engineering,Decision Sciences
2212,19,19.469074005126625,16.984366532201413,-2.484707472925212,Ocean Engineering,Earth and Planetary Sciences
2212,20,1.9710798651490058,1.421577091849258,-0.5495027732997477,Ocean Engineering,"Economics, Econometrics and Finance"
2212,21,0.8550760388209884,1.481690261537457,0.6266142227164686,Ocean Engineering,Energy
2212,22,0.0,0.0,0.0,Ocean Engineering,Engineering
2212,23,28.779941706209307,32.453789990378624,3.673848284169317,Ocean Engineering,Environmental Science
2212,24,0.3719587152894286,0.25843414785946955,-0.11352456742995903,Ocean Engineering,Immunology and Microbiology
2212,25,6.171486093299687,7.325925828418757,1.1544397351190705,Ocean Engineering,Materials Science
2212,26,1.5174311917234462,0.9867610788434077,-0.5306701128800385,Ocean Engineering,Mathematics
2212,27,2.9973754004697617,2.463117124665009,-0.5342582758047527,Ocean Engineering,Medicine
2212,28,0.6330907915320276,0.4586909301211719,-0.17439986141085573,Ocean Engineering,Neuroscience
2212,29,0.333986546565319,0.4299635974191688,0.09597705085384978,Ocean Engineering,Nursing
2212,30,0.14425338340450242,0.10816412899957559,-0.03608925440492683,Ocean Engineering,"Pharmacology, Toxicology and Pharmaceutics"
2212,31,6.645640248558104,5.0123904367148215,-1.6332498118432826,Ocean Engineering,Physics and Astronomy
2212,32,0.41189716309340135,0.5251707443734563,0.11327358128005499,Ocean Engineering,Psychology
2212,33,3.015378345291885,3.800534058236042,0.7851557129441571,Ocean Engineering,Social Sciences
2212,34,0.04609264596302476,0.028813368439355603,-0.017279277523669156,Ocean Engineering,Veterinary
2212,35,0.9509896001711939,0.7248510871948969,-0.22613851297629706,Ocean Engineering,Dentistry
2212,36,0.6292859138320328,0.7475645218559595,0.11827860802392665,Ocean Engineering,Health Professions
2213,11,1.952395866299144,1.506812640749762,-0.4455832255493821,"Safety, Risk, Reliability and Quality",Agricultural and Biological Sciences
2213,12,0.20644454610895482,0.15746794326753125,-0.04897660284142358,"Safety, Risk, Reliability and Quality",Arts and Humanities
2213,13,0.562434307508908,0.4607838614467401,-0.10165044606216789,"Safety, Risk, Reliability and Quality","Biochemistry, Genetics and Molecular Biology"
2213,14,9.30432505970057,6.196164754165285,-3.108160305535285,"Safety, Risk, Reliability and Quality","Business, Management and Accounting"
2213,15,1.9447983571889653,1.9886359797843434,0.043837622595378045,"Safety, Risk, Reliability and Quality",Chemical Engineering
2213,16,0.9994823855304072,1.0107828287751337,0.011300443244726455,"Safety, Risk, Reliability and Quality",Chemistry
2213,17,10.960691362397359,10.738954708567526,-0.22173665382983287,"Safety, Risk, Reliability and Quality",Computer Science
2213,18,8.324410359504293,8.177485172476425,-0.14692518702786828,"Safety, Risk, Reliability and Quality",Decision Sciences
2213,19,2.86814167660082,3.8318100301173366,0.9636683535165167,"Safety, Risk, Reliability and Quality",Earth and Planetary Sciences
2213,20,2.2212055771182704,1.6424690155087973,-0.5787365616094731,"Safety, Risk, Reliability and Quality","Economics, Econometrics and Finance"
2213,21,0.9980066103795093,1.367392322752535,0.36938571237302575,"Safety, Risk, Reliability and Quality",Energy
2213,22,0.0,0.0,0.0,"Safety, Risk, Reliability and Quality",Engineering
2213,23,12.750150720369577,18.598029585365943,5.847878864996366,"Safety, Risk, Reliability and Quality",Environmental Science
2213,24,0.05017635513053231,0.04014872787404572,-0.010027627256486593,"Safety, Risk, Reliability and Quality",Immunology and Microbiology
2213,25,4.742813384952669,6.165860185529588,1.4230468005769188,"Safety, Risk, Reliability and Quality",Materials Science
2213,26,2.734993962986466,2.4279557136368823,-0.30703824934958357,"Safety, Risk, Reliability and Quality",Mathematics
2213,27,14.200673718685556,10.21543845981759,-3.9852352588679665,"Safety, Risk, Reliability and Quality",Medicine
2213,28,0.721872682144815,0.6930867171987306,-0.02878596494608443,"Safety, Risk, Reliability and Quality",Neuroscience
2213,29,0.06247448138801573,0.05288822806484869,-0.009586253323167038,"Safety, Risk, Reliability and Quality",Nursing
2213,30,0.1557762659281232,0.10085437651052351,-0.05492188941759968,"Safety, Risk, Reliability and Quality","Pharmacology, Toxicology and Pharmaceutics"
2213,31,1.7191687341183364,1.4085254665504154,-0.31064326756792093,"Safety, Risk, Reliability and Quality",Physics and Astronomy
2213,32,5.515245030600472,5.782478438878484,0.26723340827801234,"Safety, Risk, Reliability and Quality",Psychology
2213,33,9.175222063166457,10.451543863353804,1.2763218001873469,"Safety, Risk, Reliability and Quality",Social Sciences
2213,34,0.022628552313769472,0.01945669120049908,-0.003171861113270391,"Safety, Risk, Reliability and Quality",Veterinary
2213,35,0.04547573798322754,0.044549646121777656,-0.0009260918614498875,"Safety, Risk, Reliability and Quality",Dentistry
2213,36,7.760992201894785,6.920424642285451,-0.840567559609334,"Safety, Risk, Reliability and Quality",Health Professions
2214,11,1.2740941099248682,2.1149506557095537,0.8408565457846855,Media Technology,Agricultural and Biological Sciences
2214,12,0.5556815954149881,0.5115437038222699,-0.04413789159271819,Media Technology,Arts and Humanities
2214,13,2.369113724419109,2.9682288148316296,0.5991150904125204,Media Technology,"Biochemistry, Genetics and Molecular Biology"
2214,14,7.813639177006218,4.76264778061169,-3.0509913963945277,Media Technology,"Business, Management and Accounting"
2214,15,0.09052843495939436,0.08386103940763533,-0.006667395551759034,Media Technology,Chemical Engineering
2214,16,1.411714952169709,1.2727848759940505,-0.13893007617565845,Media Technology,Chemistry
2214,17,39.25154349880287,38.628905112515,-0.6226383862878677,Media Technology,Computer Science
2214,18,3.2412263409111435,1.9820627195936438,-1.2591636213174997,Media Technology,Decision Sciences
2214,19,3.9806520249955395,6.081998132486912,2.101346107491372,Media Technology,Earth and Planetary Sciences
2214,20,3.0836495954854724,1.8352987034933606,-1.2483508919921118,Media Technology,"Economics, Econometrics and Finance"
2214,21,0.1664754042391977,0.29305302116375687,0.12657761692455916,Media Technology,Energy
2214,22,0.0,0.0,0.0,Media Technology,Engineering
2214,23,8.400157708903725,13.05100020770937,4.650842498805645,Media Technology,Environmental Science
2214,24,0.05511001077090138,0.11904064467922146,0.06393063390832007,Media Technology,Immunology and Microbiology
2214,25,1.9376168774958644,1.7540142391035705,-0.18360263839229396,Media Technology,Materials Science
2214,26,0.9715397102649554,0.6354208245126423,-0.3361188857523132,Media Technology,Mathematics
2214,27,2.842548804958579,4.0214146490812785,1.1788658441226993,Media Technology,Medicine
2214,28,2.1348851654511773,1.8798777695842372,-0.2550073958669401,Media Technology,Neuroscience
2214,29,0.047885357080711274,0.060657469973184906,0.012772112892473632,Media Technology,Nursing
2214,30,0.018281898057493265,0.023333117899034823,0.005051219841541558,Media Technology,"Pharmacology, Toxicology and Pharmaceutics"
2214,31,6.047123244221929,5.246324170274471,-0.8007990739474575,Media Technology,Physics and Astronomy
2214,32,2.337351679842115,2.0302259598713555,-0.30712571997075955,Media Technology,Psychology
2214,33,11.328433197283706,9.860797295949293,-1.467635901334413,Media Technology,Social Sciences
2214,34,0.013656357585115452,0.027435485944207506,0.013779128359092055,Media Technology,Veterinary
2214,35,0.052554950319492685,0.09426809939591552,0.04171314907642283,Media Technology,Dentistry
2214,36,0.5745361794357281,0.660855506392713,0.08631932695698485,Media Technology,Health Professions
2215,11,5.27195373621936,4.547516049483187,-0.7244376867361728,Building and Construction,Agricultural and Biological Sciences
2215,12,1.2266094142086852,1.2034505647095326,-0.02315884949915259,Building and Construction,Arts and Humanities
2215,13,3.9653998960917924,2.7726165680342953,-1.192783328057497,Building and Construction,"Biochemistry, Genetics and Molecular Biology"
2215,14,6.816738056322313,6.7765822081952605,-0.04015584812705253,Building and Construction,"Business, Management and Accounting"
2215,15,0.8028062252665825,0.5889882700806098,-0.21381795518597269,Building and Construction,Chemical Engineering
2215,16,2.9028231523748578,2.108426942955987,-0.7943962094188706,Building and Construction,Chemistry
2215,17,7.066930880713926,5.752348399883692,-1.314582480830234,Building and Construction,Computer Science
2215,18,4.178220167339907,3.886106950212481,-0.2921132171274259,Building and Construction,Decision Sciences
2215,19,3.8639545243267563,4.256162721795677,0.3922081974689209,Building and Construction,Earth and Planetary Sciences
2215,20,2.9668568783675857,2.6829361335262747,-0.283920744841311,Building and Construction,"Economics, Econometrics and Finance"
2215,21,3.666614934087873,5.4246108747381605,1.7579959406502876,Building and Construction,Energy
2215,22,0.0,0.0,0.0,Building and Construction,Engineering
2215,23,26.889825635147712,30.102718387837573,3.2128927526898607,Building and Construction,Environmental Science
2215,24,0.09010850940979122,0.054686499953799185,-0.03542200945599203,Building and Construction,Immunology and Microbiology
2215,25,10.605243807043475,11.024861122060845,0.4196173150173692,Building and Construction,Materials Science
2215,26,0.5446385045974886,0.2715675129468233,-0.27307099165066534,Building and Construction,Mathematics
2215,27,3.004581265170383,2.984970749377137,-0.01961051579324602,Building and Construction,Medicine
2215,28,0.38682156208671764,0.33580783175784334,-0.051013730328874296,Building and Construction,Neuroscience
2215,29,0.30386700374937403,0.2535364812615449,-0.050330522487829155,Building and Construction,Nursing
2215,30,0.14147622366769388,0.09280852604157394,-0.04866769762611994,Building and Construction,"Pharmacology, Toxicology and Pharmaceutics"
2215,31,0.8966676270422478,0.6307894065357615,-0.26587822050648624,Building and Construction,Physics and Astronomy
2215,32,1.7267605072190402,2.065082953766129,0.3383224465470889,Building and Construction,Psychology
2215,33,10.540115487444034,9.708799262143396,-0.8313162253006379,Building and Construction,Social Sciences
2215,34,0.038388961492587845,0.023549697236343845,-0.014839264256244,Building and Construction,Veterinary
2215,35,0.5867803584559507,0.2848428282355614,-0.30193753022038927,Building and Construction,Dentistry
2215,36,1.5158166821538632,2.1662330572305115,0.6504163750766483,Building and Construction,Health Professions
2216,11,2.306961923460684,2.4622669924031992,0.15530506894251506,Architecture,Agricultural and Biological Sciences
2216,12,8.419968457304709,7.830226565375992,-0.5897418919287167,Architecture,Arts and Humanities
2216,13,1.0195049728024719,1.0081657240386868,-0.011339248763785115,Architecture,"Biochemistry, Genetics and Molecular Biology"
2216,14,5.241559110367247,4.726247448211238,-0.5153116621560097,Architecture,"Business, Management and Accounting"
2216,15,0.222890984582703,0.20874468725946252,-0.014146297323240492,Architecture,Chemical Engineering
2216,16,1.2158421577778493,0.9801378802583582,-0.23570427751949108,Architecture,Chemistry
2216,17,19.79062731339921,16.479953816806667,-3.3106734965925426,Architecture,Computer Science
2216,18,3.349802053493836,2.979317961246277,-0.3704840922475592,Architecture,Decision Sciences
2216,19,2.20557468859635,3.2478832703055454,1.0423085817091953,Architecture,Earth and Planetary Sciences
2216,20,1.7573787376484598,1.4068304273618688,-0.35054831028659095,Architecture,"Economics, Econometrics and Finance"
2216,21,0.6324632270108468,1.1039623841236907,0.47149915711284396,Architecture,Energy
2216,22,0.0,0.0,0.0,Architecture,Engineering
2216,23,5.432263671183494,8.914109300224222,3.481845629040728,Architecture,Environmental Science
2216,24,0.022530496636518717,0.03053779993976105,0.008007303303242334,Architecture,Immunology and Microbiology
2216,25,3.1413949596060387,3.8101134500184064,0.6687184904123677,Architecture,Materials Science
2216,26,2.7615951591618657,2.0364110973528327,-0.725184061809033,Architecture,Mathematics
2216,27,1.6600148057549324,1.5975870954787321,-0.06242771027620031,Architecture,Medicine
2216,28,1.7992210885448519,1.7695190923998527,-0.029701996144999132,Architecture,Neuroscience
2216,29,0.09816859248768871,0.06609551219838694,-0.03207308028930177,Architecture,Nursing
2216,30,0.03218642376645531,0.025099561594324152,-0.007086862172131156,Architecture,"Pharmacology, Toxicology and Pharmaceutics"
2216,31,2.1178666838327596,2.0991600013386433,-0.018706682494116222,Architecture,Physics and Astronomy
2216,32,9.808812642827256,10.028948161038787,0.22013551821153143,Architecture,Psychology
2216,33,25.57533232482539,25.393644791004316,-0.18168753382107283,Architecture,Social Sciences
2216,34,0.01448389069490489,0.014223084903450353,-0.0002608057914545367,Architecture,Veterinary
2216,35,0.06598216872123339,0.0761353368361166,0.010153168114883218,Architecture,Dentistry
2216,36,1.3075734655122468,1.704678558281182,0.39710509276893524,Architecture,Health Professions
2302,11,40.321433086833544,35.58702832284574,-4.734404763987804,Ecological Modeling,Agricultural and Biological Sciences
2302,12,0.5405972682567267,0.44115593434076283,-0.09944133391596388,Ecological Modeling,Arts and Humanities
2302,13,17.07723797931319,16.418459149172065,-0.6587788301411237,Ecological Modeling,"Biochemistry, Genetics and Molecular Biology"
2302,14,0.700826265986747,0.7622899484154356,0.061463682428688604,Ecological Modeling,"Business, Management and Accounting"
2302,15,0.036359339350803994,0.04763320370190131,0.011273864351097312,Ecological Modeling,Chemical Engineering
2302,16,0.2691417460581105,0.3733956523395017,0.10425390628139125,Ecological Modeling,Chemistry
2302,17,2.4883009693895684,2.7562724545196793,0.26797148513011093,Ecological Modeling,Computer Science
2302,18,1.244233119556945,1.503765165396448,0.25953204583950296,Ecological Modeling,Decision Sciences
2302,19,10.785998018416006,9.126479512168286,-1.6595185062477196,Ecological Modeling,Earth and Planetary Sciences
2302,20,1.6265846267755135,1.2000340652783832,-0.42655056149713033,Ecological Modeling,"Economics, Econometrics and Finance"
2302,21,0.15684096838142267,0.20806796975172548,0.05122700137030281,Ecological Modeling,Energy
2302,22,9.306338176562605,12.976384933414018,3.670046756851413,Ecological Modeling,Engineering
2302,23,0.0,0.0,0.0,Ecological Modeling,Environmental Science
2302,24,1.4569352547591483,1.3919157381586131,-0.06501951660053518,Ecological Modeling,Immunology and Microbiology
2302,25,1.8943215801768882,2.516334406777509,0.6220128266006208,Ecological Modeling,Materials Science
2302,26,0.7812299868693204,0.6927047407865059,-0.08852524608281453,Ecological Modeling,Mathematics
2302,27,3.044598861456869,4.303439112017638,1.2588402505607688,Ecological Modeling,Medicine
2302,28,0.5859638075830708,0.6126460469466085,0.026682239363537752,Ecological Modeling,Neuroscience
2302,29,0.07610670805020564,0.11756223789836276,0.04145552984815712,Ecological Modeling,Nursing
2302,30,0.04660606225875785,0.06884465809886124,0.02223859584010339,Ecological Modeling,"Pharmacology, Toxicology and Pharmaceutics"
2302,31,0.32318494591135094,0.337531896526188,0.01434695061483704,Ecological Modeling,Physics and Astronomy
2302,32,2.8843698637268487,3.681430403155164,0.7970605394283155,Ecological Modeling,Psychology
2302,33,3.289032783728865,3.5261530356183166,0.23712025188945152,Ecological Modeling,Social Sciences
2302,34,0.6148033744772312,0.7565771377549076,0.14177376327767643,Ecological Modeling,Veterinary
2302,35,0.07354502732321717,0.06482453207848979,-0.008720495244727386,Ecological Modeling,Dentistry
2302,36,0.3754101787970513,0.5290697428388861,0.15365956404183478,Ecological Modeling,Health Professions
2303,11,27.532200225681326,26.828148872810008,-0.7040513528713177,Ecology,Agricultural and Biological Sciences
2303,12,0.48626885135960296,0.5263123444982822,0.040043493138679276,Ecology,Arts and Humanities
2303,13,22.712177806675136,20.817451588191297,-1.8947262184838394,Ecology,"Biochemistry, Genetics and Molecular Biology"
2303,14,0.13642924466526024,0.38147405117990607,0.24504480651464583,Ecology,"Business, Management and Accounting"
2303,15,0.16913050802584337,0.21081142725370652,0.041680919227863156,Ecology,Chemical Engineering
2303,16,1.335883889850428,1.343310785925161,0.007426896074733014,Ecology,Chemistry
2303,17,0.7404226441229624,1.1353768406255138,0.39495419650255137,Ecology,Computer Science
2303,18,0.11329336713458056,0.16477926843482857,0.05148590130024801,Ecology,Decision Sciences
2303,19,18.00393086228598,17.90922110868398,-0.09470975360200029,Ecology,Earth and Planetary Sciences
2303,20,0.5276407428555329,0.6143411384506862,0.0867003955951533,Ecology,"Economics, Econometrics and Finance"
2303,21,0.48201342637180067,0.6443319018091381,0.16231847543733746,Ecology,Energy
2303,22,4.592977654012432,6.497004322264887,1.9040266682524551,Ecology,Engineering
2303,23,0.0,0.0,0.0,Ecology,Environmental Science
2303,24,4.3778523397354485,4.32162041254985,-0.056231927185598884,Ecology,Immunology and Microbiology
2303,25,1.3139356966404991,1.4145781845581178,0.10064248791761865,Ecology,Materials Science
2303,26,0.3599588901446861,0.3363985355303567,-0.02356035461432937,Ecology,Mathematics
2303,27,7.608098047122095,7.54216215957664,-0.06593588754545454,Ecology,Medicine
2303,28,1.8090722358657976,1.3091133101036874,-0.4999589257621102,Ecology,Neuroscience
2303,29,0.5553516016934994,0.5797207256490887,0.024369123955589322,Ecology,Nursing
2303,30,0.16118953348665288,0.17460248329461864,0.013412949807965757,Ecology,"Pharmacology, Toxicology and Pharmaceutics"
2303,31,1.2714666617810055,1.144026908861864,-0.12743975291914156,Ecology,Physics and Astronomy
2303,32,1.4943784983760948,1.4838467024635826,-0.010531795912512187,Ecology,Psychology
2303,33,2.226572567272331,2.5294979662521464,0.3029253989798155,Ecology,Social Sciences
2303,34,1.453432681972811,1.425667692876256,-0.027764989096555004,Ecology,Veterinary
2303,35,0.1269224441605956,0.16269227583647747,0.03576983167588188,Ecology,Dentistry
2303,36,0.4093995787076003,0.5035089923199175,0.09410941361231723,Ecology,Health Professions
2304,11,19.706130052266218,17.966100385752455,-1.7400296665137631,Environmental Chemistry,Agricultural and Biological Sciences
2304,12,0.20981029730717726,0.20026236058875366,-0.009547936718423605,Environmental Chemistry,Arts and Humanities
2304,13,9.954111291694291,7.916180426329519,-2.037930865364772,Environmental Chemistry,"Biochemistry, Genetics and Molecular Biology"
2304,14,0.30296938230387743,0.6461659372793414,0.3431965549754639,Environmental Chemistry,"Business, Management and Accounting"
2304,15,1.5557510722989043,1.4533141690809719,-0.10243690321793242,Environmental Chemistry,Chemical Engineering
2304,16,9.135143356565692,7.02617555373468,-2.108967802831012,Environmental Chemistry,Chemistry
2304,17,1.1922066373542142,1.3860826590335784,0.19387602167936424,Environmental Chemistry,Computer Science
2304,18,0.25235213042347193,0.25019519344587715,-0.002156936977594781,Environmental Chemistry,Decision Sciences
2304,19,26.98789891909861,24.913579027115958,-2.0743198919826504,Environmental Chemistry,Earth and Planetary Sciences
2304,20,0.43027487671339115,0.43381059445013376,0.003535717736742605,Environmental Chemistry,"Economics, Econometrics and Finance"
2304,21,2.529789636282386,3.982750885531354,1.4529612492489679,Environmental Chemistry,Energy
2304,22,12.788846811376665,18.891507202364593,6.1026603909879285,Environmental Chemistry,Engineering
2304,23,0.0,0.0,0.0,Environmental Chemistry,Environmental Science
2304,24,0.48138154791283366,0.4579724212419388,-0.023409126670894842,Environmental Chemistry,Immunology and Microbiology
2304,25,5.202677951923211,6.057111703432122,0.8544337515089113,Environmental Chemistry,Materials Science
2304,26,0.14782345816914255,0.1290964072176196,-0.01872705095152294,Environmental Chemistry,Mathematics
2304,27,3.5009669796314973,3.5275864821216967,0.026619502490199398,Environmental Chemistry,Medicine
2304,28,0.7014696509197883,0.4597103348573334,-0.24175931606245488,Environmental Chemistry,Neuroscience
2304,29,0.8416694620039312,0.8042356173165713,-0.037433844687359885,Environmental Chemistry,Nursing
2304,30,0.552516763552868,0.4766147631255926,-0.07590200042727546,Environmental Chemistry,"Pharmacology, Toxicology and Pharmaceutics"
2304,31,1.653484345546604,1.194035158636111,-0.45944918691049286,Environmental Chemistry,Physics and Astronomy
2304,32,0.10204392801921837,0.1086356927548956,0.006591764735677227,Environmental Chemistry,Psychology
2304,33,1.160432029256734,1.0347183646619083,-0.1257136645948258,Environmental Chemistry,Social Sciences
2304,34,0.12414309265573606,0.14787552933952203,0.023732436683785968,Environmental Chemistry,Veterinary
2304,35,0.0781376766662563,0.08323479792248518,0.0050971212562288815,Environmental Chemistry,Dentistry
2304,36,0.4079686500572809,0.45304833266498756,0.04507968260770667,Environmental Chemistry,Health Professions
2305,11,8.052136890039682,7.052273542137103,-0.9998633479025791,Environmental Engineering,Agricultural and Biological Sciences
2305,12,0.2510810826503676,0.3464604721071286,0.095379389456761,Environmental Engineering,Arts and Humanities
2305,13,3.349706682047069,2.2319504122499803,-1.1177562697970886,Environmental Engineering,"Biochemistry, Genetics and Molecular Biology"
2305,14,0.9207655316171258,1.9218960857515373,1.0011305541344115,Environmental Engineering,"Business, Management and Accounting"
2305,15,1.1867144148869442,1.007511165178,-0.1792032497089442,Environmental Engineering,Chemical Engineering
2305,16,2.7151595086271074,1.9529334076909064,-0.762226100936201,Environmental Engineering,Chemistry
2305,17,4.935722714990597,4.472063530699319,-0.46365918429127806,Environmental Engineering,Computer Science
2305,18,1.4364054901421204,1.4373311920230705,0.0009257018809500916,Environmental Engineering,Decision Sciences
2305,19,18.786143491343157,14.822984219704068,-3.963159271639089,Environmental Engineering,Earth and Planetary Sciences
2305,20,2.5756309181984167,4.288114685688929,1.7124837674905122,Environmental Engineering,"Economics, Econometrics and Finance"
2305,21,2.9804045906841705,4.979022321027193,1.9986177303430224,Environmental Engineering,Energy
2305,22,40.03223057653812,42.98004649077645,2.9478159142383333,Environmental Engineering,Engineering
2305,23,0.0,0.0,0.0,Environmental Engineering,Environmental Science
2305,24,0.20702312673190082,0.11891373276080477,-0.08810939397109604,Environmental Engineering,Immunology and Microbiology
2305,25,3.239649767402496,3.645873913842469,0.40622414643997296,Environmental Engineering,Materials Science
2305,26,1.1165102439146268,0.622041048750204,-0.4944691951644228,Environmental Engineering,Mathematics
2305,27,2.430982173946933,2.1189814142081254,-0.3120007597388077,Environmental Engineering,Medicine
2305,28,0.23865899124524076,0.22379141853507362,-0.014867572710167143,Environmental Engineering,Neuroscience
2305,29,0.256007691139653,0.22681376164678957,-0.029193929492863424,Environmental Engineering,Nursing
2305,30,0.09177567814325979,0.049180899800568195,-0.0425947783426916,Environmental Engineering,"Pharmacology, Toxicology and Pharmaceutics"
2305,31,1.9614763849180328,1.3004880631963853,-0.6609883217216475,Environmental Engineering,Physics and Astronomy
2305,32,0.23642442239474346,0.4047274396246507,0.16830301722990723,Environmental Engineering,Psychology
2305,33,1.8106693800549423,2.3707116580436285,0.5600422779886862,Environmental Engineering,Social Sciences
2305,34,0.060386144054384125,0.04671066976122871,-0.013675474293155417,Environmental Engineering,Veterinary
2305,35,0.04404036088814786,0.04348366404509736,-0.0005566968430504998,Environmental Engineering,Dentistry
2305,36,1.084293743400764,1.3356947907512873,0.25140104735052327,Environmental Engineering,Health Professions
2306,11,22.050826765381302,19.773643950066184,-2.2771828153151183,Global and Planetary Change,Agricultural and Biological Sciences
2306,12,0.41337840338358073,0.4278903972916669,0.014511993908086163,Global and Planetary Change,Arts and Humanities
2306,13,6.5640649064972525,4.997659262833036,-1.5664056436642166,Global and Planetary Change,"Biochemistry, Genetics and Molecular Biology"
2306,14,0.6990305114590963,1.2996653617609943,0.600634850301898,Global and Planetary Change,"Business, Management and Accounting"
2306,15,0.29846246556680517,0.2944267425382985,-0.004035723028506688,Global and Planetary Change,Chemical Engineering
2306,16,1.7426802183214178,1.4074739386435409,-0.335206279677877,Global and Planetary Change,Chemistry
2306,17,1.7226329520465617,2.141179239704107,0.4185462876575452,Global and Planetary Change,Computer Science
2306,18,0.7359181673677493,0.8468257509192825,0.11090758355153318,Global and Planetary Change,Decision Sciences
2306,19,36.09307076273417,32.71558820356945,-3.3774825591647186,Global and Planetary Change,Earth and Planetary Sciences
2306,20,2.7530007019115557,3.3276493364940443,0.5746486345824886,Global and Planetary Change,"Economics, Econometrics and Finance"
2306,21,0.7132127947861331,1.1038742127661125,0.39066141797997944,Global and Planetary Change,Energy
2306,22,10.349379778053267,13.907202327257433,3.5578225492041664,Global and Planetary Change,Engineering
2306,23,0.0,0.0,0.0,Global and Planetary Change,Environmental Science
2306,24,1.0405628737318904,0.9014863225613883,-0.1390765511705021,Global and Planetary Change,Immunology and Microbiology
2306,25,0.9013981467682829,1.0117117528556276,0.11031360608734475,Global and Planetary Change,Materials Science
2306,26,0.5650362299889611,0.7001751194081721,0.13513888941921104,Global and Planetary Change,Mathematics
2306,27,2.453389248457312,2.6171659957377504,0.16377674728043834,Global and Planetary Change,Medicine
2306,28,0.7376930964177474,0.6111223659062719,-0.1265707305114755,Global and Planetary Change,Neuroscience
2306,29,0.17560650697564265,0.21613110105856226,0.04052459408291961,Global and Planetary Change,Nursing
2306,30,0.04276978792941922,0.03771982794345747,-0.0050499599859617494,Global and Planetary Change,"Pharmacology, Toxicology and Pharmaceutics"
2306,31,3.339773381860637,2.3710860799262203,-0.9686873019344167,Global and Planetary Change,Physics and Astronomy
2306,32,1.099367044866605,1.188151810402111,0.08878476553550585,Global and Planetary Change,Psychology
2306,33,4.116737855326648,6.520452565071907,2.403714709745259,Global and Planetary Change,Social Sciences
2306,34,0.17967083726404376,0.158250226754847,-0.021420610509196747,Global and Planetary Change,Veterinary
2306,35,0.018675340439108873,0.023791205724253875,0.005115865285145002,Global and Planetary Change,Dentistry
2306,36,1.1936612224648055,1.3996769028052805,0.2060156803404749,Global and Planetary Change,Health Professions
2307,11,10.000513703815544,9.129768427704228,-0.8707452761113164,"Health, Toxicology and Mutagenesis",Agricultural and Biological Sciences
2307,12,0.3326569362091429,0.4347326775776473,0.10207574136850439,"Health, Toxicology and Mutagenesis",Arts and Humanities
2307,13,13.978971981809247,10.068580074059163,-3.9103919077500837,"Health, Toxicology and Mutagenesis","Biochemistry, Genetics and Molecular Biology"
2307,14,0.3126114531920807,0.6353232289737095,0.3227117757816288,"Health, Toxicology and Mutagenesis","Business, Management and Accounting"
2307,15,1.506905393044107,1.2358754877126799,-0.2710299053314271,"Health, Toxicology and Mutagenesis",Chemical Engineering
2307,16,7.319114649251249,5.835489721952357,-1.4836249272988917,"Health, Toxicology and Mutagenesis",Chemistry
2307,17,0.820136110668721,1.1718481266627914,0.3517120159940703,"Health, Toxicology and Mutagenesis",Computer Science
2307,18,0.2526834281233345,0.27347672938484596,0.020793301261511465,"Health, Toxicology and Mutagenesis",Decision Sciences
2307,19,8.20258713011333,8.989456051350016,0.7868689212366871,"Health, Toxicology and Mutagenesis",Earth and Planetary Sciences
2307,20,0.5838200952840886,1.4984868576470471,0.9146667623629585,"Health, Toxicology and Mutagenesis","Economics, Econometrics and Finance"
2307,21,0.8700843050488503,1.8858087121618863,1.015724407113036,"Health, Toxicology and Mutagenesis",Energy
2307,22,9.737041269542354,12.57691746294403,2.8398761934016754,"Health, Toxicology and Mutagenesis",Engineering
2307,23,0.0,0.0,0.0,"Health, Toxicology and Mutagenesis",Environmental Science
2307,24,1.919523577104797,1.6433310170886444,-0.27619256001615256,"Health, Toxicology and Mutagenesis",Immunology and Microbiology
2307,25,3.2822976561742356,5.299984020459635,2.0176863642853995,"Health, Toxicology and Mutagenesis",Materials Science
2307,26,0.20430454372863885,0.35460747660489733,0.15030293287625848,"Health, Toxicology and Mutagenesis",Mathematics
2307,27,22.778534438568933,19.983398021958582,-2.795136416610351,"Health, Toxicology and Mutagenesis",Medicine
2307,28,2.290579567020019,2.052055991727039,-0.23852357529298018,"Health, Toxicology and Mutagenesis",Neuroscience
2307,29,4.387202228027852,3.09977603163585,-1.2874261963920022,"Health, Toxicology and Mutagenesis",Nursing
2307,30,0.9226561895608764,0.5851960660482814,-0.3374601235125949,"Health, Toxicology and Mutagenesis","Pharmacology, Toxicology and Pharmaceutics"
2307,31,0.419716859697925,0.3415262754239401,-0.0781905842739849,"Health, Toxicology and Mutagenesis",Physics and Astronomy
2307,32,1.525896495914706,2.2657413942531166,0.7398448983384105,"Health, Toxicology and Mutagenesis",Psychology
2307,33,3.495208884354237,5.127535114038954,1.6323262296847174,"Health, Toxicology and Mutagenesis",Social Sciences
2307,34,0.5755444371577785,0.4940053063721966,-0.08153913078558189,"Health, Toxicology and Mutagenesis",Veterinary
2307,35,0.24120784885485122,0.25385720260491984,0.01264935375006862,"Health, Toxicology and Mutagenesis",Dentistry
2307,36,4.040200817733105,4.763222523653542,0.7230217059204369,"Health, Toxicology and Mutagenesis",Health Professions
2308,11,13.017885601319806,11.29802581406746,-1.7198597872523465,"Management, Monitoring, Policy and Law",Agricultural and Biological Sciences
2308,12,2.0372921030019424,1.3336673034125694,-0.703624799589373,"Management, Monitoring, Policy and Law",Arts and Humanities
2308,13,1.9325716368773604,1.4678744316283485,-0.4646972052490119,"Management, Monitoring, Policy and Law","Biochemistry, Genetics and Molecular Biology"
2308,14,6.91909517778444,9.380995146009639,2.4618999682251985,"Management, Monitoring, Policy and Law","Business, Management and Accounting"
2308,15,0.11790649867772468,0.08256216481567068,-0.035344333862054,"Management, Monitoring, Policy and Law",Chemical Engineering
2308,16,0.19645519386138444,0.20037178627337823,0.003916592411993797,"Management, Monitoring, Policy and Law",Chemistry
2308,17,1.9606128200283486,2.412413918220154,0.4518010981918055,"Management, Monitoring, Policy and Law",Computer Science
2308,18,2.225067883030878,2.1502898192621247,-0.07477806376875318,"Management, Monitoring, Policy and Law",Decision Sciences
2308,19,15.696586386539698,12.96786252855711,-2.7287238579825885,"Management, Monitoring, Policy and Law",Earth and Planetary Sciences
2308,20,7.270878496885759,5.7571051074026425,-1.5137733894831165,"Management, Monitoring, Policy and Law","Economics, Econometrics and Finance"
2308,21,1.24506191426475,1.3747123766492937,0.12965046238454359,"Management, Monitoring, Policy and Law",Energy
2308,22,16.686006181077943,23.990486162474458,7.304479981396515,"Management, Monitoring, Policy and Law",Engineering
2308,23,0.0,0.0,0.0,"Management, Monitoring, Policy and Law",Environmental Science
2308,24,0.19298342832840498,0.15244140200119358,-0.040542026327211406,"Management, Monitoring, Policy and Law",Immunology and Microbiology
2308,25,0.7492670902665715,0.7136096432936865,-0.035657446972884976,"Management, Monitoring, Policy and Law",Materials Science
2308,26,0.35765861461866993,0.29254875949475156,-0.06510985512391837,"Management, Monitoring, Policy and Law",Mathematics
2308,27,2.437212786512458,2.2635331763222464,-0.1736796101902116,"Management, Monitoring, Policy and Law",Medicine
2308,28,0.2612169739958085,0.2955450498410324,0.034328075845223904,"Management, Monitoring, Policy and Law",Neuroscience
2308,29,0.36717258747346937,0.40281634874521105,0.03564376127174168,"Management, Monitoring, Policy and Law",Nursing
2308,30,0.03601956740466165,0.02732575750734912,-0.008693809897312527,"Management, Monitoring, Policy and Law","Pharmacology, Toxicology and Pharmaceutics"
2308,31,0.6512230963207964,0.41130241763690384,-0.2399206786838926,"Management, Monitoring, Policy and Law",Physics and Astronomy
2308,32,3.6051614471119917,3.9356991987180803,0.33053775160608856,"Management, Monitoring, Policy and Law",Psychology
2308,33,19.80598839495606,17.096268346121608,-2.709720048834452,"Management, Monitoring, Policy and Law",Social Sciences
2308,34,0.2907269810261337,0.25448971533599907,-0.036237265690134635,"Management, Monitoring, Policy and Law",Veterinary
2308,35,0.027573830098471287,0.025509513016624075,-0.0020643170818472126,"Management, Monitoring, Policy and Law",Dentistry
2308,36,1.9123753085364705,1.7125441131924612,-0.19983119534400928,"Management, Monitoring, Policy and Law",Health Professions
2309,11,51.645861985399044,47.967561169999584,-3.67830081539946,Nature and Landscape Conservation,Agricultural and Biological Sciences
2309,12,0.4083723113252986,0.448694951321758,0.04032263999645941,Nature and Landscape Conservation,Arts and Humanities
2309,13,15.86321069170886,15.064928330314864,-0.798282361393996,Nature and Landscape Conservation,"Biochemistry, Genetics and Molecular Biology"
2309,14,0.3836428062620602,0.5099229929852966,0.12628018672323643,Nature and Landscape Conservation,"Business, Management and Accounting"
2309,15,0.0295859453340552,0.041349687699705005,0.011763742365649806,Nature and Landscape Conservation,Chemical Engineering
2309,16,0.3016744015595563,0.343414240324046,0.04173983876448967,Nature and Landscape Conservation,Chemistry
2309,17,0.6192280847940861,0.8410594264493276,0.22183134165524154,Nature and Landscape Conservation,Computer Science
2309,18,0.24539400986847834,0.25979127558872045,0.014397265720242108,Nature and Landscape Conservation,Decision Sciences
2309,19,11.72121029520607,12.91931167682982,1.198101381623749,Nature and Landscape Conservation,Earth and Planetary Sciences
2309,20,1.2928994210452243,1.1672474546640499,-0.12565196638117437,Nature and Landscape Conservation,"Economics, Econometrics and Finance"
2309,21,0.14457494885161962,0.20678233168516416,0.062207382833544544,Nature and Landscape Conservation,Energy
2309,22,3.868410277825126,4.96049664364246,1.0920863658173343,Nature and Landscape Conservation,Engineering
2309,23,0.0,0.0,0.0,Nature and Landscape Conservation,Environmental Science
2309,24,2.065376951622027,2.250388966683167,0.18501201506113985,Nature and Landscape Conservation,Immunology and Microbiology
2309,25,0.37782785804305585,0.5452990065398599,0.167471148496804,Nature and Landscape Conservation,Materials Science
2309,26,0.6608592800103646,0.6556298023467981,-0.0052294776635665174,Nature and Landscape Conservation,Mathematics
2309,27,2.556085095696635,3.0252888928129664,0.4692037971163314,Nature and Landscape Conservation,Medicine
2309,28,1.0920760307674662,0.9325964502648837,-0.15947958050258249,Nature and Landscape Conservation,Neuroscience
2309,29,0.18371402340261056,0.20096117687989828,0.017247153477287724,Nature and Landscape Conservation,Nursing
2309,30,0.0495069355238861,0.07257378589097815,0.02306685036709205,Nature and Landscape Conservation,"Pharmacology, Toxicology and Pharmaceutics"
2309,31,0.23528175101509985,0.2870752908331979,0.05179353981809803,Nature and Landscape Conservation,Physics and Astronomy
2309,32,1.5674480476710735,1.979590878733398,0.4121428310623245,Nature and Landscape Conservation,Psychology
2309,33,3.7894292228944733,4.273735949367646,0.48430672647317285,Nature and Landscape Conservation,Social Sciences
2309,34,0.4930245382827276,0.5877502228053356,0.09472568452260804,Nature and Landscape Conservation,Veterinary
2309,35,0.028643412518337453,0.03296959730318692,0.00432618478484947,Nature and Landscape Conservation,Dentistry
2309,36,0.376661673372761,0.4255797980338902,0.04891812466112916,Nature and Landscape Conservation,Health Professions
2310,11,17.1360697235798,13.134451126493365,-4.001618597086436,Pollution,Agricultural and Biological Sciences
2310,12,0.17928838418575876,0.14004998645736325,-0.03923839772839552,Pollution,Arts and Humanities
2310,13,13.923882793220663,10.692678042862088,-3.2312047503585752,Pollution,"Biochemistry, Genetics and Molecular Biology"
2310,14,0.28027279748786904,0.999597859321544,0.719325061833675,Pollution,"Business, Management and Accounting"
2310,15,2.026728439571194,1.636635501001927,-0.3900929385692671,Pollution,Chemical Engineering
2310,16,10.874912947125424,7.622321119463751,-3.2525918276616723,Pollution,Chemistry
2310,17,1.9695244639872544,2.1823138586696706,0.2127893946824162,Pollution,Computer Science
2310,18,0.21711648859953706,0.32824839907196546,0.1111319104724284,Pollution,Decision Sciences
2310,19,8.2107717118028,6.178621813377613,-2.0321498984251862,Pollution,Earth and Planetary Sciences
2310,20,0.606193833834253,1.9735774451879973,1.3673836113537443,Pollution,"Economics, Econometrics and Finance"
2310,21,3.0430790886526156,6.523492407703863,3.480413319051247,Pollution,Energy
2310,22,18.05876348690969,23.12310613574203,5.064342648832341,Pollution,Engineering
2310,23,0.0,0.0,0.0,Pollution,Environmental Science
2310,24,1.2279663606962095,1.4545562481787364,0.22658988748252695,Pollution,Immunology and Microbiology
2310,25,9.223961466646715,11.931082962849223,2.7071214962025074,Pollution,Materials Science
2310,26,0.07641564445604808,0.0761355907629228,-0.0002800536931252817,Pollution,Mathematics
2310,27,6.493215674176664,5.915298156346245,-0.5779175178304188,Pollution,Medicine
2310,28,0.3249973984198402,0.28563119104707557,-0.03936620737276464,Pollution,Neuroscience
2310,29,1.4882270031089653,1.1473424608897498,-0.3408845422192155,Pollution,Nursing
2310,30,0.7625554721544717,0.4746230394928404,-0.2879324326616313,Pollution,"Pharmacology, Toxicology and Pharmaceutics"
2310,31,0.5933655292989239,0.3319472941697593,-0.2614182351291646,Pollution,Physics and Astronomy
2310,32,0.09490892827417843,0.16101610018297544,0.066107171908797,Pollution,Psychology
2310,33,1.2690169352092626,1.7181938546397015,0.4491769194304389,Pollution,Social Sciences
2310,34,0.20231775648758146,0.17367682445289317,-0.028640932034688288,Pollution,Veterinary
2310,35,0.12920668327983417,0.13298327020571393,0.00377658692587976,Pollution,Dentistry
2310,36,1.587240988834449,1.6624193114289865,0.0751783225945375,Pollution,Health Professions
2311,11,9.257014346971467,8.865534521451478,-0.3914798255199887,Industrial and Manufacturing Engineering,Agricultural and Biological Sciences
2311,12,0.1480864875452059,0.1354329925433353,-0.012653495001870602,Industrial and Manufacturing Engineering,Arts and Humanities
2311,13,3.4002532229971254,2.7578258310431005,-0.6424273919540249,Industrial and Manufacturing Engineering,"Biochemistry, Genetics and Molecular Biology"
2311,14,2.1476737760305546,5.336858616301146,3.189184840270592,Industrial and Manufacturing Engineering,"Business, Management and Accounting"
2311,15,3.6429485789433182,2.3442351992592014,-1.2987133796841168,Industrial and Manufacturing Engineering,Chemical Engineering
2311,16,20.538623502171983,12.59045286440832,-7.948170637763663,Industrial and Manufacturing Engineering,Chemistry
2311,17,1.0459089096721392,1.2750595291909572,0.229150619518818,Industrial and Manufacturing Engineering,Computer Science
2311,18,0.48511090747567454,0.7010208948039799,0.21590998732830535,Industrial and Manufacturing Engineering,Decision Sciences
2311,19,6.190008184279189,4.733400475559155,-1.4566077087200338,Industrial and Manufacturing Engineering,Earth and Planetary Sciences
2311,20,0.38934784585574683,0.6413389162958144,0.2519910704400676,Industrial and Manufacturing Engineering,"Economics, Econometrics and Finance"
2311,21,3.3810166693481256,4.618388329475711,1.2373716601275855,Industrial and Manufacturing Engineering,Energy
2311,22,23.28399448785299,32.07953761640041,8.795543128547418,Industrial and Manufacturing Engineering,Engineering
2311,23,0.0,0.0,0.0,Industrial and Manufacturing Engineering,Environmental Science
2311,24,0.18390145288443377,0.1770544288263956,-0.006847024058038165,Industrial and Manufacturing Engineering,Immunology and Microbiology
2311,25,18.304665039137642,16.62528758305057,-1.679377456087071,Industrial and Manufacturing Engineering,Materials Science
2311,26,0.13227753800093733,0.08062967859189307,-0.05164785940904426,Industrial and Manufacturing Engineering,Mathematics
2311,27,3.230796673125486,3.4338317157873375,0.20303504266185168,Industrial and Manufacturing Engineering,Medicine
2311,28,0.11125723119539442,0.09642475023450255,-0.014832480960891875,Industrial and Manufacturing Engineering,Neuroscience
2311,29,0.6443545961373001,0.7199349398996997,0.07558034376239964,Industrial and Manufacturing Engineering,Nursing
2311,30,0.24899095532222976,0.1544313342188689,-0.09455962110336086,Industrial and Manufacturing Engineering,"Pharmacology, Toxicology and Pharmaceutics"
2311,31,1.5221010513650959,0.6812954951275523,-0.8408055562375436,Industrial and Manufacturing Engineering,Physics and Astronomy
2311,32,0.07044076190742671,0.1278463003600939,0.05740553845266719,Industrial and Manufacturing Engineering,Psychology
2311,33,0.8890785341046608,1.1319976961744738,0.242919162069813,Industrial and Manufacturing Engineering,Social Sciences
2311,34,0.042390369131976746,0.0322223676338224,-0.010168001498154347,Industrial and Manufacturing Engineering,Veterinary
2311,35,0.3240834656575054,0.22131013322863696,-0.10277333242886844,Industrial and Manufacturing Engineering,Dentistry
2311,36,0.38567541288639245,0.43864779013354893,0.05297237724715648,Industrial and Manufacturing Engineering,Health Professions
2312,11,10.094984654869902,7.410663611501918,-2.6843210433679845,Water Science and Technology,Agricultural and Biological Sciences
2312,12,0.16672271045044512,0.1024274193705844,-0.06429529107986072,Water Science and Technology,Arts and Humanities
2312,13,4.115002246782211,2.8893986310743673,-1.2256036157078438,Water Science and Technology,"Biochemistry, Genetics and Molecular Biology"
2312,14,0.18575948583802762,0.26933247534420185,0.08357298950617423,Water Science and Technology,"Business, Management and Accounting"
2312,15,1.5961108632573935,1.2009158917515588,-0.3951949715058347,Water Science and Technology,Chemical Engineering
2312,16,11.336037521363549,11.003181389993774,-0.3328561313697751,Water Science and Technology,Chemistry
2312,17,1.839745366024266,2.0366948606252353,0.19694949460096933,Water Science and Technology,Computer Science
2312,18,0.4609072975445981,0.35173169904352775,-0.10917559850107034,Water Science and Technology,Decision Sciences
2312,19,11.59985583566715,9.134876487484021,-2.464979348183128,Water Science and Technology,Earth and Planetary Sciences
2312,20,0.5997791653561276,0.5203836987134581,-0.0793954666426695,Water Science and Technology,"Economics, Econometrics and Finance"
2312,21,5.323596002599143,8.671854198845969,3.3482581962468254,Water Science and Technology,Energy
2312,22,30.18896515002327,34.74395611430808,4.554990964284805,Water Science and Technology,Engineering
2312,23,0.0,0.0,0.0,Water Science and Technology,Environmental Science
2312,24,0.4648313685811505,0.27746090160175213,-0.18737046697939835,Water Science and Technology,Immunology and Microbiology
2312,25,11.666343685435196,14.664533888190054,2.9981902027548575,Water Science and Technology,Materials Science
2312,26,0.2846460759591486,0.14511964046665593,-0.13952643549249266,Water Science and Technology,Mathematics
2312,27,4.268483732914444,2.665866908991735,-1.6026168239227085,Water Science and Technology,Medicine
2312,28,0.18622232498592867,0.1356758683671759,-0.05054645661875276,Water Science and Technology,Neuroscience
2312,29,0.9193796587024122,0.763409257219065,-0.15597040148334718,Water Science and Technology,Nursing
2312,30,0.25856609614698484,0.16985944604826436,-0.08870665009872047,Water Science and Technology,"Pharmacology, Toxicology and Pharmaceutics"
2312,31,1.1203927129799616,0.5454934453131093,-0.5748992676668523,Water Science and Technology,Physics and Astronomy
2312,32,0.10647312745845566,0.08626305210999456,-0.0202100753484611,Water Science and Technology,Psychology
2312,33,1.5294016556360024,1.202164442687453,-0.32723721294854946,Water Science and Technology,Social Sciences
2312,34,0.060028225138645475,0.03620797714093345,-0.023820247997712027,Water Science and Technology,Veterinary
2312,35,1.0869475536838071,0.5160574440302361,-0.570890109653571,Water Science and Technology,Dentistry
2312,36,0.5408174826017759,0.45647124977687936,-0.0843462328248965,Water Science and Technology,Health Professions
2402,11,5.247424624701328,4.913436565307888,-0.33398805939343923,Applied Microbiology and Biotechnology,Agricultural and Biological Sciences
2402,12,0.05435129648632233,0.052797988448915326,-0.0015533080374070043,Applied Microbiology and Biotechnology,Arts and Humanities
2402,13,26.058031146559905,26.42900892251155,0.37097777595164416,Applied Microbiology and Biotechnology,"Biochemistry, Genetics and Molecular Biology"
2402,14,0.5507895045567474,0.5003175720592348,-0.050471932497512584,Applied Microbiology and Biotechnology,"Business, Management and Accounting"
2402,15,0.06504335481150049,0.08895502674313953,0.02391167193163904,Applied Microbiology and Biotechnology,Chemical Engineering
2402,16,2.031936584214067,2.0535455243249743,0.021608940110907415,Applied Microbiology and Biotechnology,Chemistry
2402,17,0.1833985004388199,0.36544746295210456,0.18204896251328467,Applied Microbiology and Biotechnology,Computer Science
2402,18,0.10261405975969598,0.12689813560370491,0.024284075844008934,Applied Microbiology and Biotechnology,Decision Sciences
2402,19,0.03400668550646944,0.046132895847690876,0.012126210341221438,Applied Microbiology and Biotechnology,Earth and Planetary Sciences
2402,20,1.0833134094746486,1.1605973665478566,0.07728395707320801,Applied Microbiology and Biotechnology,"Economics, Econometrics and Finance"
2402,21,0.08523946498128147,0.3368267711939054,0.25158730621262393,Applied Microbiology and Biotechnology,Energy
2402,22,0.8068049011207357,1.508053435746329,0.7012485346255934,Applied Microbiology and Biotechnology,Engineering
2402,23,3.0753032757793695,5.81331119186667,2.7380079160873003,Applied Microbiology and Biotechnology,Environmental Science
2402,24,0.0,0.0,0.0,Applied Microbiology and Biotechnology,Immunology and Microbiology
2402,25,0.5702431106761687,1.3558889360334074,0.7856458253572387,Applied Microbiology and Biotechnology,Materials Science
2402,26,0.08568496741149723,0.18653546744080485,0.10085050002930762,Applied Microbiology and Biotechnology,Mathematics
2402,27,50.842073843512814,44.76816368421924,-6.073910159293575,Applied Microbiology and Biotechnology,Medicine
2402,28,0.43466187108050675,0.3820884131067957,-0.052573457973711046,Applied Microbiology and Biotechnology,Neuroscience
2402,29,0.9970344388228638,0.8019892469839368,-0.195045191838927,Applied Microbiology and Biotechnology,Nursing
2402,30,1.3918980928040963,1.323870353929486,-0.06802773887461022,Applied Microbiology and Biotechnology,"Pharmacology, Toxicology and Pharmaceutics"
2402,31,0.028363654723736517,0.03345615109634239,0.005092496372605872,Applied Microbiology and Biotechnology,Physics and Astronomy
2402,32,0.3339783218517457,0.5890112226219342,0.2550329007701885,Applied Microbiology and Biotechnology,Psychology
2402,33,0.5742526325481105,0.8861959397824131,0.3119433072343025,Applied Microbiology and Biotechnology,Social Sciences
2402,34,0.20270360574816937,0.21929461538930675,0.016591009641137383,Applied Microbiology and Biotechnology,Veterinary
2402,35,0.5519775110373227,0.8400194812379821,0.28804197020065936,Applied Microbiology and Biotechnology,Dentistry
2402,36,4.608871141392076,5.218157629004392,0.6092864876123159,Applied Microbiology and Biotechnology,Health Professions
2403,11,5.226898401515919,5.157213754608481,-0.06968464690743748,Immunology,Agricultural and Biological Sciences
2403,12,0.024170137080167395,0.018991896081411493,-0.0051782409987559015,Immunology,Arts and Humanities
2403,13,26.922245795347155,25.93040894258453,-0.9918368527626242,Immunology,"Biochemistry, Genetics and Molecular Biology"
2403,14,0.030935225272300998,0.03359603960821064,0.0026608143359096448,Immunology,"Business, Management and Accounting"
2403,15,0.034919897636777594,0.03989617669644914,0.004976279059671546,Immunology,Chemical Engineering
2403,16,0.9975813215844176,0.9362872818881016,-0.06129403969631597,Immunology,Chemistry
2403,17,0.21583110684599652,0.3080364151090482,0.0922053082630517,Immunology,Computer Science
2403,18,0.02270023571904936,0.02555945032614601,0.0028592146070966495,Immunology,Decision Sciences
2403,19,0.0946439380010482,0.12147600266171556,0.026832064660667357,Immunology,Earth and Planetary Sciences
2403,20,0.10556016931421874,0.1726775915137136,0.06711742219949485,Immunology,"Economics, Econometrics and Finance"
2403,21,0.03176403712411213,0.06550664740113715,0.03374261027702502,Immunology,Energy
2403,22,0.7567618915994145,1.716904351550957,0.9601424599515425,Immunology,Engineering
2403,23,2.144263770151064,2.439970434218432,0.29570666406736823,Immunology,Environmental Science
2403,24,0.0,0.0,0.0,Immunology,Immunology and Microbiology
2403,25,0.6296880334480128,1.080555319170909,0.45086728572289614,Immunology,Materials Science
2403,26,0.09360615222078897,0.1716765365002515,0.07807038427946253,Immunology,Mathematics
2403,27,54.66408733806779,53.67332387016736,-0.9907634679004289,Immunology,Medicine
2403,28,4.016617040081235,4.155066201316244,0.13844916123500894,Immunology,Neuroscience
2403,29,1.0527610644876897,0.9631662247627478,-0.08959483972494187,Immunology,Nursing
2403,30,0.8611780172036547,1.003871690222277,0.14269367301862235,Immunology,"Pharmacology, Toxicology and Pharmaceutics"
2403,31,0.0655080136719953,0.07436132206327185,0.008853308391276557,Immunology,Physics and Astronomy
2403,32,0.25888327803729705,0.29288336268207305,0.034000084644775996,Immunology,Psychology
2403,33,0.19073652577727057,0.25630878856104816,0.06557226278377759,Immunology,Social Sciences
2403,34,0.5577089118561075,0.4053657041332119,-0.1523432077228956,Immunology,Veterinary
2403,35,0.3322225011296103,0.3581243522501122,0.025901851120501862,Immunology,Dentistry
2403,36,0.6687271968269116,0.5987716439221631,-0.06995555290474853,Immunology,Health Professions
2404,11,8.877513156671643,9.68177959529229,0.8042664386206475,Microbiology,Agricultural and Biological Sciences
2404,12,0.08038473833646669,0.06474386060356457,-0.01564087773290211,Microbiology,Arts and Humanities
2404,13,23.031021052438007,24.734638041831868,1.7036169893938613,Microbiology,"Biochemistry, Genetics and Molecular Biology"
2404,14,0.057914294401609806,0.04766645756080689,-0.010247836840802917,Microbiology,"Business, Management and Accounting"
2404,15,0.08743824091691503,0.11546667665077105,0.028028435733856022,Microbiology,Chemical Engineering
2404,16,2.3705310708048226,3.0123214545413792,0.6417903837365566,Microbiology,Chemistry
2404,17,0.15943434939877707,0.2876670077053345,0.12823265830655742,Microbiology,Computer Science
2404,18,0.04098588820853378,0.03083101623155583,-0.01015487197697795,Microbiology,Decision Sciences
2404,19,0.115299576109686,0.16090453948191158,0.04560496337222558,Microbiology,Earth and Planetary Sciences
2404,20,0.12038817439986658,0.10013394491066646,-0.020254229489200123,Microbiology,"Economics, Econometrics and Finance"
2404,21,0.045293562998736166,0.12221613497490347,0.07692257197616731,Microbiology,Energy
2404,22,0.999556888891464,2.3546949868844016,1.3551380979929375,Microbiology,Engineering
2404,23,4.102493438353269,5.347188315745264,1.2446948773919946,Microbiology,Environmental Science
2404,24,0.0,0.0,0.0,Microbiology,Immunology and Microbiology
2404,25,1.47461028768466,2.9676858858129185,1.4930755981282584,Microbiology,Materials Science
2404,26,0.10756591435183728,0.13679751192043485,0.02923159756859757,Microbiology,Mathematics
2404,27,47.133318000362245,40.81713272313136,-6.316185277230886,Microbiology,Medicine
2404,28,2.0909352667319787,1.669624966984961,-0.4213102997470177,Microbiology,Neuroscience
2404,29,0.9861300429079676,0.8990533184284918,-0.08707672447947579,Microbiology,Nursing
2404,30,0.5634489007746005,0.8715078875698156,0.30805898679521504,Microbiology,"Pharmacology, Toxicology and Pharmaceutics"
2404,31,0.20835542801031526,0.1832032216056019,-0.025152206404713356,Microbiology,Physics and Astronomy
2404,32,0.41285662068202833,0.3779059920162822,-0.03495062866574611,Microbiology,Psychology
2404,33,1.3576732913330842,1.2522919504941241,-0.10538134083896011,Microbiology,Social Sciences
2404,34,1.2437088424975544,1.1002381157957446,-0.14347072670180983,Microbiology,Veterinary
2404,35,1.0969204155822956,1.4011111391277304,0.30419072354543486,Microbiology,Dentistry
2404,36,3.2362225571516343,2.263195254697814,-0.9730273024538203,Microbiology,Health Professions
2405,11,16.00550259044556,15.612819110165328,-0.3926834802802315,Parasitology,Agricultural and Biological Sciences
2405,12,0.09550709980672972,0.09292270960040008,-0.0025843902063296398,Parasitology,Arts and Humanities
2405,13,12.500261119586087,12.285244560076379,-0.21501655950970822,Parasitology,"Biochemistry, Genetics and Molecular Biology"
2405,14,0.05935422271453515,0.0704106579532072,0.011056435238672044,Parasitology,"Business, Management and Accounting"
2405,15,0.021808707829883166,0.02384664233116328,0.002037934501280113,Parasitology,Chemical Engineering
2405,16,0.6032906916925534,0.6655941055089263,0.06230341381637283,Parasitology,Chemistry
2405,17,0.2239918625388511,0.3112236143355572,0.08723175179670609,Parasitology,Computer Science
2405,18,0.023619136960077808,0.023626654855783545,7.517895705737299e-06,Parasitology,Decision Sciences
2405,19,0.36762852445290917,0.3325330677840075,-0.03509545666890168,Parasitology,Earth and Planetary Sciences
2405,20,0.1306851304442041,0.12861934393868507,-0.0020657865055190294,Parasitology,"Economics, Econometrics and Finance"
2405,21,0.0552877203605595,0.05087577013948673,-0.004411950221072769,Parasitology,Energy
2405,22,0.4150060621523105,0.5568469635128773,0.14184090136056682,Parasitology,Engineering
2405,23,13.791487027996755,13.128192568236448,-0.6632944597603068,Parasitology,Environmental Science
2405,24,0.0,0.0,0.0,Parasitology,Immunology and Microbiology
2405,25,0.25142682705026226,0.3601048313649343,0.10867800431467206,Parasitology,Materials Science
2405,26,0.12032390526832092,0.16691183048645097,0.04658792521813006,Parasitology,Mathematics
2405,27,45.8752714599217,46.57395905593108,0.6986875960093784,Parasitology,Medicine
2405,28,0.8462224282088254,0.8890280513362773,0.04280562312745184,Parasitology,Neuroscience
2405,29,1.5938182479558165,1.6841361165170998,0.09031786856128332,Parasitology,Nursing
2405,30,0.472159917154763,0.49400387471273305,0.02184395755797003,Parasitology,"Pharmacology, Toxicology and Pharmaceutics"
2405,31,0.05124907076243298,0.051477069238857996,0.00022799847642501758,Parasitology,Physics and Astronomy
2405,32,0.4974502194657897,0.48408977248895296,-0.013360446976836748,Parasitology,Psychology
2405,33,0.6778246663448745,0.7615819739329508,0.08375730758807631,Parasitology,Social Sciences
2405,34,4.560303862425212,4.474310595916739,-0.08599326650847328,Parasitology,Veterinary
2405,35,0.08868317462368837,0.087188369408835,-0.001494805214853373,Parasitology,Dentistry
2405,36,0.6718363238373076,0.6904526902268364,0.018616366389528793,Parasitology,Health Professions
2406,11,3.7983540255926243,4.376286381310746,0.5779323557181217,Virology,Agricultural and Biological Sciences
2406,12,0.06926254662435159,0.05935875780610459,-0.009903788818247002,Virology,Arts and Humanities
2406,13,20.392516319152946,20.785924931231033,0.39340861207808686,Virology,"Biochemistry, Genetics and Molecular Biology"
2406,14,0.07505752142376988,0.1297012929653364,0.05464377154156651,Virology,"Business, Management and Accounting"
2406,15,0.02302872594203614,0.0299022639954453,0.006873538053409161,Virology,Chemical Engineering
2406,16,1.4372545324261594,1.4557784386667476,0.018523906240588195,Virology,Chemistry
2406,17,0.4386795923159642,0.6593297649132861,0.2206501725973219,Virology,Computer Science
2406,18,0.03877594007089018,0.04429172556033758,0.0055157854894474015,Virology,Decision Sciences
2406,19,0.18145829784961082,0.4224653195253938,0.24100702167578297,Virology,Earth and Planetary Sciences
2406,20,0.28473482699228714,0.27668063829297834,-0.008054188699308795,Virology,"Economics, Econometrics and Finance"
2406,21,0.013933135061210052,0.028511461018912956,0.014578325957702904,Virology,Energy
2406,22,0.43081858302284026,0.6923880818170163,0.261569498794176,Virology,Engineering
2406,23,1.9711228847082203,2.6595540764702705,0.6884311917620503,Virology,Environmental Science
2406,24,0.0,0.0,0.0,Virology,Immunology and Microbiology
2406,25,0.49181699167236925,0.7292978531172977,0.23748086144492841,Virology,Materials Science
2406,26,0.28254281478555066,0.4653484113018076,0.18280559651625694,Virology,Mathematics
2406,27,63.18699426247104,58.79621366371204,-4.390780598759001,Virology,Medicine
2406,28,2.050841581514131,2.355824103364477,0.3049825218503459,Virology,Neuroscience
2406,29,0.30005371689683635,0.3124670687275989,0.012413351830762531,Virology,Nursing
2406,30,0.5275694666305194,0.6798351934134423,0.15226572678292294,Virology,"Pharmacology, Toxicology and Pharmaceutics"
2406,31,0.09365183186712073,0.11538315463000987,0.021731322762889138,Virology,Physics and Astronomy
2406,32,0.5473983586615725,0.8509752827564859,0.30357692409491344,Virology,Psychology
2406,33,1.313216876176002,1.5922554384408312,0.27903856226482926,Virology,Social Sciences
2406,34,0.29065577950473626,0.4565934848726105,0.16593770536787422,Virology,Veterinary
2406,35,0.17694829572310705,0.20664122685940103,0.029692931136293982,Virology,Dentistry
2406,36,1.5833130929141064,1.8189919852303855,0.23567889231627914,Virology,Health Professions
2500,11,0.7396235104484485,0.754156589908733,0.014533079460284481,General Materials Science,Agricultural and Biological Sciences
2500,12,0.20586034194922573,0.19761695828164028,-0.008243383667585452,General Materials Science,Arts and Humanities
2500,13,0.710839905589776,0.5665484999499556,-0.14429140563982046,General Materials Science,"Biochemistry, Genetics and Molecular Biology"
2500,14,0.19826147026653618,0.21786745930696735,0.019605989040431177,General Materials Science,"Business, Management and Accounting"
2500,15,2.01301018939612,1.6725284496262969,-0.3404817397698232,General Materials Science,Chemical Engineering
2500,16,4.172471360313166,2.9888110162725576,-1.1836603440406082,General Materials Science,Chemistry
2500,17,0.8768637384145991,0.7981490576534092,-0.07871468076118993,General Materials Science,Computer Science
2500,18,0.557480858902769,0.5471126742532336,-0.010368184649535372,General Materials Science,Decision Sciences
2500,19,3.7202233607737036,2.665850439575531,-1.0543729211981727,General Materials Science,Earth and Planetary Sciences
2500,20,0.08450866386506245,0.0727388686254565,-0.011769795239605946,General Materials Science,"Economics, Econometrics and Finance"
2500,21,1.310690230844511,1.768310991832298,0.4576207609877869,General Materials Science,Energy
2500,22,68.65235162051695,75.6204916449226,6.968140024405642,General Materials Science,Engineering
2500,23,3.1413274998560823,3.4068558420367814,0.2655283421806991,General Materials Science,Environmental Science
2500,24,0.02602037879223994,0.019319443506921247,-0.006700935285318694,General Materials Science,Immunology and Microbiology
2500,25,0.0,0.0,0.0,General Materials Science,Materials Science
2500,26,0.3410281503655518,0.27570940763793034,-0.06531874272762145,General Materials Science,Mathematics
2500,27,1.347763513902481,1.2056031041457664,-0.14216040975671462,General Materials Science,Medicine
2500,28,0.0633239306890795,0.08507538074433393,0.02175145005525443,General Materials Science,Neuroscience
2500,29,0.0587185539116919,0.04259588146706733,-0.01612267244462457,General Materials Science,Nursing
2500,30,0.12964135628346093,0.09461872030799383,-0.035022635975467106,General Materials Science,"Pharmacology, Toxicology and Pharmaceutics"
2500,31,9.873006735363537,5.79501837674777,-4.077988358615768,General Materials Science,Physics and Astronomy
2500,32,0.09371941741983765,0.08053647534210544,-0.013182942077732213,General Materials Science,Psychology
2500,33,0.2903690058142882,0.2565063463208098,-0.033862659493478386,General Materials Science,Social Sciences
2500,34,0.00944102239364458,0.005935491679837251,-0.00350553071380733,General Materials Science,Veterinary
2500,35,1.160324679062806,0.676878815881048,-0.48344586318175786,General Materials Science,Dentistry
2500,36,0.22313050486442923,0.1851640639729621,-0.03796644089146714,General Materials Science,Health Professions
2502,11,6.866284916638178,7.496264705827607,0.629979789189429,Biomaterials,Agricultural and Biological Sciences
2502,12,0.19104491623989656,0.1678463475420319,-0.023198568697864658,Biomaterials,Arts and Humanities
2502,13,16.58267976381884,14.129503754364428,-2.4531760094544133,Biomaterials,"Biochemistry, Genetics and Molecular Biology"
2502,14,0.03803829101035106,0.13942007668069098,0.10138178567033992,Biomaterials,"Business, Management and Accounting"
2502,15,2.4248017717854267,1.9709688894589283,-0.4538328823264983,Biomaterials,Chemical Engineering
2502,16,11.32655606125765,9.301171352710844,-2.025384708546806,Biomaterials,Chemistry
2502,17,0.5355468955586353,0.46427468529600047,-0.07127221026263486,Biomaterials,Computer Science
2502,18,0.02081497008855608,0.01727210280406162,-0.003542867284494461,Biomaterials,Decision Sciences
2502,19,4.574919430893114,2.6978582065720316,-1.877061224321082,Biomaterials,Earth and Planetary Sciences
2502,20,0.01955848556157035,0.024633291799041928,0.005074806237471578,Biomaterials,"Economics, Econometrics and Finance"
2502,21,1.8369803784531396,1.8666970854222082,0.029716706969068696,Biomaterials,Energy
2502,22,22.74845084940725,29.951013324208642,7.202562474801393,Biomaterials,Engineering
2502,23,8.88931983410611,9.601287308997602,0.711967474891491,Biomaterials,Environmental Science
2502,24,1.0660678530093277,1.2366551670331398,0.1705873140238121,Biomaterials,Immunology and Microbiology
2502,25,0.0,0.0,0.0,Biomaterials,Materials Science
2502,26,0.07083727861572389,0.05265919264825131,-0.018178085967472585,Biomaterials,Mathematics
2502,27,15.53379967084847,14.33182055514393,-1.2019791157045407,Biomaterials,Medicine
2502,28,1.5264627495010807,1.3495946306307434,-0.17686811887033738,Biomaterials,Neuroscience
2502,29,0.7555502240572691,0.8220017791179013,0.06645155506063216,Biomaterials,Nursing
2502,30,1.9841194580142139,2.056268774148853,0.07214931613463893,Biomaterials,"Pharmacology, Toxicology and Pharmaceutics"
2502,31,1.5483919605852656,1.03471415214222,-0.5136778084430456,Biomaterials,Physics and Astronomy
2502,32,0.03845316797680862,0.032222761941290236,-0.006230406035518381,Biomaterials,Psychology
2502,33,0.11846515436505095,0.07421595698565071,-0.04424919737940024,Biomaterials,Social Sciences
2502,34,0.07644404447670738,0.04174735380884109,-0.03469669066786629,Biomaterials,Veterinary
2502,35,0.9334020527638156,0.7886832676697246,-0.14471878509409097,Biomaterials,Dentistry
2502,36,0.29300982096755,0.3512052770453367,0.0581954560777867,Biomaterials,Health Professions
2503,11,0.36401025973215206,0.3117474973445446,-0.052262762387607464,Ceramics and Composites,Agricultural and Biological Sciences
2503,12,0.6620163137638244,0.5784442295025546,-0.08357208426126983,Ceramics and Composites,Arts and Humanities
2503,13,0.6593483992245973,0.5348650909975611,-0.12448330822703624,Ceramics and Composites,"Biochemistry, Genetics and Molecular Biology"
2503,14,0.013819797313196627,0.022881421306543397,0.00906162399334677,Ceramics and Composites,"Business, Management and Accounting"
2503,15,2.639207778785064,1.7267402875606008,-0.912467491224463,Ceramics and Composites,Chemical Engineering
2503,16,7.3687265990545985,5.865998896279989,-1.5027277027746093,Ceramics and Composites,Chemistry
2503,17,0.5101052599002307,0.473294129515016,-0.03681113038521472,Ceramics and Composites,Computer Science
2503,18,0.05239784155042118,0.04303321247797011,-0.009364629072451072,Ceramics and Composites,Decision Sciences
2503,19,6.787281304375433,4.995982696518535,-1.7912986078568984,Ceramics and Composites,Earth and Planetary Sciences
2503,20,0.03617692115192012,0.014787474558066949,-0.021389446593853174,Ceramics and Composites,"Economics, Econometrics and Finance"
2503,21,1.4735425583059383,1.8165095151346122,0.34296695682867395,Ceramics and Composites,Energy
2503,22,63.20737753071703,70.3387708356822,7.131393304965165,Ceramics and Composites,Engineering
2503,23,1.8937924565249988,2.2712896315592714,0.3774971750342726,Ceramics and Composites,Environmental Science
2503,24,0.01408658876711934,0.013695622504020271,-0.00039096626309906984,Ceramics and Composites,Immunology and Microbiology
2503,25,0.0,0.0,0.0,Ceramics and Composites,Materials Science
2503,26,0.14983008052299662,0.1425579007957465,-0.007272179727250111,Ceramics and Composites,Mathematics
2503,27,1.0769303829044305,1.2402015179117143,0.16327113500728374,Ceramics and Composites,Medicine
2503,28,0.048502686323149545,0.06862052800541178,0.020117841682262237,Ceramics and Composites,Neuroscience
2503,29,0.02710601171854782,0.024447991644958193,-0.002658020073589628,Ceramics and Composites,Nursing
2503,30,0.09897962940532717,0.087632995294355,-0.01134663411097217,Ceramics and Composites,"Pharmacology, Toxicology and Pharmaceutics"
2503,31,11.113945029221668,7.5367936340278066,-3.5771513951938614,Ceramics and Composites,Physics and Astronomy
2503,32,0.007470160709836014,0.008687344603936602,0.001217183894100588,Ceramics and Composites,Psychology
2503,33,0.0659508474096951,0.057583327893852995,-0.008367519515842109,Ceramics and Composites,Social Sciences
2503,34,0.01536718774594837,0.008544929118626166,-0.006822258627322204,Ceramics and Composites,Veterinary
2503,35,1.6502652173843446,1.71826656618463,0.0680013488002853,Ceramics and Composites,Dentistry
2503,36,0.06376315748752884,0.09862272357747698,0.03485956608994814,Ceramics and Composites,Health Professions
2504,11,0.3845819570407127,0.5093413455491274,0.12475938850841467,"Electronic, Optical and Magnetic Materials",Agricultural and Biological Sciences
2504,12,0.06383293026394321,0.06822091389213462,0.004387983628191414,"Electronic, Optical and Magnetic Materials",Arts and Humanities
2504,13,4.830843192712532,4.383241823704869,-0.44760136900766323,"Electronic, Optical and Magnetic Materials","Biochemistry, Genetics and Molecular Biology"
2504,14,0.5860082795981255,0.2704077931425923,-0.31560048645553324,"Electronic, Optical and Magnetic Materials","Business, Management and Accounting"
2504,15,1.8122324592007293,1.6952345485178277,-0.11699791068290155,"Electronic, Optical and Magnetic Materials",Chemical Engineering
2504,16,19.663225885507902,12.79859558307426,-6.864630302433643,"Electronic, Optical and Magnetic Materials",Chemistry
2504,17,1.0855810935102974,0.8590601202897119,-0.2265209732205855,"Electronic, Optical and Magnetic Materials",Computer Science
2504,18,0.03337262523411895,0.026179358786268096,-0.007193266447850854,"Electronic, Optical and Magnetic Materials",Decision Sciences
2504,19,2.1793038620571292,1.2976213055530452,-0.881682556504084,"Electronic, Optical and Magnetic Materials",Earth and Planetary Sciences
2504,20,0.03163255970325106,0.018001315799010514,-0.013631243904240545,"Electronic, Optical and Magnetic Materials","Economics, Econometrics and Finance"
2504,21,2.603119717699095,6.423711655160854,3.8205919374617596,"Electronic, Optical and Magnetic Materials",Energy
2504,22,36.22559088733176,50.74375933539642,14.518168448064657,"Electronic, Optical and Magnetic Materials",Engineering
2504,23,1.5542723233693823,2.636376563794155,1.082104240424773,"Electronic, Optical and Magnetic Materials",Environmental Science
2504,24,0.04720156708470062,0.10954729112107628,0.06234572403637566,"Electronic, Optical and Magnetic Materials",Immunology and Microbiology
2504,25,0.0,0.0,0.0,"Electronic, Optical and Magnetic Materials",Materials Science
2504,26,0.19575737222263792,0.14338514663423502,-0.052372225588402904,"Electronic, Optical and Magnetic Materials",Mathematics
2504,27,4.045157814327498,2.5609429366948278,-1.4842148776326707,"Electronic, Optical and Magnetic Materials",Medicine
2504,28,0.26675204588204793,0.3937839946013371,0.1270319487192892,"Electronic, Optical and Magnetic Materials",Neuroscience
2504,29,0.05599347713540155,0.07278137551091121,0.01678789837550966,"Electronic, Optical and Magnetic Materials",Nursing
2504,30,0.2441861434185822,0.25675847904307536,0.01257233562449317,"Electronic, Optical and Magnetic Materials","Pharmacology, Toxicology and Pharmaceutics"
2504,31,23.95960337129454,14.533405445499051,-9.42619792579549,"Electronic, Optical and Magnetic Materials",Physics and Astronomy
2504,32,0.03785100441619473,0.028937443872166735,-0.008913560544027997,"Electronic, Optical and Magnetic Materials",Psychology
2504,33,0.030579362145094175,0.03572361601374989,0.005144253868655715,"Electronic, Optical and Magnetic Materials",Social Sciences
2504,34,0.0020606039181330304,0.003258388892177923,0.0011977849740448928,"Electronic, Optical and Magnetic Materials",Veterinary
2504,35,0.040021507209961525,0.055219429080235714,0.01519792187027419,"Electronic, Optical and Magnetic Materials",Dentistry
2504,36,0.021237957716224436,0.07650479037687437,0.05526683266064993,"Electronic, Optical and Magnetic Materials",Health Professions
2505,11,1.1597566342752468,1.3239286241578172,0.16417198988257042,Materials Chemistry,Agricultural and Biological Sciences
2505,12,0.10906453816480165,0.09651361454596781,-0.012550923618833837,Materials Chemistry,Arts and Humanities
2505,13,8.835934399178571,6.268399217232839,-2.5675351819457317,Materials Chemistry,"Biochemistry, Genetics and Molecular Biology"
2505,14,0.03393365396891643,0.045673965312076036,0.011740311343159608,Materials Chemistry,"Business, Management and Accounting"
2505,15,4.846876194524406,4.546837248294944,-0.3000389462294626,Materials Chemistry,Chemical Engineering
2505,16,17.740820941779916,14.337542635474735,-3.4032783063051806,Materials Chemistry,Chemistry
2505,17,0.8951194553335141,0.9372212833375806,0.04210182800406648,Materials Chemistry,Computer Science
2505,18,0.09399014641518283,0.09025863376214682,-0.0037315126530360065,Materials Chemistry,Decision Sciences
2505,19,2.2875226754723808,1.495818451890778,-0.7917042235816028,Materials Chemistry,Earth and Planetary Sciences
2505,20,0.05152486404359554,0.03150615129763119,-0.020018712745964354,Materials Chemistry,"Economics, Econometrics and Finance"
2505,21,4.296114861802566,8.031008465210192,3.7348936034076257,Materials Chemistry,Energy
2505,22,37.74936992755035,44.33437532880487,6.58500540125452,Materials Chemistry,Engineering
2505,23,3.025661614644064,4.458682444066757,1.4330208294226932,Materials Chemistry,Environmental Science
2505,24,0.3603654728783414,0.32104438688239334,-0.03932108599594808,Materials Chemistry,Immunology and Microbiology
2505,25,0.0,0.0,0.0,Materials Chemistry,Materials Science
2505,26,0.3061092341582197,0.21387252849908775,-0.09223670565913197,Materials Chemistry,Mathematics
2505,27,4.782048836689927,3.915547553237124,-0.866501283452803,Materials Chemistry,Medicine
2505,28,0.7415549655764826,0.6145399084335145,-0.12701505714296812,Materials Chemistry,Neuroscience
2505,29,0.2595938993095239,0.23946274592126351,-0.02013115338826041,Materials Chemistry,Nursing
2505,30,0.5269552206912167,0.5217897145704045,-0.0051655061208122355,Materials Chemistry,"Pharmacology, Toxicology and Pharmaceutics"
2505,31,11.438011150373049,7.69924324121507,-3.7387679091579784,Materials Chemistry,Physics and Astronomy
2505,32,0.03736414484684823,0.0403291950745595,0.0029650502277112703,Materials Chemistry,Psychology
2505,33,0.07129779881576466,0.07039483168716061,-0.0009029671286040486,Materials Chemistry,Social Sciences
2505,34,0.021998052889056718,0.01641160906698716,-0.005586443822069558,Materials Chemistry,Veterinary
2505,35,0.221639121809764,0.23122738345216884,0.009588261642404838,Materials Chemistry,Dentistry
2505,36,0.10737219480829559,0.11837083857193408,0.010998643763638488,Materials Chemistry,Health Professions
2506,11,0.461228087541421,0.2637322883586322,-0.19749579918278876,Metals and Alloys,Agricultural and Biological Sciences
2506,12,0.42634727151887103,0.36649379910458485,-0.05985347241428618,Metals and Alloys,Arts and Humanities
2506,13,1.371428840778502,0.8121376336567317,-0.5592912071217703,Metals and Alloys,"Biochemistry, Genetics and Molecular Biology"
2506,14,0.037944671483990174,0.038907341044392,0.0009626695604018284,Metals and Alloys,"Business, Management and Accounting"
2506,15,1.5010534949163568,1.0370839767308606,-0.46396951818549614,Metals and Alloys,Chemical Engineering
2506,16,3.991496622688557,3.4694301197447777,-0.5220665029437792,Metals and Alloys,Chemistry
2506,17,0.3162841560963653,0.31538618419135855,-0.0008979719050067336,Metals and Alloys,Computer Science
2506,18,0.2910662688368191,0.2810918820227447,-0.009974386814074365,Metals and Alloys,Decision Sciences
2506,19,0.996931430914773,0.6479498684069963,-0.3489815625077767,Metals and Alloys,Earth and Planetary Sciences
2506,20,0.025689249638229376,0.014446095426778934,-0.011243154211450442,Metals and Alloys,"Economics, Econometrics and Finance"
2506,21,1.4718290274380041,1.1959303285454845,-0.2758986988925196,Metals and Alloys,Energy
2506,22,78.30790333300338,84.91166030552884,6.60375697252546,Metals and Alloys,Engineering
2506,23,2.684880108978982,2.4722853480173645,-0.21259476096161745,Metals and Alloys,Environmental Science
2506,24,0.13716645219678436,0.06652487641911643,-0.07064157577766793,Metals and Alloys,Immunology and Microbiology
2506,25,0.0,0.0,0.0,Metals and Alloys,Materials Science
2506,26,0.03393809126518376,0.021183560100612807,-0.012754531164570954,Metals and Alloys,Mathematics
2506,27,3.2106848423999885,1.862271654575649,-1.3484131878243395,Metals and Alloys,Medicine
2506,28,0.1609702523202813,0.06731394885839427,-0.09365630346188704,Metals and Alloys,Neuroscience
2506,29,0.09026589551781514,0.03817896648505861,-0.052086929032756524,Metals and Alloys,Nursing
2506,30,0.056799166631314485,0.06810302129767211,0.011303854666357624,Metals and Alloys,"Pharmacology, Toxicology and Pharmaceutics"
2506,31,2.908305876474775,1.3776597810991658,-1.5306460953756091,Metals and Alloys,Physics and Astronomy
2506,32,0.01814745157929965,0.007223047713389467,-0.010924403865910181,Metals and Alloys,Psychology
2506,33,0.11265560850526277,0.06707115733861647,-0.04558445116664629,Metals and Alloys,Social Sciences
2506,34,0.02545356844888782,0.011471899309500917,-0.013981669139386902,Metals and Alloys,Veterinary
2506,35,1.260658681787972,0.5292855131155979,-0.731373168672374,Metals and Alloys,Dentistry
2506,36,0.10087154903818507,0.057177402907671246,-0.043694146130513825,Metals and Alloys,Health Professions
2507,11,1.4362391838091249,1.7451276232206479,0.308888439411523,Polymers and Plastics,Agricultural and Biological Sciences
2507,12,0.14094400741481042,0.1382948643867919,-0.0026491430280185246,Polymers and Plastics,Arts and Humanities
2507,13,5.605182994619113,4.275025771916838,-1.330157222702275,Polymers and Plastics,"Biochemistry, Genetics and Molecular Biology"
2507,14,0.05121380072228866,0.09078618474178217,0.039572384019493506,Polymers and Plastics,"Business, Management and Accounting"
2507,15,7.550020128588916,4.691354223510624,-2.8586659050782925,Polymers and Plastics,Chemical Engineering
2507,16,18.145425544115547,11.78554227258919,-6.359883271526357,Polymers and Plastics,Chemistry
2507,17,0.48362738237063285,0.5572337355323711,0.07360635316173825,Polymers and Plastics,Computer Science
2507,18,0.09063716346052574,0.06844940791764155,-0.022187755542884186,Polymers and Plastics,Decision Sciences
2507,19,0.4034933634169918,0.35833984583607964,-0.045153517580912184,Polymers and Plastics,Earth and Planetary Sciences
2507,20,0.01892906544834091,0.015538211617820426,-0.003390853830520485,Polymers and Plastics,"Economics, Econometrics and Finance"
2507,21,3.2173998778241466,4.040202755971956,0.8228028781478094,Polymers and Plastics,Energy
2507,22,51.101104029696685,59.702503966068754,8.601399936372069,Polymers and Plastics,Engineering
2507,23,3.051543815959162,4.269575445380126,1.218031629420964,Polymers and Plastics,Environmental Science
2507,24,0.13291305151748495,0.16744454938182302,0.03453149786433807,Polymers and Plastics,Immunology and Microbiology
2507,25,0.0,0.0,0.0,Polymers and Plastics,Materials Science
2507,26,0.22811425548796616,0.16276874293190657,-0.06534551255605958,Polymers and Plastics,Mathematics
2507,27,2.904777731227165,2.8956007163450224,-0.009177014882142842,Polymers and Plastics,Medicine
2507,28,0.9198735877805422,1.8341639662848537,0.9142903785043115,Polymers and Plastics,Neuroscience
2507,29,0.20988735011807994,0.1860808413468273,-0.02380650877125262,Polymers and Plastics,Nursing
2507,30,0.5987962635721692,0.5091608992809299,-0.0896353642912393,Polymers and Plastics,"Pharmacology, Toxicology and Pharmaceutics"
2507,31,3.1576431294806593,1.9519388293597426,-1.2057043001209167,Polymers and Plastics,Physics and Astronomy
2507,32,0.13066028793244283,0.1311950969244955,0.00053480899205266,Polymers and Plastics,Psychology
2507,33,0.08150908244061482,0.06374969652677463,-0.017759385913840187,Polymers and Plastics,Social Sciences
2507,34,0.016310593489103648,0.009949236423595171,-0.006361357065508477,Polymers and Plastics,Veterinary
2507,35,0.22297970991426624,0.2014182514606636,-0.021561458453602633,Polymers and Plastics,Dentistry
2507,36,0.10077459959321527,0.14855486504274348,0.04778026544952821,Polymers and Plastics,Health Professions
2508,11,1.5192728229760815,1.9006903172371696,0.3814174942610882,"Surfaces, Coatings and Films",Agricultural and Biological Sciences
2508,12,0.18915749998644651,0.1666237094536774,-0.022533790532769105,"Surfaces, Coatings and Films",Arts and Humanities
2508,13,9.219358136064272,8.584259649069883,-0.635098486994389,"Surfaces, Coatings and Films","Biochemistry, Genetics and Molecular Biology"
2508,14,0.01944310415441718,0.027704075227322027,0.008260971072904848,"Surfaces, Coatings and Films","Business, Management and Accounting"
2508,15,2.1352668338100056,1.5980637757127756,-0.53720305809723,"Surfaces, Coatings and Films",Chemical Engineering
2508,16,11.888731230258102,10.078926670041136,-1.809804560216966,"Surfaces, Coatings and Films",Chemistry
2508,17,0.6730911874192027,0.7315739064431827,0.058482719023979945,"Surfaces, Coatings and Films",Computer Science
2508,18,0.05726967560819459,0.045138345146197224,-0.012131330461997367,"Surfaces, Coatings and Films",Decision Sciences
2508,19,1.512939644563299,1.2388756714744735,-0.27406397308882546,"Surfaces, Coatings and Films",Earth and Planetary Sciences
2508,20,0.010448512245212782,0.008517505914564981,-0.0019310063306478015,"Surfaces, Coatings and Films","Economics, Econometrics and Finance"
2508,21,1.6789083473262898,3.0352930842731793,1.3563847369468895,"Surfaces, Coatings and Films",Energy
2508,22,44.60223450305742,48.851123756255596,4.248889253198179,"Surfaces, Coatings and Films",Engineering
2508,23,2.9279244868277283,5.799789369176654,2.871864882348926,"Surfaces, Coatings and Films",Environmental Science
2508,24,0.3241995922123098,0.4938268045023891,0.16962721229007927,"Surfaces, Coatings and Films",Immunology and Microbiology
2508,25,0.0,0.0,0.0,"Surfaces, Coatings and Films",Materials Science
2508,26,0.17010867931298077,0.1329418533826698,-0.037166825930310954,"Surfaces, Coatings and Films",Mathematics
2508,27,4.7064386985293725,5.6373689601677945,0.9309302616384221,"Surfaces, Coatings and Films",Medicine
2508,28,0.44443141118493523,0.5916561269924643,0.14722471580752905,"Surfaces, Coatings and Films",Neuroscience
2508,29,0.12508643433183983,0.1488899959674933,0.023803561635653475,"Surfaces, Coatings and Films",Nursing
2508,30,0.9267633219763263,0.9067816648263826,-0.01998165714994371,"Surfaces, Coatings and Films","Pharmacology, Toxicology and Pharmaceutics"
2508,31,16.210349251378883,9.202122633453126,-7.008226617925757,"Surfaces, Coatings and Films",Physics and Astronomy
2508,32,0.015303127604427211,0.020694877651794598,0.005391750047367387,"Surfaces, Coatings and Films",Psychology
2508,33,0.04687044879810073,0.05110503548738988,0.004234586689289145,"Surfaces, Coatings and Films",Social Sciences
2508,34,0.013947778138656686,0.011290131537795766,-0.0026576466008609197,"Surfaces, Coatings and Films",Veterinary
2508,35,0.48270155155478295,0.6160774134818809,0.133375861927098,"Surfaces, Coatings and Films",Dentistry
2508,36,0.09975372068071071,0.12066466712300387,0.02091094644229316,"Surfaces, Coatings and Films",Health Professions
2602,11,0.22451007239997195,0.2631469832130883,0.038636910813116376,Algebra and Number Theory,Agricultural and Biological Sciences
2602,12,0.367771035937454,0.33941074030635815,-0.028360295631095878,Algebra and Number Theory,Arts and Humanities
2602,13,1.4805896105248149,1.9502789920744927,0.4696893815496779,Algebra and Number Theory,"Biochemistry, Genetics and Molecular Biology"
2602,14,0.23876827256247019,0.22227553280970488,-0.0164927397527653,Algebra and Number Theory,"Business, Management and Accounting"
2602,15,0.038700829012495164,0.04590633922119155,0.007205510208696385,Algebra and Number Theory,Chemical Engineering
2602,16,1.7585113533747803,1.6717311724775208,-0.08678018089725947,Algebra and Number Theory,Chemistry
2602,17,40.37198059979495,39.12908270249138,-1.2428978973035711,Algebra and Number Theory,Computer Science
2602,18,2.9161414141871354,3.1342182890855455,0.2180768748984101,Algebra and Number Theory,Decision Sciences
2602,19,0.2745269332874657,0.2704031465093412,-0.004123786778124472,Algebra and Number Theory,Earth and Planetary Sciences
2602,20,0.999658255837375,0.8483787658006657,-0.15127949003670926,Algebra and Number Theory,"Economics, Econometrics and Finance"
2602,21,0.016521406537497934,0.025618698984729477,0.009097292447231543,Algebra and Number Theory,Energy
2602,22,9.641032836861294,8.743084432123775,-0.8979484047375195,Algebra and Number Theory,Engineering
2602,23,0.2523475108124684,0.2877290874412103,0.03538157662874186,Algebra and Number Theory,Environmental Science
2602,24,0.03372177498749579,0.03746549620310149,0.0037437212156056984,Algebra and Number Theory,Immunology and Microbiology
2602,25,0.8692975686373913,1.0280058286242315,0.15870825998684024,Algebra and Number Theory,Materials Science
2602,26,0.0,0.0,0.0,Algebra and Number Theory,Mathematics
2602,27,1.9999954735872498,2.1593749629787586,0.1593794893915088,Algebra and Number Theory,Medicine
2602,28,0.41733525554994777,0.4214498110435843,0.00411455549363654,Algebra and Number Theory,Neuroscience
2602,29,0.005431695299999321,0.006515738470104607,0.0010840431701052864,Algebra and Number Theory,Nursing
2602,30,0.1366976650499829,0.1269088152018102,-0.009788849848172715,Algebra and Number Theory,"Pharmacology, Toxicology and Pharmaceutics"
2602,31,37.20552856053285,38.50342372439611,1.2978951638632594,Algebra and Number Theory,Physics and Astronomy
2602,32,0.21409932307497326,0.21383468979161482,-0.00026463328335843417,Algebra and Number Theory,Psychology
2602,33,0.49496323421243815,0.5248131167738802,0.029849882561442054,Algebra and Number Theory,Social Sciences
2602,34,0.0013579238249998302,0.0020731895132151024,0.0007152656882152722,Algebra and Number Theory,Veterinary
2602,35,0.002263206374999717,0.002961699304593003,0.0006984929295932862,Algebra and Number Theory,Dentistry
2602,36,0.03824818773749522,0.041908045159991,0.003659857422495777,Algebra and Number Theory,Health Professions
2604,11,0.5518489184116109,0.6190841046687197,0.06723518625710878,Applied Mathematics,Agricultural and Biological Sciences
2604,12,0.128998939977829,0.13783736443529834,0.008838424457469352,Applied Mathematics,Arts and Humanities
2604,13,1.9578721766090372,2.0388304862666584,0.08095830965762119,Applied Mathematics,"Biochemistry, Genetics and Molecular Biology"
2604,14,0.41223889213015924,0.44169409029394413,0.02945519816378489,Applied Mathematics,"Business, Management and Accounting"
2604,15,0.7484256298657535,0.6633141832749634,-0.08511144659079006,Applied Mathematics,Chemical Engineering
2604,16,1.3726327408870505,1.0176832245684386,-0.3549495163186118,Applied Mathematics,Chemistry
2604,17,23.371116767942784,21.193233580806496,-2.1778831871362883,Applied Mathematics,Computer Science
2604,18,2.0975546335137216,2.139033142224166,0.04147850871044456,Applied Mathematics,Decision Sciences
2604,19,3.33937766884212,3.181179905844731,-0.1581977629973892,Applied Mathematics,Earth and Planetary Sciences
2604,20,3.126322990602489,2.891198899336451,-0.23512409126603817,Applied Mathematics,"Economics, Econometrics and Finance"
2604,21,0.11194152820647653,0.22077854723762608,0.10883701903114955,Applied Mathematics,Energy
2604,22,32.927323474801206,34.527897730664264,1.6005742558630587,Applied Mathematics,Engineering
2604,23,2.8996151398834518,3.3070986340538338,0.407483494170382,Applied Mathematics,Environmental Science
2604,24,0.06920746049905424,0.08836230305627886,0.01915484255722462,Applied Mathematics,Immunology and Microbiology
2604,25,2.2099669607712125,2.4859456968145537,0.2759787360433412,Applied Mathematics,Materials Science
2604,26,0.0,0.0,0.0,Applied Mathematics,Mathematics
2604,27,4.029713938875073,4.031199819165519,0.0014858802904464952,Applied Mathematics,Medicine
2604,28,1.2657613563068784,0.8790434560522307,-0.3867179002546477,Applied Mathematics,Neuroscience
2604,29,0.04899931661706979,0.0395330791082355,-0.00946623750883429,Applied Mathematics,Nursing
2604,30,0.0336802398033074,0.03021736343718595,-0.0034628763661214493,Applied Mathematics,"Pharmacology, Toxicology and Pharmaceutics"
2604,31,17.550664315568635,16.671843151530098,-0.8788211640385377,Applied Mathematics,Physics and Astronomy
2604,32,0.4719217256740847,0.7432805997285525,0.27135887405446785,Applied Mathematics,Psychology
2604,33,1.0728061760143819,2.3936887983411763,1.3208826223267944,Applied Mathematics,Social Sciences
2604,34,0.02263456976028723,0.023348001671348987,0.0007134319110617578,Applied Mathematics,Veterinary
2604,35,0.020606512309765495,0.017457181467597064,-0.003149330842168431,Applied Mathematics,Dentistry
2604,36,0.15876792612655877,0.21721665595163656,0.05844872982507779,Applied Mathematics,Health Professions
2605,11,1.4563300881594468,0.627592982000341,-0.8287371061591058,Computational Mathematics,Agricultural and Biological Sciences
2605,12,0.3378445914879155,0.1488469771885242,-0.18899761429939133,Computational Mathematics,Arts and Humanities
2605,13,2.621793974771605,2.2272920404755525,-0.3945019342960525,Computational Mathematics,"Biochemistry, Genetics and Molecular Biology"
2605,14,1.6572376706714913,0.5572289564203114,-1.1000087142511799,Computational Mathematics,"Business, Management and Accounting"
2605,15,0.08795953861223837,0.06738708603625912,-0.020572452575979255,Computational Mathematics,Chemical Engineering
2605,16,4.0051576274913545,1.85950469138609,-2.1456529361052645,Computational Mathematics,Chemistry
2605,17,36.832057253663315,39.073143404590446,2.2410861509271314,Computational Mathematics,Computer Science
2605,18,1.7352018071687025,1.601052212813289,-0.13414959435541363,Computational Mathematics,Decision Sciences
2605,19,0.7606501009535613,1.0768402222420683,0.316190121288507,Computational Mathematics,Earth and Planetary Sciences
2605,20,0.8116266517401995,0.4849705147669732,-0.3266561369732263,Computational Mathematics,"Economics, Econometrics and Finance"
2605,21,0.03598344761409751,0.04817229443555873,0.012188846821461222,Computational Mathematics,Energy
2605,22,14.252443875817125,22.58712284205712,8.334678966239995,Computational Mathematics,Engineering
2605,23,1.5952661775583232,1.1983534818014274,-0.3969126957568958,Computational Mathematics,Environmental Science
2605,24,0.05697379205565441,0.0538555426554842,-0.003118249400170206,Computational Mathematics,Immunology and Microbiology
2605,25,0.5747356216140576,0.6359825388964214,0.061246917282363866,Computational Mathematics,Materials Science
2605,26,0.0,0.0,0.0,Computational Mathematics,Mathematics
2605,27,14.269436059412671,9.608207692953043,-4.661228366459628,Computational Mathematics,Medicine
2605,28,3.4953921196249724,2.845412942109351,-0.6499791775156214,Computational Mathematics,Neuroscience
2605,29,0.17092137616696318,0.06982276384479862,-0.10109861232216456,Computational Mathematics,Nursing
2605,30,0.050976550786638146,0.025980563291087853,-0.024995987495550293,Computational Mathematics,"Pharmacology, Toxicology and Pharmaceutics"
2605,31,8.087279851268416,11.464735444795362,3.377455593526946,Computational Mathematics,Physics and Astronomy
2605,32,3.122563620734462,1.3060645671123958,-1.8164990536220662,Computational Mathematics,Psychology
2605,33,3.386442236571177,2.090623452329726,-1.295818784241451,Computational Mathematics,Social Sciences
2605,34,0.021989884653059594,0.01650848292454541,-0.005481401728514183,Computational Mathematics,Veterinary
2605,35,0.0339843671910921,0.023003623747317372,-0.01098074344377473,Computational Mathematics,Dentistry
2605,36,0.5397517142114627,0.3022946791265118,-0.23745703508495092,Computational Mathematics,Health Professions
2607,11,0.3883482046484853,0.4203329194223622,0.03198471477387688,Discrete Mathematics and Combinatorics,Agricultural and Biological Sciences
2607,12,0.26152227099373965,0.16692377897435393,-0.09459849201938572,Discrete Mathematics and Combinatorics,Arts and Humanities
2607,13,2.219004101604663,2.1626965432574465,-0.05630755834721635,Discrete Mathematics and Combinatorics,"Biochemistry, Genetics and Molecular Biology"
2607,14,1.4506278333453262,1.0296679946505638,-0.4209598386947624,Discrete Mathematics and Combinatorics,"Business, Management and Accounting"
2607,15,0.1124343383464057,0.12332953172747127,0.010895193381065565,Discrete Mathematics and Combinatorics,Chemical Engineering
2607,16,1.5889220695114052,1.8555680400729573,0.26664597056155204,Discrete Mathematics and Combinatorics,Chemistry
2607,17,54.26485932215586,53.68983114963655,-0.5750281725193105,Discrete Mathematics and Combinatorics,Computer Science
2607,18,2.480751241275095,2.039367011529975,-0.44138422974512004,Discrete Mathematics and Combinatorics,Decision Sciences
2607,19,0.3055965316255307,0.31444108659364395,0.00884455496811326,Discrete Mathematics and Combinatorics,Earth and Planetary Sciences
2607,20,1.4935777505936534,1.1776071820819207,-0.31597056851173266,Discrete Mathematics and Combinatorics,"Economics, Econometrics and Finance"
2607,21,0.13514607469237966,0.22683071228781201,0.09168463759543236,Discrete Mathematics and Combinatorics,Energy
2607,22,21.953029430812407,21.20381998107166,-0.7492094497407464,Discrete Mathematics and Combinatorics,Engineering
2607,23,0.6802277469957545,0.8579629111394551,0.1777351641437006,Discrete Mathematics and Combinatorics,Environmental Science
2607,24,0.023386342376052385,0.026437801556174,0.003051459180121615,Discrete Mathematics and Combinatorics,Immunology and Microbiology
2607,25,1.1180470605166584,1.1731071307532102,0.055060070236551795,Discrete Mathematics and Combinatorics,Materials Science
2607,26,0.0,0.0,0.0,Discrete Mathematics and Combinatorics,Mathematics
2607,27,1.2583651147729726,1.5004858649168966,0.24212075014392398,Discrete Mathematics and Combinatorics,Medicine
2607,28,0.20238180902353026,0.30530035733220084,0.10291854830867059,Discrete Mathematics and Combinatorics,Neuroscience
2607,29,0.006746060300784342,0.008015716429265522,0.0012696561284811798,Discrete Mathematics and Combinatorics,Nursing
2607,30,0.04879650284234007,0.05006307103190395,0.0012665681895638811,Discrete Mathematics and Combinatorics,"Pharmacology, Toxicology and Pharmaceutics"
2607,31,8.610671367921134,10.239304292064581,1.6286329241434476,Discrete Mathematics and Combinatorics,Physics and Astronomy
2607,32,0.24713067568539973,0.25509665969627465,0.007965984010874921,Discrete Mathematics and Combinatorics,Psychology
2607,33,1.0150572065913508,1.0074489912150562,-0.007608215376294636,Discrete Mathematics and Combinatorics,Social Sciences
2607,34,0.0013492120601568682,0.0028125320804440425,0.0014633200202871742,Discrete Mathematics and Combinatorics,Veterinary
2607,35,0.007195797654169965,0.004078171516643862,-0.0031176261375261034,Discrete Mathematics and Combinatorics,Dentistry
2607,36,0.12682593365474562,0.1594705689611772,0.03264463530643158,Discrete Mathematics and Combinatorics,Health Professions
2608,11,2.4860738845490573,2.595721465323153,0.10964758077409575,Geometry and Topology,Agricultural and Biological Sciences
2608,12,0.9742241942366888,1.0916554575026518,0.11743126326596298,Geometry and Topology,Arts and Humanities
2608,13,4.771278266071336,4.835248804709343,0.0639705386380065,Geometry and Topology,"Biochemistry, Genetics and Molecular Biology"
2608,14,0.2784986271628047,0.2897967743059955,0.011298147143190773,Geometry and Topology,"Business, Management and Accounting"
2608,15,0.07668184989397632,0.07032586160246687,-0.0063559882915094484,Geometry and Topology,Chemical Engineering
2608,16,2.335125734078333,2.619541515220763,0.28441578114242994,Geometry and Topology,Chemistry
2608,17,27.205147867141,24.783669128717353,-2.421478738423648,Geometry and Topology,Computer Science
2608,18,1.6124975785302187,1.5412485247338434,-0.07124905379637525,Geometry and Topology,Decision Sciences
2608,19,2.70640987324997,3.5782639416455813,0.8718540683956113,Geometry and Topology,Earth and Planetary Sciences
2608,20,1.1673260484786538,1.040114513299113,-0.12721153517954087,Geometry and Topology,"Economics, Econometrics and Finance"
2608,21,0.02567113195956465,0.06100256681095181,0.03533143485138716,Geometry and Topology,Energy
2608,22,9.911283030860773,9.505942839626604,-0.40534019123416876,Geometry and Topology,Engineering
2608,23,3.9417502123078396,4.733024548760832,0.7912743364529922,Geometry and Topology,Environmental Science
2608,24,0.13654958199155884,0.15514847831102843,0.018598896319469593,Geometry and Topology,Immunology and Microbiology
2608,25,1.6220650483749273,2.017594191559679,0.39552914318475185,Geometry and Topology,Materials Science
2608,26,0.0,0.0,0.0,Geometry and Topology,Mathematics
2608,27,5.114617815102488,5.190806622693176,0.07618880759068869,Geometry and Topology,Medicine
2608,28,2.8702883171246816,2.3078889460029073,-0.5623993711217743,Geometry and Topology,Neuroscience
2608,29,0.054799814902613105,0.05004700379184209,-0.004752811110771013,Geometry and Topology,Nursing
2608,30,0.083786406709354,0.09204332869842931,0.008256921989075308,Geometry and Topology,"Pharmacology, Toxicology and Pharmaceutics"
2608,31,28.833464925513457,29.34688245068198,0.5134175251685242,Geometry and Topology,Physics and Astronomy
2608,32,1.649820183667003,1.4644765869105367,-0.18534359675646628,Geometry and Topology,Psychology
2608,33,1.7020623581160799,2.059811840971703,0.3577494828556229,Geometry and Topology,Social Sciences
2608,34,0.09936906799108236,0.1325180476301402,0.03314897963905783,Geometry and Topology,Veterinary
2608,35,0.2133735230218427,0.267830317141417,0.05445679411957427,Geometry and Topology,Dentistry
2608,36,0.12783465896469556,0.16939624334850698,0.04156158438381141,Geometry and Topology,Health Professions
2610,11,0.526817198594085,0.44280200431319106,-0.08401519428089399,Mathematical Physics,Agricultural and Biological Sciences
2610,12,0.30233663683902046,0.23743746420328599,-0.06489917263573447,Mathematical Physics,Arts and Humanities
2610,13,3.1712509092436427,3.513767017341506,0.34251610809786337,Mathematical Physics,"Biochemistry, Genetics and Molecular Biology"
2610,14,0.5986784704469565,0.43129581367983577,-0.16738265676712077,Mathematical Physics,"Business, Management and Accounting"
2610,15,0.23933392772252843,0.19115649094725995,-0.04817743677526848,Mathematical Physics,Chemical Engineering
2610,16,1.1490166804445319,0.8520636958489903,-0.29695298459554154,Mathematical Physics,Chemistry
2610,17,23.28916143394166,24.0976665957817,0.8085051618400385,Mathematical Physics,Computer Science
2610,18,2.3600433000437198,2.134514821906762,-0.22552847813695776,Mathematical Physics,Decision Sciences
2610,19,1.87927535429478,1.839313485697968,-0.039961868596811945,Mathematical Physics,Earth and Planetary Sciences
2610,20,4.90936201165741,4.315427076488916,-0.5939349351684937,Mathematical Physics,"Economics, Econometrics and Finance"
2610,21,0.07060121767054164,0.10509298003582757,0.03449176236528592,Mathematical Physics,Energy
2610,22,19.68872843350446,22.259401244858026,2.5706728113535675,Mathematical Physics,Engineering
2610,23,1.8244439056333968,1.798948650945732,-0.02549525468766478,Mathematical Physics,Environmental Science
2610,24,0.04463646482253282,0.05196419292108407,0.007327728098551249,Mathematical Physics,Immunology and Microbiology
2610,25,3.059717022377417,2.5465948313912175,-0.5131221909861994,Mathematical Physics,Materials Science
2610,26,0.0,0.0,0.0,Mathematical Physics,Mathematics
2610,27,2.430720884634403,2.998364210995586,0.5676433263611829,Mathematical Physics,Medicine
2610,28,0.46637278130232324,0.5393002791998119,0.0729274978974887,Mathematical Physics,Neuroscience
2610,29,0.015006099807746278,0.014347800465884263,-0.0006582993418620155,Mathematical Physics,Nursing
2610,30,0.04906574619072256,0.04392849298483396,-0.005137253205888606,Mathematical Physics,"Pharmacology, Toxicology and Pharmaceutics"
2610,31,32.366019011544765,30.001786487493078,-2.364232524051687,Mathematical Physics,Physics and Astronomy
2610,32,0.26606234977194926,0.316676453139874,0.05061410336792477,Mathematical Physics,Psychology
2610,33,1.2110648030592588,1.1738410715570926,-0.03722373150216618,Mathematical Physics,Social Sciences
2610,34,0.005269317489742968,0.006195641110268203,0.0009263236205252351,Mathematical Physics,Veterinary
2610,35,0.010767735739909544,0.008641288916953021,-0.002126446822956523,Mathematical Physics,Dentistry
2610,36,0.06624830322249312,0.07947190777531997,0.013223604552826854,Mathematical Physics,Health Professions
2611,11,2.9190717136794624,1.9187141718155516,-1.0003575418639108,Modeling and Simulation,Agricultural and Biological Sciences
2611,12,0.14523021678809372,0.16219504302480414,0.016964826236710417,Modeling and Simulation,Arts and Humanities
2611,13,11.727664594245693,7.6085534605051715,-4.119111133740522,Modeling and Simulation,"Biochemistry, Genetics and Molecular Biology"
2611,14,0.5302850444408173,1.0442069707205501,0.5139219262797329,Modeling and Simulation,"Business, Management and Accounting"
2611,15,0.6439837965367323,0.25999746629413845,-0.3839863302425939,Modeling and Simulation,Chemical Engineering
2611,16,0.5888964729274554,0.2917376402660942,-0.29715883266136117,Modeling and Simulation,Chemistry
2611,17,8.237409671627617,6.096385475806552,-2.141024195821065,Modeling and Simulation,Computer Science
2611,18,1.4078798985057797,1.0233107824331562,-0.38456911607262345,Modeling and Simulation,Decision Sciences
2611,19,0.7085305595536628,0.4010037055448225,-0.30752685400884033,Modeling and Simulation,Earth and Planetary Sciences
2611,20,3.042786342795246,5.664915334290817,2.622128991495571,Modeling and Simulation,"Economics, Econometrics and Finance"
2611,21,0.0746553796388349,0.12594514802212586,0.05128976838329097,Modeling and Simulation,Energy
2611,22,16.973572923003875,12.764851440838656,-4.208721482165219,Modeling and Simulation,Engineering
2611,23,2.8659319217129378,3.8629031036519788,0.996971181939041,Modeling and Simulation,Environmental Science
2611,24,1.561920377487276,1.4006814842559099,-0.1612388932313662,Modeling and Simulation,Immunology and Microbiology
2611,25,1.111855088807443,0.758665893702777,-0.35318919510466595,Modeling and Simulation,Materials Science
2611,26,0.0,0.0,0.0,Modeling and Simulation,Mathematics
2611,27,25.2236879201104,32.05583723143062,6.832149311320222,Modeling and Simulation,Medicine
2611,28,0.589081952131527,0.6194497727238302,0.03036782059230314,Modeling and Simulation,Neuroscience
2611,29,0.2189582004065704,0.22280087412852226,0.0038426737219518503,Modeling and Simulation,Nursing
2611,30,0.11527532533052395,0.119025652394834,0.003750327064310041,Modeling and Simulation,"Pharmacology, Toxicology and Pharmaceutics"
2611,31,13.325196978914725,8.285132103843384,-5.040064875071341,Modeling and Simulation,Physics and Astronomy
2611,32,1.0729971955544344,4.412589901805128,3.3395927062506936,Modeling and Simulation,Psychology
2611,33,5.414045227249121,8.149272454623944,2.735227227374823,Modeling and Simulation,Social Sciences
2611,34,0.08235276660780794,0.05647478893817069,-0.025877977669637245,Modeling and Simulation,Veterinary
2611,35,0.03190242310032199,0.23288750208273373,0.20098507898241175,Modeling and Simulation,Dentistry
2611,36,1.3868280088436484,2.462462596855726,1.0756345880120777,Modeling and Simulation,Health Professions
2612,11,0.28298690159785683,0.36312020507228615,0.08013330347442932,Numerical Analysis,Agricultural and Biological Sciences
2612,12,0.071898262370419,0.056095929480057455,-0.01580233289036155,Numerical Analysis,Arts and Humanities
2612,13,1.4467539893476213,1.5027065784861946,0.05595258913857326,Numerical Analysis,"Biochemistry, Genetics and Molecular Biology"
2612,14,0.6876925846313493,0.6324894795076615,-0.05520310512368776,Numerical Analysis,"Business, Management and Accounting"
2612,15,0.49968762905155706,0.4218505528842299,-0.07783707616732716,Numerical Analysis,Chemical Engineering
2612,16,0.8873982147206133,0.6768164314398356,-0.2105817832807777,Numerical Analysis,Chemistry
2612,17,28.915278645474856,25.806847884103917,-3.10843076137094,Numerical Analysis,Computer Science
2612,18,3.3888541810057284,3.473681015465181,0.08482683445945272,Numerical Analysis,Decision Sciences
2612,19,1.816622369995447,1.7886555074233326,-0.027966862572114337,Numerical Analysis,Earth and Planetary Sciences
2612,20,2.201632800008471,1.9019927656581808,-0.2996400343502903,Numerical Analysis,"Economics, Econometrics and Finance"
2612,21,0.1671449295312318,0.2861780087920848,0.11903307926085302,Numerical Analysis,Energy
2612,22,40.54273128686242,42.81344996552348,2.270718678661062,Numerical Analysis,Engineering
2612,23,1.6736200086828534,1.8434914977011836,0.16987148901833016,Numerical Analysis,Environmental Science
2612,24,0.0833342157371425,0.10554854316666247,0.022214327429519967,Numerical Analysis,Immunology and Microbiology
2612,25,1.4013807854805749,1.6472846019393899,0.24590381645881498,Numerical Analysis,Materials Science
2612,26,0.0,0.0,0.0,Numerical Analysis,Mathematics
2612,27,1.8731668060864686,2.5320769066889026,0.658910100602434,Numerical Analysis,Medicine
2612,28,0.23433115556073233,0.2880965525772629,0.053765397016530575,Numerical Analysis,Neuroscience
2612,29,0.008259299653744745,0.009764528817100352,0.001505229163355607,Numerical Analysis,Nursing
2612,30,0.016889208907337014,0.026945517938098042,0.010056309030761029,Numerical Analysis,"Pharmacology, Toxicology and Pharmaceutics"
2612,31,12.991878355340484,12.983444398883007,-0.00843395645747691,Numerical Analysis,Physics and Astronomy
2612,32,0.08121644659515666,0.09807481289902846,0.016858366303871802,Numerical Analysis,Psychology
2612,33,0.6494139073899554,0.6403354645395838,-0.009078442850371626,Numerical Analysis,Social Sciences
2612,34,0.005453255540613518,0.006385600956637474,0.000932345416023956,Numerical Analysis,Veterinary
2612,35,0.006035642054659621,0.006356965974769144,0.0003213239201095225,Numerical Analysis,Dentistry
2612,36,0.06633911837270619,0.08831028408192812,0.021971165709221932,Numerical Analysis,Health Professions
2613,11,2.6896288016121224,2.588388737711443,-0.10124006390067919,Statistics and Probability,Agricultural and Biological Sciences
2613,12,0.6622232828289171,0.61900905479188,-0.04321422803703712,Statistics and Probability,Arts and Humanities
2613,13,4.541434135626476,4.428611840573579,-0.1128222950528972,Statistics and Probability,"Biochemistry, Genetics and Molecular Biology"
2613,14,3.54040283516916,3.5570537003982903,0.016650865229130396,Statistics and Probability,"Business, Management and Accounting"
2613,15,0.05300242404451199,0.049961572835123674,-0.0030408512093883164,Statistics and Probability,Chemical Engineering
2613,16,0.9422234502931321,0.6854429888573739,-0.2567804614357583,Statistics and Probability,Chemistry
2613,17,12.212383699591527,10.59639710907557,-1.6159865905159574,Statistics and Probability,Computer Science
2613,18,8.590132729345731,7.87413288539192,-0.7159998439538109,Statistics and Probability,Decision Sciences
2613,19,0.7948828518039386,0.905128712226848,0.1102458604229094,Statistics and Probability,Earth and Planetary Sciences
2613,20,9.149170145037965,7.011543169853075,-2.13762697518489,Statistics and Probability,"Economics, Econometrics and Finance"
2613,21,0.12830549938526678,0.2543640491967846,0.12605854981151784,Statistics and Probability,Energy
2613,22,6.8374941213082865,7.614643128046322,0.7771490067380356,Statistics and Probability,Engineering
2613,23,5.2929716664503585,5.942097647556558,0.6491259811061996,Statistics and Probability,Environmental Science
2613,24,0.5998428627449338,0.6542881962263773,0.054445333481443536,Statistics and Probability,Immunology and Microbiology
2613,25,0.3704029328566185,0.40028088129635986,0.029877948439741342,Statistics and Probability,Materials Science
2613,26,0.0,0.0,0.0,Statistics and Probability,Mathematics
2613,27,15.354793872484374,18.395722192876832,3.0409283203924584,Statistics and Probability,Medicine
2613,28,3.717803260249159,3.6694249944299386,-0.048378265819220445,Statistics and Probability,Neuroscience
2613,29,0.29067601116986314,0.3593127670813129,0.06863675591144974,Statistics and Probability,Nursing
2613,30,0.48109677896537817,0.38913450008386385,-0.09196227888151431,Statistics and Probability,"Pharmacology, Toxicology and Pharmaceutics"
2613,31,2.651070166110546,2.337854888010474,-0.3132152781000719,Statistics and Probability,Physics and Astronomy
2613,32,9.274196136879667,9.255282796396108,-0.018913340483559082,Statistics and Probability,Psychology
2613,33,9.148988725471725,9.409417033623143,0.26042830815141826,Statistics and Probability,Social Sciences
2613,34,0.1694458748679475,0.1904147380068443,0.020968863138896815,Statistics and Probability,Veterinary
2613,35,0.17384181051144965,0.21360872384261634,0.03976691333116669,Statistics and Probability,Dentistry
2613,36,2.333585925190944,2.5984836916113623,0.2648977664204182,Statistics and Probability,Health Professions
2614,11,0.7734161646063082,0.5707337164375232,-0.202682448168785,Theoretical Computer Science,Agricultural and Biological Sciences
2614,12,10.269132147845482,10.426677388353895,0.15754524050841212,Theoretical Computer Science,Arts and Humanities
2614,13,1.7254198892340193,1.7475042657932414,0.02208437655922202,Theoretical Computer Science,"Biochemistry, Genetics and Molecular Biology"
2614,14,0.9116999173077057,0.687430129248632,-0.22426978805907372,Theoretical Computer Science,"Business, Management and Accounting"
2614,15,0.142453112079329,0.17749622452782082,0.035043112448491814,Theoretical Computer Science,Chemical Engineering
2614,16,0.9742403079766794,0.8874811226391042,-0.0867591853375752,Theoretical Computer Science,Chemistry
2614,17,26.11686714336342,22.833271225998782,-3.2835959173646394,Theoretical Computer Science,Computer Science
2614,18,1.693454800669877,1.7136721124992644,0.020217311829387352,Theoretical Computer Science,Decision Sciences
2614,19,1.629524623541593,1.6308078529821326,0.0012832294405396016,Theoretical Computer Science,Earth and Planetary Sciences
2614,20,2.2000319650885642,1.769568713593661,-0.43046325149490317,Theoretical Computer Science,"Economics, Econometrics and Finance"
2614,21,0.0646250703579395,0.11228352325102478,0.047658452893085276,Theoretical Computer Science,Energy
2614,22,12.375353526930587,13.3563457351874,0.9809922082568132,Theoretical Computer Science,Engineering
2614,23,1.4412085583050163,1.5768725361366622,0.13566397783164597,Theoretical Computer Science,Environmental Science
2614,24,0.039608914090350014,0.03971600604075549,0.0001070919504054732,Theoretical Computer Science,Immunology and Microbiology
2614,25,1.6753875766988402,2.057877498185812,0.3824899214869719,Theoretical Computer Science,Materials Science
2614,26,0.0,0.0,0.0,Theoretical Computer Science,Mathematics
2614,27,1.5572557276574455,1.9387294800635457,0.38147375240610026,Theoretical Computer Science,Medicine
2614,28,1.277213756106374,1.4773373605036577,0.2001236043972836,Theoretical Computer Science,Neuroscience
2614,29,0.02015190366000264,0.01961284248926197,-0.000539061170740672,Theoretical Computer Science,Nursing
2614,30,0.06323528389862897,0.038245042854060836,-0.02499024104456813,Theoretical Computer Science,"Pharmacology, Toxicology and Pharmaceutics"
2614,31,16.899803345216007,17.883970423833524,0.9841670786175172,Theoretical Computer Science,Physics and Astronomy
2614,32,5.75093636862696,6.334948124031616,0.5840117554046556,Theoretical Computer Science,Psychology
2614,33,12.180088529397457,12.462980759801518,0.28289223040406064,Theoretical Computer Science,Social Sciences
2614,34,0.009033611985518424,0.009316100182399435,0.00028248819688101064,Theoretical Computer Science,Veterinary
2614,35,0.02223658334896843,0.03530311648067155,0.013066533131703115,Theoretical Computer Science,Dentistry
2614,36,0.18762117200692113,0.2118186988840293,0.02419752687710816,Theoretical Computer Science,Health Professions
2702,11,1.9079297070051384,1.8164811427035854,-0.09144856430155301,Anatomy,Agricultural and Biological Sciences
2702,12,5.351706586344088,5.821008134114704,0.46930154777061617,Anatomy,Arts and Humanities
2702,13,21.668572717168953,19.678976362490054,-1.9895963546788984,Anatomy,"Biochemistry, Genetics and Molecular Biology"
2702,14,0.6636277241757003,0.6366727646687959,-0.026954959506904408,Anatomy,"Business, Management and Accounting"
2702,15,0.07489973100526715,0.07751697621779169,0.002617245212524544,Anatomy,Chemical Engineering
2702,16,0.6265805453989015,0.737444833751925,0.11086428835302353,Anatomy,Chemistry
2702,17,2.8534381392651773,3.1513234731739588,0.29788533390878147,Anatomy,Computer Science
2702,18,0.7119501312758726,0.6552768389610658,-0.05667329231480678,Anatomy,Decision Sciences
2702,19,1.4005444324533287,1.4128760865296166,0.01233165407628789,Anatomy,Earth and Planetary Sciences
2702,20,0.7047017702108468,0.7307266958130497,0.02602492560220293,Anatomy,"Economics, Econometrics and Finance"
2702,21,0.024161203550086177,0.05942968176697363,0.03526847821688745,Anatomy,Energy
2702,22,6.914936456034663,9.236406106270605,2.321469650235942,Anatomy,Engineering
2702,23,2.2759853744181178,2.2919185968393747,0.015933222421256943,Anatomy,Environmental Science
2702,24,1.0743681845271653,1.3322584312631134,0.25789024673594807,Anatomy,Immunology and Microbiology
2702,25,0.9438976853566998,1.3947887920787987,0.45089110672209887,Anatomy,Materials Science
2702,26,2.347663611616707,1.8986491374944445,-0.44901447412226236,Anatomy,Mathematics
2702,27,0.0,0.0,0.0,Anatomy,Medicine
2702,28,8.261520867226132,7.510361435821111,-0.7511594314050205,Anatomy,Neuroscience
2702,29,0.5677882834270251,0.5193637406592044,-0.04842454276782071,Anatomy,Nursing
2702,30,0.4010759789314305,0.5684578255971391,0.1673818466657086,Anatomy,"Pharmacology, Toxicology and Pharmaceutics"
2702,31,0.8746355685131195,0.7488139902638677,-0.12582157824925178,Anatomy,Physics and Astronomy
2702,32,8.224473688449335,6.361043068431986,-1.8634306200173487,Anatomy,Psychology
2702,33,3.8190809078169545,4.790032350418075,0.9709514426011205,Anatomy,Social Sciences
2702,34,0.5315464781018958,0.4837059315990202,-0.047840546502875614,Anatomy,Veterinary
2702,35,16.018072580255467,17.05528510743853,1.037212527183062,Anatomy,Dentistry
2702,36,11.756841647471933,11.03118249563321,-0.7256591518387232,Anatomy,Health Professions
2703,11,1.2148498007286852,1.1033232518782865,-0.1115265488503987,Anesthesiology and Pain Medicine,Agricultural and Biological Sciences
2703,12,0.7789867056763304,0.45612752911052534,-0.3228591765658051,Anesthesiology and Pain Medicine,Arts and Humanities
2703,13,10.163523551210792,9.03631397123805,-1.1272095799727424,Anesthesiology and Pain Medicine,"Biochemistry, Genetics and Molecular Biology"
2703,14,0.1734964782711263,0.20098119251432525,0.027484714243198954,Anesthesiology and Pain Medicine,"Business, Management and Accounting"
2703,15,0.5151222775718981,0.30568319351469586,-0.20943908405720224,Anesthesiology and Pain Medicine,Chemical Engineering
2703,16,1.7478209965687639,1.4537769173553932,-0.2940440792133707,Anesthesiology and Pain Medicine,Chemistry
2703,17,0.6775099885292616,0.9502224917521259,0.27271250322286433,Anesthesiology and Pain Medicine,Computer Science
2703,18,0.3048046042720075,0.3124214411038286,0.007616836831821072,Anesthesiology and Pain Medicine,Decision Sciences
2703,19,0.048803685614395964,0.048010014072570925,-0.000793671541825039,Anesthesiology and Pain Medicine,Earth and Planetary Sciences
2703,20,0.9332612719663392,1.14854725973612,0.2152859877697807,Anesthesiology and Pain Medicine,"Economics, Econometrics and Finance"
2703,21,0.012981031467767723,0.027017781198734245,0.014036749730966523,Anesthesiology and Pain Medicine,Energy
2703,22,4.2410527616520355,5.380101954869291,1.1390491932172555,Anesthesiology and Pain Medicine,Engineering
2703,23,0.9594729701224085,0.9858574549638855,0.02638448484147704,Anesthesiology and Pain Medicine,Environmental Science
2703,24,0.9756992594571183,1.0743617454134562,0.09866248595633786,Anesthesiology and Pain Medicine,Immunology and Microbiology
2703,25,0.4859149567694207,0.6835433852437561,0.19762842847433543,Anesthesiology and Pain Medicine,Materials Science
2703,26,0.20844540914588555,0.20564613315295563,-0.0027992759929299227,Anesthesiology and Pain Medicine,Mathematics
2703,27,0.0,0.0,0.0,Anesthesiology and Pain Medicine,Medicine
2703,28,40.79588701010648,38.963916684160196,-1.831970325946287,Anesthesiology and Pain Medicine,Neuroscience
2703,29,1.179401599412858,0.9353205980453898,-0.24408100136746813,Anesthesiology and Pain Medicine,Nursing
2703,30,3.664395402218508,3.6277040457993506,-0.03669135641915755,Anesthesiology and Pain Medicine,"Pharmacology, Toxicology and Pharmaceutics"
2703,31,0.5332208310606127,0.4038413194525433,-0.12937951160806938,Anesthesiology and Pain Medicine,Physics and Astronomy
2703,32,7.057062866885763,8.603251981951864,1.5461891150661007,Anesthesiology and Pain Medicine,Psychology
2703,33,1.4569959646466601,1.6615611483010544,0.20456518365439424,Anesthesiology and Pain Medicine,Social Sciences
2703,34,5.0949300334885645,3.908896300961237,-1.1860337325273274,Anesthesiology and Pain Medicine,Veterinary
2703,35,4.919561291063434,5.665311242247776,0.745749951184342,Anesthesiology and Pain Medicine,Dentistry
2703,36,11.85679925209288,12.858260961962593,1.0014617098697123,Anesthesiology and Pain Medicine,Health Professions
2704,11,28.931341222204527,36.6804523338203,7.749111111615772,Biochemistry,Agricultural and Biological Sciences
2704,12,0.06735951017759634,0.0705528089787168,0.003193298801120459,Biochemistry,Arts and Humanities
2704,13,30.891107086143084,25.08728003943446,-5.803827046708623,Biochemistry,"Biochemistry, Genetics and Molecular Biology"
2704,14,1.2285743626072865,0.8772378888256734,-0.35133647378161303,Biochemistry,"Business, Management and Accounting"
2704,15,0.2706286639570066,0.4222661624838344,0.15163749852682784,Biochemistry,Chemical Engineering
2704,16,9.458787320457736,7.750268541070297,-1.7085187793874388,Biochemistry,Chemistry
2704,17,0.429219680406955,0.6126872102914104,0.18346752988445536,Biochemistry,Computer Science
2704,18,0.05917397535707535,0.042385337713449635,-0.016788637643625717,Biochemistry,Decision Sciences
2704,19,0.29259566285716837,0.289666673745793,-0.0029289891113753463,Biochemistry,Earth and Planetary Sciences
2704,20,0.11510350236710784,0.08620140412608744,-0.0289020982410204,Biochemistry,"Economics, Econometrics and Finance"
2704,21,0.8677857532998868,1.1363339141942816,0.2685481608943948,Biochemistry,Energy
2704,22,2.454380526166178,3.5271933462173437,1.0728128200511655,Biochemistry,Engineering
2704,23,2.7402194020987714,2.6516991579938054,-0.08852024410496595,Biochemistry,Environmental Science
2704,24,3.195156544632745,2.0929101804171246,-1.1022463642156204,Biochemistry,Immunology and Microbiology
2704,25,1.7161643476798474,3.4538685003839498,1.7377041527041024,Biochemistry,Materials Science
2704,26,0.035004323450664294,0.023741154352153748,-0.011263169098510547,Biochemistry,Mathematics
2704,27,0.0,0.0,0.0,Biochemistry,Medicine
2704,28,3.8657453227109895,3.059613323213908,-0.8061319994970813,Biochemistry,Neuroscience
2704,29,8.543823121010483,7.233216602265245,-1.3106065187452378,Biochemistry,Nursing
2704,30,3.2730828361241047,3.586512699393841,0.3134298632697363,Biochemistry,"Pharmacology, Toxicology and Pharmaceutics"
2704,31,0.2972093279378257,0.16176176355196284,-0.13544756438586283,Biochemistry,Physics and Astronomy
2704,32,0.18972581434909372,0.1778686389857922,-0.011857175363301525,Biochemistry,Psychology
2704,33,0.15993046760239732,0.1337284231022446,-0.026202044500152732,Biochemistry,Social Sciences
2704,34,0.16156757456650153,0.13929485194752356,-0.022272722618977975,Biochemistry,Veterinary
2704,35,0.20475743283768683,0.23612612320586063,0.0313686903681738,Biochemistry,Dentistry
2704,36,0.5515562189972869,0.4671329202849386,-0.08442329871234833,Biochemistry,Health Professions
2705,11,4.45640153541026,4.546400770264867,0.08999923485460748,Cardiology and Cardiovascular Medicine,Agricultural and Biological Sciences
2705,12,0.21795982454576515,0.19995755817351687,-0.018002266372248277,Cardiology and Cardiovascular Medicine,Arts and Humanities
2705,13,38.73545000074282,32.145908990433675,-6.589541010309148,Cardiology and Cardiovascular Medicine,"Biochemistry, Genetics and Molecular Biology"
2705,14,0.49731841749491174,0.6845038478527428,0.18718543035783103,Cardiology and Cardiovascular Medicine,"Business, Management and Accounting"
2705,15,0.17890370816062753,0.17710815129236118,-0.0017955568682663514,Cardiology and Cardiovascular Medicine,Chemical Engineering
2705,16,1.6227032914382493,1.3688246479708022,-0.25387864346744715,Cardiology and Cardiovascular Medicine,Chemistry
2705,17,1.396189422976928,2.5905167892013448,1.1943273662244167,Cardiology and Cardiovascular Medicine,Computer Science
2705,18,0.43410902378511684,0.4589701027503743,0.024861078965257466,Cardiology and Cardiovascular Medicine,Decision Sciences
2705,19,0.0843333556179525,0.10137057306943656,0.017037217451484066,Cardiology and Cardiovascular Medicine,Earth and Planetary Sciences
2705,20,2.4510759756949088,2.589790910253463,0.13871493455855433,Cardiology and Cardiovascular Medicine,"Economics, Econometrics and Finance"
2705,21,0.0361312601209312,0.05894768255887099,0.02281642243793979,Cardiology and Cardiovascular Medicine,Energy
2705,22,8.637077335056677,10.671922787688235,2.034845452631558,Cardiology and Cardiovascular Medicine,Engineering
2705,23,1.489401806539793,1.9484547678317212,0.4590529612919283,Cardiology and Cardiovascular Medicine,Environmental Science
2705,24,4.689484723893568,4.637987757515025,-0.05149696637854362,Cardiology and Cardiovascular Medicine,Immunology and Microbiology
2705,25,1.456079336958298,1.7641698829416046,0.30809054598330654,Cardiology and Cardiovascular Medicine,Materials Science
2705,26,0.37093444979275303,0.4329142045168354,0.06197975472408235,Cardiology and Cardiovascular Medicine,Mathematics
2705,27,0.0,0.0,0.0,Cardiology and Cardiovascular Medicine,Medicine
2705,28,13.964401249424313,13.286387270178835,-0.6780139792454776,Cardiology and Cardiovascular Medicine,Neuroscience
2705,29,3.4677304786736194,3.265773570457156,-0.2019569082164634,Cardiology and Cardiovascular Medicine,Nursing
2705,30,1.2846038351829567,1.2764612858459539,-0.008142549337002869,Cardiology and Cardiovascular Medicine,"Pharmacology, Toxicology and Pharmaceutics"
2705,31,0.9864890211109626,0.7511269112866097,-0.2353621098243529,Cardiology and Cardiovascular Medicine,Physics and Astronomy
2705,32,4.689182953009166,6.478551665728073,1.7893687127189066,Cardiology and Cardiovascular Medicine,Psychology
2705,33,1.701024442513111,2.286518685828356,0.585494243315245,Cardiology and Cardiovascular Medicine,Social Sciences
2705,34,0.4455066779575404,0.3764471343624656,-0.06905954359507482,Cardiology and Cardiovascular Medicine,Veterinary
2705,35,0.3192155628351978,0.4012343224349237,0.08201875959972588,Cardiology and Cardiovascular Medicine,Dentistry
2705,36,6.38829231106357,7.499749729562752,1.1114574184991817,Cardiology and Cardiovascular Medicine,Health Professions
2706,11,1.8856024826024325,1.7264835633983209,-0.1591189192041116,Critical Care and Intensive Care Medicine,Agricultural and Biological Sciences
2706,12,0.427657141219002,0.3477606782004107,-0.07989646301859132,Critical Care and Intensive Care Medicine,Arts and Humanities
2706,13,22.257521881978096,19.251011404988922,-3.006510476989174,Critical Care and Intensive Care Medicine,"Biochemistry, Genetics and Molecular Biology"
2706,14,1.7765637334048654,1.4356461810567405,-0.34091755234812493,Critical Care and Intensive Care Medicine,"Business, Management and Accounting"
2706,15,0.21387976251053273,0.15438411026855597,-0.059495652241976754,Critical Care and Intensive Care Medicine,Chemical Engineering
2706,16,0.7224201073596549,0.745898473235886,0.02347836587623109,Critical Care and Intensive Care Medicine,Chemistry
2706,17,0.4778252042300891,1.2111244383906972,0.733299234160608,Critical Care and Intensive Care Medicine,Computer Science
2706,18,0.4437313981429626,0.37390473479843056,-0.06982666334453203,Critical Care and Intensive Care Medicine,Decision Sciences
2706,19,0.10443147810471201,0.12063672772367805,0.016205249618966036,Critical Care and Intensive Care Medicine,Earth and Planetary Sciences
2706,20,1.0400146613604555,1.2686169672081158,0.22860230584766028,Critical Care and Intensive Care Medicine,"Economics, Econometrics and Finance"
2706,21,0.03859869337791807,0.05529691597714936,0.016698222599231295,Critical Care and Intensive Care Medicine,Energy
2706,22,7.1768997570432385,8.173209457399013,0.9963097003557744,Critical Care and Intensive Care Medicine,Engineering
2706,23,3.559884797745918,3.489723312122629,-0.07016148562328883,Critical Care and Intensive Care Medicine,Environmental Science
2706,24,8.54751171526655,7.980971355384334,-0.5665403598822163,Critical Care and Intensive Care Medicine,Immunology and Microbiology
2706,25,0.8670884196752999,1.1988859297810486,0.33179751010574865,Critical Care and Intensive Care Medicine,Materials Science
2706,26,0.21817988219719736,0.418020289089024,0.19984040689182664,Critical Care and Intensive Care Medicine,Mathematics
2706,27,0.0,0.0,0.0,Critical Care and Intensive Care Medicine,Medicine
2706,28,18.44823014240563,17.85443900058956,-0.5937911418160695,Critical Care and Intensive Care Medicine,Neuroscience
2706,29,3.0909669842953487,2.952773994185692,-0.13819299010965658,Critical Care and Intensive Care Medicine,Nursing
2706,30,1.053324555628703,1.0331578198377687,-0.02016673579093431,Critical Care and Intensive Care Medicine,"Pharmacology, Toxicology and Pharmaceutics"
2706,31,0.5733492915552817,0.6275386773465612,0.05418938579127952,Critical Care and Intensive Care Medicine,Physics and Astronomy
2706,32,6.5189814449835515,8.562280184594115,2.043298739610564,Critical Care and Intensive Care Medicine,Psychology
2706,33,1.2237935860643359,1.6753745756164995,0.45158098955216364,Critical Care and Intensive Care Medicine,Social Sciences
2706,34,1.1620561534200797,0.898290268149383,-0.2637658852706968,Critical Care and Intensive Care Medicine,Veterinary
2706,35,1.6903565720674463,1.5085079997560429,-0.1818485723114034,Critical Care and Intensive Care Medicine,Dentistry
2706,36,16.481130153360695,16.936062940901422,0.4549327875407272,Critical Care and Intensive Care Medicine,Health Professions
2707,11,17.770263548623127,19.227636948180223,1.4573733995570954,Complementary and alternative medicine,Agricultural and Biological Sciences
2707,12,0.8968109566014527,0.5573338993279258,-0.33947705727352695,Complementary and alternative medicine,Arts and Humanities
2707,13,26.559726810147744,25.188311856810465,-1.371414953337279,Complementary and alternative medicine,"Biochemistry, Genetics and Molecular Biology"
2707,14,0.1870138128969337,0.21792011625067614,0.030906303353742448,Complementary and alternative medicine,"Business, Management and Accounting"
2707,15,0.174509036444218,0.2609019939998363,0.08639295755561832,Complementary and alternative medicine,Chemical Engineering
2707,16,4.025887211565013,4.137022367210283,0.11113515564526999,Complementary and alternative medicine,Chemistry
2707,17,0.9394852494772631,1.7338297318822402,0.7943444824049771,Complementary and alternative medicine,Computer Science
2707,18,0.28742391378119336,0.2261039722307794,-0.06131994155041395,Complementary and alternative medicine,Decision Sciences
2707,19,0.18524733889989578,0.19237051709328065,0.0071231781933848715,Complementary and alternative medicine,Earth and Planetary Sciences
2707,20,0.7638605452454422,0.649868027005394,-0.11399251824004819,Complementary and alternative medicine,"Economics, Econometrics and Finance"
2707,21,0.11793538238118835,0.2800974610751191,0.1621620786939308,Complementary and alternative medicine,Energy
2707,22,5.046583778748202,4.994663859759315,-0.05191991898888659,Complementary and alternative medicine,Engineering
2707,23,2.0955495082229363,2.441284160113483,0.34573465189054664,Complementary and alternative medicine,Environmental Science
2707,24,2.7064705942511496,2.934461286036412,0.22799069178526254,Complementary and alternative medicine,Immunology and Microbiology
2707,25,1.202829333509361,3.519673524028267,2.316844190518906,Complementary and alternative medicine,Materials Science
2707,26,0.10859166466001419,0.09507910728103694,-0.013512557378977247,Complementary and alternative medicine,Mathematics
2707,27,0.0,0.0,0.0,Complementary and alternative medicine,Medicine
2707,28,12.048142924481377,9.78479785543052,-2.2633450690508568,Complementary and alternative medicine,Neuroscience
2707,29,2.779174945076605,2.777537511003294,-0.0016374340733107395,Complementary and alternative medicine,Nursing
2707,30,6.338945452212695,7.114831475775453,0.7758860235627587,Complementary and alternative medicine,"Pharmacology, Toxicology and Pharmaceutics"
2707,31,0.16023778599446442,0.10000272795199336,-0.06023505804247106,Complementary and alternative medicine,Physics and Astronomy
2707,32,6.075787312811864,6.006684147737896,-0.06910316507396796,Complementary and alternative medicine,Psychology
2707,33,2.0404169250522273,1.5646634405862034,-0.47575348446602383,Complementary and alternative medicine,Social Sciences
2707,34,0.4817360534553626,0.29135857997457015,-0.19037747348079243,Complementary and alternative medicine,Veterinary
2707,35,0.29923139786665726,0.44382448223803844,0.1445930843713812,Complementary and alternative medicine,Dentistry
2707,36,6.708138517593616,5.259740951017293,-1.4483975665763227,Complementary and alternative medicine,Health Professions
2708,11,7.136936639877092,8.090350787756888,0.953414147879796,Dermatology,Agricultural and Biological Sciences
2708,12,0.6326591250027176,0.48481747729410224,-0.14784164770861535,Dermatology,Arts and Humanities
2708,13,34.969454086919974,30.602121321650692,-4.367332765269282,Dermatology,"Biochemistry, Genetics and Molecular Biology"
2708,14,0.16083709571052765,0.16190549941328666,0.0010684037027590132,Dermatology,"Business, Management and Accounting"
2708,15,0.26637087014182287,0.22571555426786696,-0.040655315873955905,Dermatology,Chemical Engineering
2708,16,2.126029973403677,2.148782654126414,0.02275268072273695,Dermatology,Chemistry
2708,17,0.7331653247722645,1.035794723278288,0.30262939850602355,Dermatology,Computer Science
2708,18,0.09208161520121169,0.08542742214121045,-0.006654193060001243,Dermatology,Decision Sciences
2708,19,0.1867449579314293,0.2114946774895167,0.024749719558087385,Dermatology,Earth and Planetary Sciences
2708,20,0.5024857053823131,0.5587415177884575,0.05625581240614441,Dermatology,"Economics, Econometrics and Finance"
2708,21,0.11323366355289191,0.29238613031349475,0.17915246676060284,Dermatology,Energy
2708,22,3.6944973874729143,5.02869409239034,1.3341967049174253,Dermatology,Engineering
2708,23,4.131986969975868,4.153272446458706,0.02128547648283785,Dermatology,Environmental Science
2708,24,15.338315010616787,15.331514995362891,-0.006800015253896063,Dermatology,Immunology and Microbiology
2708,25,2.5118850053265116,3.8496689866174605,1.3377839812909489,Dermatology,Materials Science
2708,26,0.11341483741457653,0.14672430480651333,0.0333094673919368,Dermatology,Mathematics
2708,27,0.0,0.0,0.0,Dermatology,Medicine
2708,28,4.97000666719811,5.1871465340801475,0.21713986688203768,Dermatology,Neuroscience
2708,29,2.1421091536281875,1.9191645316621895,-0.22294462196599807,Dermatology,Nursing
2708,30,5.770478081586213,6.509933261997383,0.73945518041117,Dermatology,"Pharmacology, Toxicology and Pharmaceutics"
2708,31,0.3294193740080731,0.3396255945542215,0.010206220546148392,Dermatology,Physics and Astronomy
2708,32,1.884978150432281,2.2908483958503645,0.4058702454180836,Dermatology,Psychology
2708,33,1.359709831943126,1.3046224183540849,-0.05508741358904112,Dermatology,Social Sciences
2708,34,1.7012678546840692,1.5019779482421383,-0.1992899064419309,Dermatology,Veterinary
2708,35,4.5827475378472196,4.635597183857752,0.052849646010532325,Dermatology,Dentistry
2708,36,4.549185079970142,3.9036715402455924,-0.6455135397245497,Dermatology,Health Professions
2711,11,2.6555532005186953,2.188301683675948,-0.46725151684274735,Emergency Medicine,Agricultural and Biological Sciences
2711,12,0.5450363034963801,0.4786167948489227,-0.06641950864745738,Emergency Medicine,Arts and Humanities
2711,13,14.593009505799447,11.635537623763023,-2.9574718820364243,Emergency Medicine,"Biochemistry, Genetics and Molecular Biology"
2711,14,1.3627795812954266,1.6970071637859696,0.33422758249054296,Emergency Medicine,"Business, Management and Accounting"
2711,15,0.11711718941404115,0.1130757228318204,-0.004041466582220751,Emergency Medicine,Chemical Engineering
2711,16,0.9441127723824355,0.771576801854346,-0.17253597052808956,Emergency Medicine,Chemistry
2711,17,0.6482750351563994,1.3880148447011358,0.7397398095447364,Emergency Medicine,Computer Science
2711,18,0.7108697119653549,0.8500828517649375,0.1392131397995826,Emergency Medicine,Decision Sciences
2711,19,0.10970590415083901,0.1040139812217188,-0.005691922929120213,Emergency Medicine,Earth and Planetary Sciences
2711,20,4.20871312236504,4.353752966032192,0.14503984366715184,Emergency Medicine,"Economics, Econometrics and Finance"
2711,21,0.021336948655843044,0.042324432568335006,0.02098748391249196,Emergency Medicine,Energy
2711,22,8.90709033412623,11.39030424143965,2.4832139073134183,Emergency Medicine,Engineering
2711,23,2.0055315567333887,2.0627878491629543,0.05725629242956565,Emergency Medicine,Environmental Science
2711,24,10.894400514352638,7.624366413264647,-3.270034101087991,Emergency Medicine,Immunology and Microbiology
2711,25,0.5321491641533598,0.7104100459861604,0.17826088183280064,Emergency Medicine,Materials Science
2711,26,0.31981820164455005,0.45347917509397745,0.1336609734494274,Emergency Medicine,Mathematics
2711,27,0.0,0.0,0.0,Emergency Medicine,Medicine
2711,28,9.266466860933605,7.615674983210728,-1.6507918777228765,Emergency Medicine,Neuroscience
2711,29,2.244911350170955,2.03259656581776,-0.21231478435319495,Emergency Medicine,Nursing
2711,30,3.436381668917589,3.0630429284760656,-0.37333874044152315,Emergency Medicine,"Pharmacology, Toxicology and Pharmaceutics"
2711,31,0.21577697412800564,0.21830955388566828,0.002532579757662634,Emergency Medicine,Physics and Astronomy
2711,32,8.557674197067492,10.098766448640292,1.5410922515728007,Emergency Medicine,Psychology
2711,33,5.155044559762575,6.1571702446387055,1.0021256848761304,Emergency Medicine,Social Sciences
2711,34,0.6400612540366721,0.4940609650449852,-0.14600028899168693,Emergency Medicine,Veterinary
2711,35,0.7947541317915342,0.7943836371086161,-0.00037049468291805443,Emergency Medicine,Dentistry
2711,36,21.113429956981502,23.662342081181443,2.5489121241999406,Emergency Medicine,Health Professions
2712,11,5.3592260361409,7.189840470637805,1.8306144344969058,"Endocrinology, Diabetes and Metabolism",Agricultural and Biological Sciences
2712,12,0.19319782809063996,0.16736930438277633,-0.02582852370786362,"Endocrinology, Diabetes and Metabolism",Arts and Humanities
2712,13,47.737814917648045,43.009365266275566,-4.728449651372479,"Endocrinology, Diabetes and Metabolism","Biochemistry, Genetics and Molecular Biology"
2712,14,0.34892344904104095,0.5099640383661378,0.16104058932509685,"Endocrinology, Diabetes and Metabolism","Business, Management and Accounting"
2712,15,0.1293562899998625,0.15555569286610865,0.02619940286624614,"Endocrinology, Diabetes and Metabolism",Chemical Engineering
2712,16,2.1126075493851,2.336373388979416,0.22376583959431562,"Endocrinology, Diabetes and Metabolism",Chemistry
2712,17,0.6053791359835138,1.4482193077076533,0.8428401717241395,"Endocrinology, Diabetes and Metabolism",Computer Science
2712,18,0.16616699400263096,0.19121720509076914,0.02505021108813818,"Endocrinology, Diabetes and Metabolism",Decision Sciences
2712,19,0.06675993428550009,0.08947008522866032,0.02271015094316023,"Endocrinology, Diabetes and Metabolism",Earth and Planetary Sciences
2712,20,1.0942169839244362,1.1912401555689336,0.09702317164449736,"Endocrinology, Diabetes and Metabolism","Economics, Econometrics and Finance"
2712,21,0.05717462411705545,0.10349782941439206,0.04632320529733661,"Endocrinology, Diabetes and Metabolism",Energy
2712,22,2.2301346068090204,3.620813082478722,1.3906784756697017,"Endocrinology, Diabetes and Metabolism",Engineering
2712,23,1.8324933972907427,2.1214406897854485,0.28894729249470585,"Endocrinology, Diabetes and Metabolism",Environmental Science
2712,24,3.932623181612184,3.7861447963321604,-0.14647838528002355,"Endocrinology, Diabetes and Metabolism",Immunology and Microbiology
2712,25,0.865544428755723,1.4596651230998916,0.5941206943441686,"Endocrinology, Diabetes and Metabolism",Materials Science
2712,26,0.2157667586631618,0.2649014806589259,0.049134721995764075,"Endocrinology, Diabetes and Metabolism",Mathematics
2712,27,0.0,0.0,0.0,"Endocrinology, Diabetes and Metabolism",Medicine
2712,28,13.245925854058918,10.464079265066841,-2.7818465889920763,"Endocrinology, Diabetes and Metabolism",Neuroscience
2712,29,5.021690817584154,4.905149793063188,-0.11654102452096549,"Endocrinology, Diabetes and Metabolism",Nursing
2712,30,2.8511044637972303,3.0112277858496768,0.1601233220524465,"Endocrinology, Diabetes and Metabolism","Pharmacology, Toxicology and Pharmaceutics"
2712,31,0.17672510290264984,0.18001413514065406,0.0032890322380042247,"Endocrinology, Diabetes and Metabolism",Physics and Astronomy
2712,32,4.167716208409288,4.263176369716903,0.09546016130761537,"Endocrinology, Diabetes and Metabolism",Psychology
2712,33,1.435747162605513,1.6854625198094992,0.2497153572039863,"Endocrinology, Diabetes and Metabolism",Social Sciences
2712,34,0.609205477661039,0.508647328240681,-0.10055814942035801,"Endocrinology, Diabetes and Metabolism",Veterinary
2712,35,0.41223319049189117,0.5905113896161445,0.1782781991242533,"Endocrinology, Diabetes and Metabolism",Dentistry
2712,36,5.132265606739757,6.746653496623043,1.614387889883286,"Endocrinology, Diabetes and Metabolism",Health Professions
2713,11,6.468567318523226,5.777234483325245,-0.691332835197981,Epidemiology,Agricultural and Biological Sciences
2713,12,0.2576799773495257,0.23392121901555035,-0.02375875833397534,Epidemiology,Arts and Humanities
2713,13,33.146161702722765,34.81374184041323,1.6675801376904644,Epidemiology,"Biochemistry, Genetics and Molecular Biology"
2713,14,0.40269513651803174,0.5092352351420044,0.10654009862397268,Epidemiology,"Business, Management and Accounting"
2713,15,0.05360115839933468,0.06068412380635723,0.007082965407022551,Epidemiology,Chemical Engineering
2713,16,1.574078819531927,1.5528394448922682,-0.02123937463965886,Epidemiology,Chemistry
2713,17,0.7375249470227535,1.5472320717156942,0.8097071246929407,Epidemiology,Computer Science
2713,18,0.28584181887450716,0.30571419221501855,0.019872373340511396,Epidemiology,Decision Sciences
2713,19,0.08056462368921055,0.097073935268701,0.016509311579490454,Epidemiology,Earth and Planetary Sciences
2713,20,1.1116393920695533,1.427413535713272,0.3157741436437187,Epidemiology,"Economics, Econometrics and Finance"
2713,21,0.03952896367739083,0.06848950461686208,0.02896054093947125,Epidemiology,Energy
2713,22,2.679220220074233,3.3955886064272587,0.7163683863530257,Epidemiology,Engineering
2713,23,2.1528887237275645,2.545827490597706,0.3929387668701416,Epidemiology,Environmental Science
2713,24,18.75523380640302,14.44709350425206,-4.30814030215096,Epidemiology,Immunology and Microbiology
2713,25,0.7521265215378751,1.133433243240849,0.38130672170297386,Epidemiology,Materials Science
2713,26,0.72550628050951,0.9933677250499595,0.26786144454044947,Epidemiology,Mathematics
2713,27,0.0,0.0,0.0,Epidemiology,Medicine
2713,28,7.407343847358979,7.0474013647948555,-0.359942482564124,Epidemiology,Neuroscience
2713,29,2.4835591215716044,2.4414854078767347,-0.042073713694869674,Epidemiology,Nursing
2713,30,1.507760911375598,1.7335125729781797,0.22575166160258164,Epidemiology,"Pharmacology, Toxicology and Pharmaceutics"
2713,31,0.31558016505829256,0.34030892106210725,0.02472875600381469,Epidemiology,Physics and Astronomy
2713,32,5.239108926989626,5.465453170155933,0.22634424316630675,Epidemiology,Psychology
2713,33,4.211146446404339,4.907135985463292,0.695989539058953,Epidemiology,Social Sciences
2713,34,1.520809250673374,1.1391129362925696,-0.3816963143808043,Epidemiology,Veterinary
2713,35,1.1737280792408251,1.1018707834445651,-0.07185729579625999,Epidemiology,Dentistry
2713,36,6.918103840696939,6.914828702239728,-0.0032751384572113906,Epidemiology,Health Professions
2714,11,0.35273446662742475,0.37744110911411227,0.024706642486687524,Family Practice,Agricultural and Biological Sciences
2714,12,2.1179558218890104,1.6879126441106618,-0.43004317777834866,Family Practice,Arts and Humanities
2714,13,3.6700759905996487,4.0262327398112125,0.3561567492115638,Family Practice,"Biochemistry, Genetics and Molecular Biology"
2714,14,2.847323953635555,2.546104173413128,-0.3012197802224268,Family Practice,"Business, Management and Accounting"
2714,15,0.013941199120155434,0.02847041449427137,0.014529215374115936,Family Practice,Chemical Engineering
2714,16,0.17415434456448137,0.22102032304763297,0.046865978483151605,Family Practice,Chemistry
2714,17,2.3421214521861127,3.77124771175287,1.4291262595667575,Family Practice,Computer Science
2714,18,3.457196092923624,2.498154001633303,-0.9590420912903213,Family Practice,Decision Sciences
2714,19,0.03252946461369601,0.02505729462799907,-0.0074721699856969415,Family Practice,Earth and Planetary Sciences
2714,20,11.050059969285105,9.951408827659924,-1.0986511416251812,Family Practice,"Economics, Econometrics and Finance"
2714,21,0.009294132746770288,0.013735726291095837,0.004441593544325549,Family Practice,Energy
2714,22,1.9114933015857563,2.498320495285316,0.5868271936995597,Family Practice,Engineering
2714,23,0.3865916644906594,0.6693044810933971,0.2827128166027377,Family Practice,Environmental Science
2714,24,1.7647787775117396,2.1894747708006763,0.4246959932889367,Family Practice,Immunology and Microbiology
2714,25,0.044479063859543526,0.10996905715477334,0.06548999329522981,Family Practice,Materials Science
2714,26,0.9893825597811896,0.7741954818617653,-0.21518707791942426,Family Practice,Mathematics
2714,27,0.0,0.0,0.0,Family Practice,Medicine
2714,28,3.124820202789125,2.983982478208062,-0.14083772458106303,Family Practice,Neuroscience
2714,29,1.954423343320838,1.9655408088428108,0.011117465521972791,Family Practice,Nursing
2714,30,2.810368711523397,2.236176240190402,-0.5741924713329949,Family Practice,"Pharmacology, Toxicology and Pharmaceutics"
2714,31,0.0728040398497006,0.0986474888178701,0.025843448968169494,Family Practice,Physics and Astronomy
2714,32,13.075517041456258,13.32223930632085,0.2467222648645908,Family Practice,Psychology
2714,33,11.051608991409566,12.353579238907567,1.3019702474980015,Family Practice,Social Sciences
2714,34,0.10621865996308902,0.10514074124638813,-0.0010779187167008902,Family Practice,Veterinary
2714,35,0.48617165820605535,0.7721975580376059,0.2860258998315506,Family Practice,Dentistry
2714,36,36.1539550960615,34.774446887276305,-1.3795082087851966,Family Practice,Health Professions
2715,11,6.627538576525927,8.473539527185558,1.846000950659631,Gastroenterology,Agricultural and Biological Sciences
2715,12,0.26197072557336837,0.1660016332274727,-0.09596909234589568,Gastroenterology,Arts and Humanities
2715,13,29.6006603800821,35.26338137022338,5.662720990141278,Gastroenterology,"Biochemistry, Genetics and Molecular Biology"
2715,14,0.18273794694077003,0.1990412267154581,0.016303279774688068,Gastroenterology,"Business, Management and Accounting"
2715,15,0.16049716697372488,0.14573139614160055,-0.014765770832124325,Gastroenterology,Chemical Engineering
2715,16,1.4302532348038266,1.2275101942772746,-0.202743040526552,Gastroenterology,Chemistry
2715,17,0.6107660344796245,0.9504240899712779,0.3396580554916534,Gastroenterology,Computer Science
2715,18,0.11847492405522128,0.09639524640616287,-0.02207967764905841,Gastroenterology,Decision Sciences
2715,19,0.05880975472055208,0.060408878363843614,0.001599123643291532,Gastroenterology,Earth and Planetary Sciences
2715,20,0.6013564737243362,0.4529103193812488,-0.1484461543430874,Gastroenterology,"Economics, Econometrics and Finance"
2715,21,0.01999531660498771,0.04094230706551707,0.02094699046052936,Gastroenterology,Energy
2715,22,2.4239242359276276,3.201090127992706,0.7771658920650784,Gastroenterology,Engineering
2715,23,0.9280179294903119,1.2627375446313562,0.3347196151410443,Gastroenterology,Environmental Science
2715,24,8.438772095092165,6.875762645346306,-1.5630094497458593,Gastroenterology,Immunology and Microbiology
2715,25,0.9720717821173437,1.1420090841022852,0.1699373019849415,Gastroenterology,Materials Science
2715,26,0.18476955664929817,0.15997413982088074,-0.024795416828417433,Gastroenterology,Mathematics
2715,27,0.0,0.0,0.0,Gastroenterology,Medicine
2715,28,13.056514035749917,10.257945464132618,-2.7985685716172988,Gastroenterology,Neuroscience
2715,29,7.75240879408994,7.354211677531781,-0.39819711655815926,Gastroenterology,Nursing
2715,30,3.530723819768418,3.025623097711919,-0.5051007220564991,Gastroenterology,"Pharmacology, Toxicology and Pharmaceutics"
2715,31,0.27266340824983243,0.34950532138371604,0.07684191313388361,Gastroenterology,Physics and Astronomy
2715,32,4.278356192506782,3.6172997097427064,-0.6610564827640752,Gastroenterology,Psychology
2715,33,0.49688896397528276,0.5005498413429791,0.0036608773676963247,Gastroenterology,Social Sciences
2715,34,2.3814742857020654,1.7794499979238634,-0.602024287778202,Gastroenterology,Veterinary
2715,35,0.6294782291634365,0.7054846171671049,0.07600638800366832,Gastroenterology,Dentistry
2715,36,14.980876137033144,12.692070542210985,-2.2888055948221595,Gastroenterology,Health Professions
2716,11,1.6733487061046084,1.42968846127894,-0.2436602448256684,Genetics,Agricultural and Biological Sciences
2716,12,0.08171666064234456,0.06736394740080098,-0.01435271324154358,Genetics,Arts and Humanities
2716,13,53.46912760883203,52.579539320401835,-0.8895882884301969,Genetics,"Biochemistry, Genetics and Molecular Biology"
2716,14,0.5173370161993276,0.48999178385587216,-0.027345232343455428,Genetics,"Business, Management and Accounting"
2716,15,0.053784516009120466,0.06065360021909717,0.006869084209976707,Genetics,Chemical Engineering
2716,16,1.5611199289402027,1.5365082578202212,-0.024611671119981526,Genetics,Chemistry
2716,17,0.509728731751635,0.8692070230171111,0.35947829126547604,Genetics,Computer Science
2716,18,0.05804936749883046,0.07305719944590643,0.015007831947075966,Genetics,Decision Sciences
2716,19,0.07255512781259717,0.06246452570621133,-0.010090602106385835,Genetics,Earth and Planetary Sciences
2716,20,0.21092586503429914,0.2950444148081114,0.08411854977381225,Genetics,"Economics, Econometrics and Finance"
2716,21,0.0592077222244307,0.08776786812890218,0.02856014590447148,Genetics,Energy
2716,22,4.259033389838228,6.574701420559411,2.3156680307211834,Genetics,Engineering
2716,23,0.9508512722552191,0.9122723195325927,-0.03857895272262646,Genetics,Environmental Science
2716,24,12.227855745873823,11.58826103523416,-0.6395947106396633,Genetics,Immunology and Microbiology
2716,25,4.283516796538414,5.029026902910579,0.7455101063721647,Genetics,Materials Science
2716,26,0.2976708382354993,0.40900868450403466,0.11133784626853538,Genetics,Mathematics
2716,27,0.0,0.0,0.0,Genetics,Medicine
2716,28,11.008634744692037,9.805851422742446,-1.2027833219495907,Genetics,Neuroscience
2716,29,3.6541879393685543,2.564158857360593,-1.0900290820079612,Genetics,Nursing
2716,30,0.8514697020474711,0.9219967413264111,0.07052703927894,Genetics,"Pharmacology, Toxicology and Pharmaceutics"
2716,31,0.6299606870201878,0.6842445513469316,0.054283864326743814,Genetics,Physics and Astronomy
2716,32,0.690010849045055,0.7256849763637013,0.035674127318646276,Genetics,Psychology
2716,33,0.4050819127911584,0.4203331705981115,0.015251257806953078,Genetics,Social Sciences
2716,34,0.2893254189624248,0.26762005691763613,-0.02170536204478868,Genetics,Veterinary
2716,35,0.7300004133220271,0.9512196211047738,0.22121920778274662,Genetics,Dentistry
2716,36,1.4554990389604714,1.5943338374156057,0.13883479845513436,Genetics,Health Professions
2717,11,2.7111484623052684,3.0200228564271963,0.30887439412192785,Geriatrics and Gerontology,Agricultural and Biological Sciences
2717,12,0.504441694362488,0.260375408989151,-0.24406628537333697,Geriatrics and Gerontology,Arts and Humanities
2717,13,24.024461912144908,27.961050143244048,3.9365882310991402,Geriatrics and Gerontology,"Biochemistry, Genetics and Molecular Biology"
2717,14,1.3021214631416589,0.8607480000626203,-0.4413734630790386,Geriatrics and Gerontology,"Business, Management and Accounting"
2717,15,0.04242123990364462,0.05682796624763217,0.014406726343987555,Geriatrics and Gerontology,Chemical Engineering
2717,16,1.8174943989923202,1.5819778637068116,-0.23551653528550864,Geriatrics and Gerontology,Chemistry
2717,17,0.9229377561069537,1.3080138390970144,0.3850760829900607,Geriatrics and Gerontology,Computer Science
2717,18,0.5986108297514295,0.4073140567027255,-0.19129677304870402,Geriatrics and Gerontology,Decision Sciences
2717,19,0.014842419635317737,0.020414233605210014,0.005571813969892278,Geriatrics and Gerontology,Earth and Planetary Sciences
2717,20,9.649277635482207,9.894140300890776,0.2448626654085686,Geriatrics and Gerontology,"Economics, Econometrics and Finance"
2717,21,0.020859616784770878,0.055137216838611704,0.034277600053840826,Geriatrics and Gerontology,Energy
2717,22,1.051003768771148,1.529502011678695,0.47849824290754706,Geriatrics and Gerontology,Engineering
2717,23,0.827665467907279,1.3097672088545171,0.4821017409472381,Geriatrics and Gerontology,Environmental Science
2717,24,3.054630132919885,4.286206302738075,1.2315761698181897,Geriatrics and Gerontology,Immunology and Microbiology
2717,25,0.4458743087744774,0.8630962631307044,0.417221954356227,Geriatrics and Gerontology,Materials Science
2717,26,0.4285247236602209,0.3312616434710459,-0.09726308018917496,Geriatrics and Gerontology,Mathematics
2717,27,0.0,0.0,0.0,Geriatrics and Gerontology,Medicine
2717,28,6.244246055225836,7.461339762355777,1.2170937071299415,Geriatrics and Gerontology,Neuroscience
2717,29,2.7741284591362114,2.9498254457786057,0.1756969866423943,Geriatrics and Gerontology,Nursing
2717,30,5.205376967372751,4.100223867745824,-1.1051530996269268,Geriatrics and Gerontology,"Pharmacology, Toxicology and Pharmaceutics"
2717,31,0.04633241805078916,0.05707844764156112,0.010746029590771963,Geriatrics and Gerontology,Physics and Astronomy
2717,32,5.856036552466951,5.371229080889836,-0.4848074715771151,Geriatrics and Gerontology,Psychology
2717,33,5.833070916679871,5.494810338619534,-0.3382605780603365,Geriatrics and Gerontology,Social Sciences
2717,34,0.05816623911138033,0.07257698389091535,0.014410744779535023,Geriatrics and Gerontology,Veterinary
2717,35,0.32101746792332486,0.5341202623792601,0.21310279445593527,Geriatrics and Gerontology,Dentistry
2717,36,26.245309093388908,20.212940495013854,-6.032368598375054,Geriatrics and Gerontology,Health Professions
2718,11,0.4304469474137313,0.4105444571451642,-0.019902490268567108,Health Informatics,Agricultural and Biological Sciences
2718,12,1.9585336107324773,0.9106668382525492,-1.047866772479928,Health Informatics,Arts and Humanities
2718,13,8.027835569266088,5.271471576041565,-2.7563639932245234,Health Informatics,"Biochemistry, Genetics and Molecular Biology"
2718,14,3.414879116148935,3.185441442532608,-0.22943767361632705,Health Informatics,"Business, Management and Accounting"
2718,15,0.035870578951144275,0.026747211098578614,-0.00912336785256566,Health Informatics,Chemical Engineering
2718,16,0.16500466317526363,0.23214560576124832,0.06714094258598469,Health Informatics,Chemistry
2718,17,13.279288327713608,33.56774992871616,20.288461601002552,Health Informatics,Computer Science
2718,18,9.247435253604994,4.897010620661463,-4.350424632943531,Health Informatics,Decision Sciences
2718,19,0.1291340842241194,0.20136107977986542,0.07222699555574602,Health Informatics,Earth and Planetary Sciences
2718,20,2.417677021307124,2.223046507344128,-0.1946305139629958,Health Informatics,"Economics, Econometrics and Finance"
2718,21,0.0,0.08503594471906598,0.08503594471906598,Health Informatics,Energy
2718,22,8.52284955879188,10.41324441147304,1.89039485268116,Health Informatics,Engineering
2718,23,0.7030633474424277,1.5124790879705678,0.8094157405281401,Health Informatics,Environmental Science
2718,24,0.9972020948418108,0.5785976891418939,-0.41860440569991686,Health Informatics,Immunology and Microbiology
2718,25,0.47349164215510436,0.5430188517371809,0.06952720958207653,Health Informatics,Materials Science
2718,26,0.7389339263935719,1.0055437379984506,0.26660981160487873,Health Informatics,Mathematics
2718,27,0.0,0.0,0.0,Health Informatics,Medicine
2718,28,3.608580242485114,3.0077995876892176,-0.6007806547958965,Health Informatics,Neuroscience
2718,29,0.3730540210919004,0.2508181870942183,-0.12223583399768206,Health Informatics,Nursing
2718,30,1.7433101370256117,0.3467044155608209,-1.3966057214647907,Health Informatics,"Pharmacology, Toxicology and Pharmaceutics"
2718,31,0.7676303895544874,0.6729699245274449,-0.0946604650270425,Health Informatics,Physics and Astronomy
2718,32,5.19405983212569,4.146322384640035,-1.0477374474856553,Health Informatics,Psychology
2718,33,22.828036444508214,13.347363002551077,-9.480673441957137,Health Informatics,Social Sciences
2718,34,0.1721787789654925,0.0671203599266218,-0.1050584190388707,Health Informatics,Veterinary
2718,35,1.9154889159911042,2.097637413797019,0.1821484978059149,Health Informatics,Dentistry
2718,36,12.856015496090107,10.999159733840017,-1.85685576225009,Health Informatics,Health Professions
2720,11,3.1105347072590686,3.2204821495922493,0.10994744233318077,Hematology,Agricultural and Biological Sciences
2720,12,0.0743788812543859,0.0636940144671278,-0.010684866787258093,Hematology,Arts and Humanities
2720,13,49.953243384652815,47.81340498845882,-2.139838396193994,Hematology,"Biochemistry, Genetics and Molecular Biology"
2720,14,0.7594830263030976,0.7237793080574466,-0.035703718245650995,Hematology,"Business, Management and Accounting"
2720,15,0.1293535985055871,0.1568385008146298,0.027484902309042714,Hematology,Chemical Engineering
2720,16,2.2140983055870276,2.2714157026378934,0.057317397050865804,Hematology,Chemistry
2720,17,0.4181451193131241,0.651357803881644,0.2332126845685199,Hematology,Computer Science
2720,18,0.11608771581511318,0.12037784263374879,0.004290126818635609,Hematology,Decision Sciences
2720,19,0.10965713539227327,0.12447886569803064,0.014821730305757369,Hematology,Earth and Planetary Sciences
2720,20,0.36802706419945236,0.4649406742158812,0.09691361001642884,Hematology,"Economics, Econometrics and Finance"
2720,21,0.1606745723832653,0.1922354561382127,0.031560883754947394,Hematology,Energy
2720,22,2.358561519631595,3.478603104397565,1.12004158476597,Hematology,Engineering
2720,23,2.233255139573949,2.2505389321012834,0.017283792527334363,Hematology,Environmental Science
2720,24,20.00630017005063,19.637633602040054,-0.36866656801057474,Hematology,Immunology and Microbiology
2720,25,2.213153954615841,3.337079361588613,1.1239254069727718,Hematology,Materials Science
2720,26,0.23161331795690118,0.30262987074985026,0.07101655279294908,Hematology,Mathematics
2720,27,0.0,0.0,0.0,Hematology,Medicine
2720,28,3.4194274130247138,3.1471507309240594,-0.27227668210065437,Hematology,Neuroscience
2720,29,6.242991847777819,5.268507436500464,-0.9744844112773547,Hematology,Nursing
2720,30,1.0284206921687897,1.2315500419009215,0.20312934973213181,Hematology,"Pharmacology, Toxicology and Pharmaceutics"
2720,31,0.23219791617715935,0.22899087535183893,-0.0032070408253204175,Hematology,Physics and Astronomy
2720,32,0.5497022034181458,0.766122371196157,0.2164201677780112,Hematology,Psychology
2720,33,0.48663304927106227,0.6215228610889934,0.13488981181793108,Hematology,Social Sciences
2720,34,0.36206865926220555,0.2977342744668638,-0.06433438479534176,Hematology,Veterinary
2720,35,0.6290951386385922,0.6616872557248039,0.03259211708621168,Hematology,Dentistry
2720,36,2.59289546776739,2.967243975372844,0.374348507605454,Hematology,Health Professions
2721,11,5.510717492144247,4.94281305358458,-0.5679044385596672,Hepatology,Agricultural and Biological Sciences
2721,12,0.06365264477031274,0.045696734898137,-0.01795590987217574,Hepatology,Arts and Humanities
2721,13,45.82546199311686,47.418767244602435,1.5933052514855746,Hepatology,"Biochemistry, Genetics and Molecular Biology"
2721,14,0.5378619257818346,0.4672016568574127,-0.07066026892442184,Hepatology,"Business, Management and Accounting"
2721,15,0.05938575490049379,0.0789307239149639,0.019544969014470115,Hepatology,Chemical Engineering
2721,16,1.6522215883585216,1.9320282389864953,0.2798066506279737,Hepatology,Chemistry
2721,17,0.7218642450995062,1.2432208027163834,0.5213565576168772,Hepatology,Computer Science
2721,18,0.09743706045189286,0.1117795508074236,0.014342490355530743,Hepatology,Decision Sciences
2721,19,0.04629283256022744,0.04558668857688923,-0.0007061439833382088,Hepatology,Earth and Planetary Sciences
2721,20,0.48215855528954066,0.7419598094327855,0.25980125414324484,Hepatology,"Economics, Econometrics and Finance"
2721,21,0.04085693176717043,0.06280893785216542,0.021952006084994986,Hepatology,Energy
2721,22,4.600291785126441,5.797817946519138,1.1975261613926973,Hepatology,Engineering
2721,23,1.708743266497082,1.7136413144702933,0.00489804797321125,Hepatology,Environmental Science
2721,24,17.28955465359868,13.404907460672883,-3.884647192925799,Hepatology,Immunology and Microbiology
2721,25,1.7168094418674247,2.338209210712019,0.6213997688445942,Hepatology,Materials Science
2721,26,0.4659677540026934,0.7018479253379729,0.2358801713352795,Hepatology,Mathematics
2721,27,0.0,0.0,0.0,Hepatology,Medicine
2721,28,3.24231024614694,2.5260307695016526,-0.7162794766452873,Hepatology,Neuroscience
2721,29,2.5551656254676045,2.3350453789761456,-0.2201202464914589,Hepatology,Nursing
2721,30,6.029933693700434,6.572378978621576,0.5424452849211425,Hepatology,"Pharmacology, Toxicology and Pharmaceutics"
2721,31,1.4325644358820888,1.5662342671589038,0.13366983127681498,Hepatology,Physics and Astronomy
2721,32,0.6788446431243453,0.7288092740436769,0.049964630919331565,Hepatology,Psychology
2721,33,1.6882271247942542,1.8053099000696868,0.11708277527543265,Hepatology,Social Sciences
2721,34,1.1026695533443065,0.7874639632687389,-0.3152055900755676,Hepatology,Veterinary
2721,35,0.4031334168786473,0.3651336939001049,-0.03799972297854237,Hepatology,Dentistry
2721,36,2.047873335328445,2.266376474517536,0.21850313918909103,Hepatology,Health Professions
2723,11,4.453671907366004,6.025894289715553,1.5722223823495494,Immunology and Allergy,Agricultural and Biological Sciences
2723,12,0.05874115438438465,0.06950279624940875,0.010761641865024096,Immunology and Allergy,Arts and Humanities
2723,13,52.4417081215681,46.666703764502934,-5.775004357065164,Immunology and Allergy,"Biochemistry, Genetics and Molecular Biology"
2723,14,0.047378191352785134,0.07189560668873989,0.02451741533595475,Immunology and Allergy,"Business, Management and Accounting"
2723,15,0.14983993096390355,0.13911688600762362,-0.010723044956279931,Immunology and Allergy,Chemical Engineering
2723,16,1.4409505094191892,1.5610769501868804,0.12012644076769119,Immunology and Allergy,Chemistry
2723,17,0.2757591178634313,0.4125835860623429,0.1368244681989116,Immunology and Allergy,Computer Science
2723,18,0.027041901291939632,0.03158880758279773,0.004546906290858098,Immunology and Allergy,Decision Sciences
2723,19,0.21155593833081,0.31535015720208115,0.10379421887127116,Immunology and Allergy,Earth and Planetary Sciences
2723,20,0.08439316534842478,0.13088116635597227,0.04648800100754749,Immunology and Allergy,"Economics, Econometrics and Finance"
2723,21,0.06088694997833478,0.0944325422219749,0.03354559224364013,Immunology and Allergy,Energy
2723,22,3.5800404921382194,5.362844662085084,1.7828041699468642,Immunology and Allergy,Engineering
2723,23,2.3428430279809307,3.3404561178969234,0.9976130899159927,Immunology and Allergy,Environmental Science
2723,24,18.164622999563772,17.152945104476782,-1.01167789508699,Immunology and Allergy,Immunology and Microbiology
2723,25,3.0310094285770717,3.9069771755562357,0.875967746979164,Immunology and Allergy,Materials Science
2723,26,0.13328316723331113,0.1700935792919878,0.03681041205867666,Immunology and Allergy,Mathematics
2723,27,0.0,0.0,0.0,Immunology and Allergy,Medicine
2723,28,6.679130162741527,6.396483125121727,-0.2826470376197996,Immunology and Allergy,Neuroscience
2723,29,1.2283704413730847,1.3622510967047847,0.13388065533170002,Immunology and Allergy,Nursing
2723,30,1.0226179047622763,1.5602978956252376,0.5376799908629613,Immunology and Allergy,"Pharmacology, Toxicology and Pharmaceutics"
2723,31,0.6571986687289063,0.6432579319811172,-0.013940736747789062,Immunology and Allergy,Physics and Astronomy
2723,32,0.36719927101471506,0.6100182706843623,0.24281899966964726,Immunology and Allergy,Psychology
2723,33,0.22845407863316725,0.4066108344230822,0.17815675578991497,Immunology and Allergy,Social Sciences
2723,34,0.6610513471816803,0.6961037997458799,0.03505245256419953,Immunology and Allergy,Veterinary
2723,35,0.7929933921687726,0.8759541099765357,0.08296071780776304,Immunology and Allergy,Dentistry
2723,36,1.8592587300352619,1.9966797436539514,0.13742101361868952,Immunology and Allergy,Health Professions
2724,11,2.7840300939588976,2.5213921342767813,-0.26263795968211623,Internal Medicine,Agricultural and Biological Sciences
2724,12,0.206444106176096,0.17237123580714167,-0.03407287036895432,Internal Medicine,Arts and Humanities
2724,13,24.924101431552906,22.805797816905272,-2.1183036146476333,Internal Medicine,"Biochemistry, Genetics and Molecular Biology"
2724,14,1.12513449932362,0.9663485272338325,-0.15878597208978762,Internal Medicine,"Business, Management and Accounting"
2724,15,0.16267004809498123,0.19527178980856782,0.032601741713586596,Internal Medicine,Chemical Engineering
2724,16,1.6891138153751435,1.4021446985903132,-0.2869691167848303,Internal Medicine,Chemistry
2724,17,0.5535300247676445,1.0451977401129944,0.4916677153453499,Internal Medicine,Computer Science
2724,18,1.654094568910252,1.5176073720585814,-0.13648719685167054,Internal Medicine,Decision Sciences
2724,19,0.07003849292978359,0.08954528001755252,0.01950678708776893,Internal Medicine,Earth and Planetary Sciences
2724,20,4.079177386604008,4.445312928528331,0.36613554192432307,Internal Medicine,"Economics, Econometrics and Finance"
2724,21,0.03699613941049053,0.04182436509242499,0.004828225681934459,Internal Medicine,Energy
2724,22,6.392142132954523,8.019307772475454,1.627165639520931,Internal Medicine,Engineering
2724,23,1.0539663532820658,1.44904283912018,0.39507648583811417,Internal Medicine,Environmental Science
2724,24,5.3390230195062856,6.548187153749109,1.2091641342428234,Internal Medicine,Immunology and Microbiology
2724,25,1.8800251912643926,2.251933519828863,0.3719083285644702,Internal Medicine,Materials Science
2724,26,0.6715787749476829,0.6955186221271461,0.02393984717946318,Internal Medicine,Mathematics
2724,27,0.0,0.0,0.0,Internal Medicine,Medicine
2724,28,3.6908591294328295,4.713811639515112,1.0229525100822823,Internal Medicine,Neuroscience
2724,29,2.6544023993832093,2.116038615544951,-0.5383637838382582,Internal Medicine,Nursing
2724,30,3.207932424150854,2.6641434918545337,-0.5437889322963203,Internal Medicine,"Pharmacology, Toxicology and Pharmaceutics"
2724,31,0.548728999042619,0.470489825023312,-0.07823917401930697,Internal Medicine,Physics and Astronomy
2724,32,0.6803335865639059,1.2311447534419395,0.5508111668780337,Internal Medicine,Psychology
2724,33,0.8209753989793585,1.2721463441391037,0.4511709451597452,Internal Medicine,Social Sciences
2724,34,0.6529394986034663,0.48996215237781804,-0.1629773462256483,Internal Medicine,Veterinary
2724,35,0.5927854704016764,0.5815643683835225,-0.01122110201815385,Internal Medicine,Dentistry
2724,36,34.52897701438331,32.29389501398717,-2.2350820003961402,Internal Medicine,Health Professions
2725,11,14.607858258652245,13.587658604378177,-1.0201996542740677,Infectious Diseases,Agricultural and Biological Sciences
2725,12,0.1418907063921042,0.12573560249509325,-0.016155103897010942,Infectious Diseases,Arts and Humanities
2725,13,30.507711170095515,28.242426255661496,-2.2652849144340195,Infectious Diseases,"Biochemistry, Genetics and Molecular Biology"
2725,14,0.22803711986476255,0.3338277210619363,0.10579060119717376,Infectious Diseases,"Business, Management and Accounting"
2725,15,0.07967562019371222,0.10106464151714659,0.02138902132343437,Infectious Diseases,Chemical Engineering
2725,16,2.3679284572122508,2.2598322712908896,-0.10809618592136117,Infectious Diseases,Chemistry
2725,17,0.5653669989967088,1.6493983672411963,1.0840313682444873,Infectious Diseases,Computer Science
2725,18,0.10292804456658096,0.14409246272002701,0.041164418153446056,Infectious Diseases,Decision Sciences
2725,19,0.09156702882600504,0.10496325180351924,0.013396222977514208,Infectious Diseases,Earth and Planetary Sciences
2725,20,0.7877501306357693,1.3312821757315716,0.5435320450958023,Infectious Diseases,"Economics, Econometrics and Finance"
2725,21,0.048944656047635225,0.09818947063854248,0.04924481459090726,Infectious Diseases,Energy
2725,22,1.3308724517538715,2.9756110486181853,1.6447385968643138,Infectious Diseases,Engineering
2725,23,4.979466369590072,5.3916652742542235,0.41219890466415166,Infectious Diseases,Environmental Science
2725,24,24.879584901793514,18.12194185138194,-6.757643050411573,Infectious Diseases,Immunology and Microbiology
2725,25,0.807204941903945,1.1193174665243162,0.3121125246203712,Infectious Diseases,Materials Science
2725,26,0.6577720485916265,2.6893082109025874,2.031536162310961,Infectious Diseases,Mathematics
2725,27,0.0,0.0,0.0,Infectious Diseases,Medicine
2725,28,1.2770587889602751,1.766599525861338,0.4895407369010629,Infectious Diseases,Neuroscience
2725,29,1.450454833120363,1.7334288138697203,0.2829739807493572,Infectious Diseases,Nursing
2725,30,1.197542286634078,1.3381253426191089,0.14058305598503096,Infectious Diseases,"Pharmacology, Toxicology and Pharmaceutics"
2725,31,0.1408935677556764,0.1688414826358543,0.027947914880177893,Infectious Diseases,Physics and Astronomy
2725,32,1.613274843019616,3.4229538117892324,1.8096789687696164,Infectious Diseases,Psychology
2725,33,3.688468855435477,5.204662078738138,1.5161932233026607,Infectious Diseases,Social Sciences
2725,34,2.126228416456861,1.4992259805817985,-0.6270024358750623,Infectious Diseases,Veterinary
2725,35,0.8869017778133259,1.2032004684923987,0.3162986906790728,Infectious Diseases,Dentistry
2725,36,5.4346177256880095,5.386647819191562,-0.047969906496447834,Infectious Diseases,Health Professions
2726,11,13.296332046332045,15.26419507523436,1.9678630289023147,Microbiology,Agricultural and Biological Sciences
2726,12,0.16562829062829063,0.18417223787686243,0.018543947248571807,Microbiology,Arts and Humanities
2726,13,37.36727799227799,36.48329250848727,-0.883985483790724,Microbiology,"Biochemistry, Genetics and Molecular Biology"
2726,14,0.05813443313443313,0.0251702058431712,-0.03296422729126193,Microbiology,"Business, Management and Accounting"
2726,15,0.16343453843453845,0.08778876672130442,-0.07564577171323403,Microbiology,Chemical Engineering
2726,16,2.591918216918217,1.6139627112609043,-0.9779555056573126,Microbiology,Chemistry
2726,17,0.1053001053001053,0.21057025863921272,0.10527015333910741,Microbiology,Computer Science
2726,18,0.026325026325026327,0.018417223787686243,-0.007907802537340084,Microbiology,Decision Sciences
2726,19,0.4519129519129519,0.5144544511360358,0.06254149922308394,Microbiology,Earth and Planetary Sciences
2726,20,0.029615654615654616,0.042359614711678366,0.01274396009602375,Microbiology,"Economics, Econometrics and Finance"
2726,21,0.1436907686907687,0.16636892154876573,0.02267815285799704,Microbiology,Energy
2726,22,1.7231923481923483,2.071323768655113,0.3481314204627646,Microbiology,Engineering
2726,23,9.294928044928046,9.66597295123733,0.3710449063092849,Microbiology,Environmental Science
2726,24,5.572130572130572,5.5337618407401274,-0.03836873139044439,Microbiology,Immunology and Microbiology
2726,25,0.995963495963496,0.7931684377896877,-0.20279505817380827,Microbiology,Materials Science
2726,26,0.01974376974376974,0.022100668545223492,0.0023568988014537502,Microbiology,Mathematics
2726,27,0.0,0.0,0.0,Microbiology,Medicine
2726,28,0.35100035100035104,0.3321239356379419,-0.018876415362409138,Microbiology,Neuroscience
2726,29,0.33454720954720957,0.3732557354304412,0.03870852588323165,Microbiology,Nursing
2726,30,0.6636100386100385,0.5101570989189089,-0.1534529396911296,Microbiology,"Pharmacology, Toxicology and Pharmaceutics"
2726,31,0.3137065637065637,0.46411403944969337,0.15040747574312968,Microbiology,Physics and Astronomy
2726,32,0.07678132678132678,0.044201337090446984,-0.032579989690879795,Microbiology,Psychology
2726,33,0.1349157599157599,0.11787023224119196,-0.017045527674567948,Microbiology,Social Sciences
2726,34,22.08230958230958,21.767930702125962,-0.31437888018361804,Microbiology,Veterinary
2726,35,3.557169182169182,3.2702850372334877,-0.28688414493569425,Microbiology,Dentistry
2726,36,0.4804317304317305,0.42298223965719406,-0.05744949077453643,Microbiology,Health Professions
2727,11,2.6904383732795467,3.031348240150775,0.3409098668712285,Nephrology,Agricultural and Biological Sciences
2727,12,0.21086031374402547,0.19461164919238885,-0.01624866455163662,Nephrology,Arts and Humanities
2727,13,44.173006826549226,43.69906733182536,-0.4739394947238651,Nephrology,"Biochemistry, Genetics and Molecular Biology"
2727,14,0.21837141093212714,0.2279076366589637,0.009536225726836572,Nephrology,"Business, Management and Accounting"
2727,15,0.5691335430333962,0.38933201997650524,-0.179801523056891,Nephrology,Chemical Engineering
2727,16,1.8468749866418495,1.5953262762148142,-0.2515487104270353,Nephrology,Chemistry
2727,17,0.25513304107226714,0.5975882289307068,0.3424551878584397,Nephrology,Computer Science
2727,18,0.2035934798791141,0.1938505980502957,-0.009742881828818412,Nephrology,Decision Sciences
2727,19,0.23711862098698258,0.22442854572368082,-0.012690075263301764,Nephrology,Earth and Planetary Sciences
2727,20,2.5240339843561554,2.3810028588342544,-0.143031125521901,Nephrology,"Economics, Econometrics and Finance"
2727,21,0.12304764905711305,0.2806919694427094,0.15764432038559636,Nephrology,Energy
2727,22,3.215238123153904,4.147103575255183,0.9318654521012788,Nephrology,Engineering
2727,23,2.695812166389733,3.703981547771452,1.0081693813817187,Nephrology,Environmental Science
2727,24,10.23921317898334,10.830654705117144,0.5914415261338046,Nephrology,Immunology and Microbiology
2727,25,1.612748591363948,1.9751723373130872,0.36242374594913906,Nephrology,Materials Science
2727,26,0.21305868365273814,0.22383057696917907,0.010771893316440934,Nephrology,Mathematics
2727,27,0.0,0.0,0.0,Nephrology,Medicine
2727,28,4.2859664003585785,3.902806158643285,-0.3831602417152933,Nephrology,Neuroscience
2727,29,9.368109102655936,7.574524574069574,-1.7935845285863614,Nephrology,Nursing
2727,30,2.037766773715068,2.4182128236030227,0.3804460498879547,Nephrology,"Pharmacology, Toxicology and Pharmaceutics"
2727,31,0.2504920379316515,0.16748561205635476,-0.08300642587529672,Nephrology,Physics and Astronomy
2727,32,1.1910279638758972,1.359019896594894,0.16799193271899693,Nephrology,Psychology
2727,33,0.6610986842145438,0.7480860922796254,0.08698740806508165,Nephrology,Social Sciences
2727,34,1.0548511611973055,0.770564281369305,-0.2842868798280005,Nephrology,Veterinary
2727,35,0.49780865266182905,0.5221354442717583,0.024326791609929233,Nephrology,Dentistry
2727,36,9.625196250313724,8.841267019685676,-0.7839292306280488,Nephrology,Health Professions
2728,11,1.4512855758072123,1.4532080751814973,0.0019224993742850138,Neurology,Agricultural and Biological Sciences
2728,12,0.5023179246567826,0.3703651045814774,-0.13195282007530518,Neurology,Arts and Humanities
2728,13,30.68843563979397,29.177079417768926,-1.511356222025043,Neurology,"Biochemistry, Genetics and Molecular Biology"
2728,14,0.0960220526548868,0.13079388169651412,0.03477182904162733,Neurology,"Business, Management and Accounting"
2728,15,0.08400532313171993,0.08986207319152785,0.005856750059807916,Neurology,Chemical Engineering
2728,16,1.1528608106876979,1.1197090357861075,-0.03315177490159038,Neurology,Chemistry
2728,17,0.7953584497263818,1.419543055348735,0.6241846056223531,Neurology,Computer Science
2728,18,0.15224916847026287,0.16396003731836875,0.011710868848105876,Neurology,Decision Sciences
2728,19,0.0662503723788858,0.0633308115747472,-0.0029195608041386045,Neurology,Earth and Planetary Sciences
2728,20,0.4004086060649645,0.664653416999513,0.2642448109345485,Neurology,"Economics, Econometrics and Finance"
2728,21,0.103399765664459,0.10476979869415641,0.001370033029697404,Neurology,Energy
2728,22,3.3604923840949175,4.589883316492509,1.2293909323975916,Neurology,Engineering
2728,23,0.8824937117106475,1.0654242952358217,0.18293058352517422,Neurology,Environmental Science
2728,24,3.4903103241219355,4.0047904267292775,0.514480102607342,Neurology,Immunology and Microbiology
2728,25,1.1562329471895478,1.5377489301233416,0.38151598293379374,Neurology,Materials Science
2728,26,0.3334502713265743,0.6768922189737848,0.34344194764721053,Neurology,Mathematics
2728,27,0.0,0.0,0.0,Neurology,Medicine
2728,28,41.9220283792301,36.13220267422812,-5.789825705001981,Neurology,Neuroscience
2728,29,1.5141079199190242,1.5510187181334896,0.03691079821446541,Neurology,Nursing
2728,30,1.091938786593503,1.0964785923648335,0.004539805771330396,Neurology,"Pharmacology, Toxicology and Pharmaceutics"
2728,31,0.5428953462094298,0.5238240502602367,-0.0190712959491931,Neurology,Physics and Astronomy
2728,32,4.43352112345429,6.702797738582017,2.269276615127727,Neurology,Psychology
2728,33,0.7547996587621427,1.2397357649305278,0.4849361061683851,Neurology,Social Sciences
2728,34,0.28031583318692793,0.19648598386955832,-0.08382984931736961,Neurology,Veterinary
2728,35,1.0476725085360699,1.0735308386630737,0.025858330127003892,Neurology,Dentistry
2728,36,3.69714711662767,4.851911743271839,1.1547646266441691,Neurology,Health Professions
2729,11,3.3039453925874867,2.7775227251859333,-0.5264226674015533,Obstetrics and Gynecology,Agricultural and Biological Sciences
2729,12,0.5080761155870965,0.36557052349908836,-0.14250559208800817,Obstetrics and Gynecology,Arts and Humanities
2729,13,31.4753988823908,27.18879940186524,-4.28659948052556,Obstetrics and Gynecology,"Biochemistry, Genetics and Molecular Biology"
2729,14,0.35087935236340234,0.4425016724162808,0.09162232005287846,Obstetrics and Gynecology,"Business, Management and Accounting"
2729,15,0.024616942786708257,0.02584047116229652,0.0012235283755882634,Obstetrics and Gynecology,Chemical Engineering
2729,16,0.5584529306470387,0.5025119036688223,-0.05594102697821646,Obstetrics and Gynecology,Chemistry
2729,17,0.34270301065210285,0.7542925351207419,0.41158952446863906,Obstetrics and Gynecology,Computer Science
2729,18,0.3334716571070872,0.22826842609231737,-0.10520323101476983,Obstetrics and Gynecology,Decision Sciences
2729,19,0.10488575980193912,0.15501003449768486,0.050124274695745735,Obstetrics and Gynecology,Earth and Planetary Sciences
2729,20,1.2510681994816375,1.5922058842819102,0.34113768480027273,Obstetrics and Gynecology,"Economics, Econometrics and Finance"
2729,21,0.023561930952992187,0.05086113042223592,0.02729919946924373,Obstetrics and Gynecology,Energy
2729,22,1.5411085361007466,2.0269357398638457,0.48582720376309907,Obstetrics and Gynecology,Engineering
2729,23,3.200817985841741,4.2679407636711835,1.0671227778294425,Obstetrics and Gynecology,Environmental Science
2729,24,18.718635377360147,18.267179978225794,-0.4514553991343533,Obstetrics and Gynecology,Immunology and Microbiology
2729,25,0.6573602900579202,0.958950378425174,0.3015900883672539,Obstetrics and Gynecology,Materials Science
2729,26,0.30094212556750843,0.8816257197948503,0.5806835942273418,Obstetrics and Gynecology,Mathematics
2729,27,0.0,0.0,0.0,Obstetrics and Gynecology,Medicine
2729,28,5.369570645350739,4.3519550874247415,-1.0176155579259971,Obstetrics and Gynecology,Neuroscience
2729,29,5.750254082016619,5.54091189317523,-0.2093421888413891,Obstetrics and Gynecology,Nursing
2729,30,0.6287870528947767,0.5569802064614295,-0.07180684643334712,Obstetrics and Gynecology,"Pharmacology, Toxicology and Pharmaceutics"
2729,31,0.887089116849594,0.7697377913611501,-0.11735132548844396,Obstetrics and Gynecology,Physics and Astronomy
2729,32,7.298923536258998,9.593274919002583,2.294351382743585,Obstetrics and Gynecology,Psychology
2729,33,6.349676638872966,7.334070070962919,0.984393432089953,Obstetrics and Gynecology,Social Sciences
2729,34,0.618500687516045,0.4535199443839606,-0.16498074313208444,Obstetrics and Gynecology,Veterinary
2729,35,0.48442626698129465,0.4749990162257172,-0.009427250755577432,Obstetrics and Gynecology,Dentistry
2729,36,9.916847483972612,10.438533782808872,0.5216862988362596,Obstetrics and Gynecology,Health Professions
2730,11,2.435007894541553,2.365460389253001,-0.06954750528855191,Oncology,Agricultural and Biological Sciences
2730,12,0.09745689572112158,0.09754470584825174,8.781012713016123e-05,Oncology,Arts and Humanities
2730,13,52.493822331610104,49.9334886600653,-2.5603336715448037,Oncology,"Biochemistry, Genetics and Molecular Biology"
2730,14,0.08181028746299242,0.1327732830216759,0.050962995558683485,Oncology,"Business, Management and Accounting"
2730,15,0.28872681606230677,0.24210580722341327,-0.0466210088388935,Oncology,Chemical Engineering
2730,16,8.769085992077988,6.607212154747283,-2.161873837330705,Oncology,Chemistry
2730,17,1.052709748600569,1.717646987567287,0.6649372389667181,Oncology,Computer Science
2730,18,0.09918914386761607,0.11111138539109103,0.011922241523474958,Oncology,Decision Sciences
2730,19,0.057891938055626285,0.06263423689896092,0.00474229884333463,Oncology,Earth and Planetary Sciences
2730,20,0.5091067052558254,0.8953830357668416,0.3862763305110163,Oncology,"Economics, Econometrics and Finance"
2730,21,0.3046040490736675,0.30592086185035716,0.0013168127766896576,Oncology,Energy
2730,22,2.7606244211318693,5.18459654830182,2.4239721271699506,Oncology,Engineering
2730,23,1.402833998967621,1.4463490248316044,0.04351502586398337,Oncology,Environmental Science
2730,24,11.141984078077037,12.245527735563403,1.103543657486366,Oncology,Immunology and Microbiology
2730,25,5.147554742116426,4.739512245423396,-0.40804249669302983,Oncology,Materials Science
2730,26,0.3430825079017165,0.6476505302749578,0.30456802237324127,Oncology,Mathematics
2730,27,0.0,0.0,0.0,Oncology,Medicine
2730,28,3.7457252420739913,3.2564586212583886,-0.4892666208156027,Oncology,Neuroscience
2730,29,1.5131495059300286,1.1449503894955269,-0.36819911643450176,Oncology,Nursing
2730,30,2.726686707445223,2.240736516734796,-0.4859501907104269,Oncology,"Pharmacology, Toxicology and Pharmaceutics"
2730,31,0.5305445573173238,0.5380202567754316,0.007475699458107887,Oncology,Physics and Astronomy
2730,32,0.7276108464563943,1.374601623527671,0.6469907770712767,Oncology,Psychology
2730,33,0.9045102821739981,1.2711146560526083,0.3666043738786102,Oncology,Social Sciences
2730,34,0.3686459805488008,0.2874629502532434,-0.0811830302955574,Oncology,Veterinary
2730,35,0.9512809821293491,0.9760756403334049,0.024794658204055797,Oncology,Dentistry
2730,36,1.5463543454008504,2.1756617535402833,0.629307408139433,Oncology,Health Professions
2731,11,1.7186336384493122,1.8021089374865673,0.08347529903725515,Ophthalmology,Agricultural and Biological Sciences
2731,12,0.551022738634917,0.4406820175137269,-0.11034072112119014,Ophthalmology,Arts and Humanities
2731,13,41.024558075392584,37.65715727173291,-3.3674008036596703,Ophthalmology,"Biochemistry, Genetics and Molecular Biology"
2731,14,0.12298980512317284,0.16216413810732805,0.03917433298415521,Ophthalmology,"Business, Management and Accounting"
2731,15,0.11304571603724771,0.11609448608227257,0.003048770045024865,Ophthalmology,Chemical Engineering
2731,16,1.1921432954164852,1.1074345840755595,-0.08470871134092572,Ophthalmology,Chemistry
2731,17,2.3852154343190186,4.691300924530029,2.30608549021101,Ophthalmology,Computer Science
2731,18,0.1563735327687786,0.17180843217222427,0.015434899403445668,Ophthalmology,Decision Sciences
2731,19,0.2889795998651538,0.2744994235460254,-0.014480176319128402,Ophthalmology,Earth and Planetary Sciences
2731,20,0.45349417259988206,0.4682149215377049,0.014720748937822825,Ophthalmology,"Economics, Econometrics and Finance"
2731,21,0.05343581937381743,0.11269824274221502,0.059262423368397585,Ophthalmology,Energy
2731,22,11.544377136681504,12.594851761755862,1.050474625074358,Ophthalmology,Engineering
2731,23,1.3946858132270592,1.5516943235811027,0.1570085103540435,Ophthalmology,Environmental Science
2731,24,5.396252826825874,5.79388743605146,0.3976346092255856,Ophthalmology,Immunology and Microbiology
2731,25,1.9339614136560754,2.531004979514949,0.5970435658588735,Ophthalmology,Materials Science
2731,26,0.25608761288863224,0.2277297824356146,-0.02835783045301765,Ophthalmology,Mathematics
2731,27,0.0,0.0,0.0,Ophthalmology,Medicine
2731,28,18.554304288033272,16.17166636031342,-2.382637927719852,Ophthalmology,Neuroscience
2731,29,0.695758408902036,0.6760339033232111,-0.01972450557882488,Ophthalmology,Nursing
2731,30,1.3156248412087421,1.8387157740984854,0.5230909328897433,Ophthalmology,"Pharmacology, Toxicology and Pharmaceutics"
2731,31,2.2952815297287286,2.1583515308890924,-0.1369299988396362,Ophthalmology,Physics and Astronomy
2731,32,2.1688495399219665,2.3371598539148706,0.16831031399290408,Ophthalmology,Psychology
2731,33,1.327645168675245,1.6674258523598575,0.33978068368461245,Ophthalmology,Social Sciences
2731,34,0.7112755589042488,0.5198844862456033,-0.1913910726586454,Ophthalmology,Veterinary
2731,35,1.8203146812455027,1.9988058704714273,0.17849118922592466,Ophthalmology,Dentistry
2731,36,2.525689352120741,2.9286247055184806,0.4029353533977398,Ophthalmology,Health Professions
2732,11,2.130116008568793,1.9763059527221534,-0.15381005584663954,Orthopedics and Sports Medicine,Agricultural and Biological Sciences
2732,12,0.5245988412567818,0.5542696273325063,0.029670786075724487,Orthopedics and Sports Medicine,Arts and Humanities
2732,13,28.7546674798198,23.62001113466726,-5.134656345152543,Orthopedics and Sports Medicine,"Biochemistry, Genetics and Molecular Biology"
2732,14,0.18399507505365084,0.22804620975536521,0.04405113470171437,Orthopedics and Sports Medicine,"Business, Management and Accounting"
2732,15,0.08373175919160304,0.07107611542973842,-0.012655643761864621,Orthopedics and Sports Medicine,Chemical Engineering
2732,16,0.46863702876912783,0.43625846111524985,-0.032378567653877977,Orthopedics and Sports Medicine,Chemistry
2732,17,0.7912516996626565,1.2383905318815371,0.4471388322188806,Orthopedics and Sports Medicine,Computer Science
2732,18,0.4532178042180401,0.40752669475325337,-0.04569110946478672,Orthopedics and Sports Medicine,Decision Sciences
2732,19,0.49314669167496117,0.4427279828438918,-0.05041870883106936,Orthopedics and Sports Medicine,Earth and Planetary Sciences
2732,20,0.969915251799389,1.498057636880457,0.528142385081068,Orthopedics and Sports Medicine,"Economics, Econometrics and Finance"
2732,21,0.018104164149535792,0.03906527641075897,0.02096111226122318,Orthopedics and Sports Medicine,Energy
2732,22,25.064716633392592,27.004599032336795,1.939882398944203,Orthopedics and Sports Medicine,Engineering
2732,23,1.886822124669417,1.8099594830692616,-0.07686264160015543,Orthopedics and Sports Medicine,Environmental Science
2732,24,1.3832808811204638,1.6283697567406656,0.24508887562020187,Orthopedics and Sports Medicine,Immunology and Microbiology
2732,25,2.51993088198348,3.033159932426289,0.513229050442809,Orthopedics and Sports Medicine,Materials Science
2732,26,0.4118313781219614,0.33143448439418427,-0.08039689372777714,Orthopedics and Sports Medicine,Mathematics
2732,27,0.0,0.0,0.0,Orthopedics and Sports Medicine,Medicine
2732,28,5.491622029545843,5.01978167048014,-0.47184035906570276,Orthopedics and Sports Medicine,Neuroscience
2732,29,3.132557385789382,2.3698123962771716,-0.7627449895122105,Orthopedics and Sports Medicine,Nursing
2732,30,0.3341215548868777,0.41644222743683396,0.08232067254995623,Orthopedics and Sports Medicine,"Pharmacology, Toxicology and Pharmaceutics"
2732,31,0.6341060205934868,0.5102768795777406,-0.12382914101574616,Orthopedics and Sports Medicine,Physics and Astronomy
2732,32,8.597636869590566,11.633476247727026,3.03583937813646,Orthopedics and Sports Medicine,Psychology
2732,33,2.135524244045667,2.3036637521914396,0.1681395081457726,Orthopedics and Sports Medicine,Social Sciences
2732,34,2.0198417036325313,1.5999038611346408,-0.41993784249789057,Orthopedics and Sports Medicine,Veterinary
2732,35,2.2835411284801133,2.061597291237839,-0.22194383724227418,Orthopedics and Sports Medicine,Dentistry
2732,36,9.233085359983278,9.7657873611778,0.5327020011945223,Orthopedics and Sports Medicine,Health Professions
2733,11,1.3215948504827673,1.2563871699591274,-0.0652076805236399,Otorhinolaryngology,Agricultural and Biological Sciences
2733,12,0.47667406180670563,0.3928952033593526,-0.08377885844735306,Otorhinolaryngology,Arts and Humanities
2733,13,23.718245164515828,25.388825727228102,1.6705805627122743,Otorhinolaryngology,"Biochemistry, Genetics and Molecular Biology"
2733,14,0.1929506608755429,0.17581408598294382,-0.017136574892599094,Otorhinolaryngology,"Business, Management and Accounting"
2733,15,0.07093085023279068,0.05824437712852677,-0.012686473104263907,Otorhinolaryngology,Chemical Engineering
2733,16,0.5024528950410899,0.5626686607099709,0.06021576566888098,Otorhinolaryngology,Chemistry
2733,17,1.3492485079523795,1.9817712903545786,0.6325227824021991,Otorhinolaryngology,Computer Science
2733,18,0.1582664125238259,0.13372044225031857,-0.024545970273507328,Otorhinolaryngology,Decision Sciences
2733,19,0.23013467487423053,0.19743317793021356,-0.03270149694401697,Otorhinolaryngology,Earth and Planetary Sciences
2733,20,0.3848076742805362,0.5446739459420965,0.1598662716615603,Otorhinolaryngology,"Economics, Econometrics and Finance"
2733,21,0.014998593881823579,0.02638800928857927,0.01138941540675569,Otorhinolaryngology,Energy
2733,22,3.739961878573884,4.691915222638496,0.951953344064612,Otorhinolaryngology,Engineering
2733,23,1.1756710308408587,0.9922527348151313,-0.18341829602572735,Otorhinolaryngology,Environmental Science
2733,24,5.027341186763741,4.781380111961462,-0.24596107480227936,Otorhinolaryngology,Immunology and Microbiology
2733,25,0.769302877855201,0.9697434449641504,0.20044056710894942,Otorhinolaryngology,Materials Science
2733,26,0.21294878605130768,0.20938726406576272,-0.003561521985544963,Otorhinolaryngology,Mathematics
2733,27,0.0,0.0,0.0,Otorhinolaryngology,Medicine
2733,28,23.70512139486923,22.360626801061116,-1.3444945938081148,Otorhinolaryngology,Neuroscience
2733,29,0.9877199012592569,0.8213347373025986,-0.16638516395665826,Otorhinolaryngology,Nursing
2733,30,0.4715182951598288,0.5658479389375107,0.09432964377768194,Otorhinolaryngology,"Pharmacology, Toxicology and Pharmaceutics"
2733,31,4.265068899790644,3.5534792749210906,-0.7115896248695535,Otorhinolaryngology,Physics and Astronomy
2733,32,2.5166390650876482,2.300907238835011,-0.21573182625263732,Otorhinolaryngology,Psychology
2733,33,1.1541105521357373,1.2273921525239655,0.07328160038822817,Otorhinolaryngology,Social Sciences
2733,34,2.3716526575633536,1.536863095192677,-0.8347895623706767,Otorhinolaryngology,Veterinary
2733,35,16.561103646533137,17.011936282177476,0.45083263564433906,Otorhinolaryngology,Dentistry
2733,36,8.621535481048651,8.258111610469744,-0.3634238705789077,Otorhinolaryngology,Health Professions
2734,11,4.821377337657257,6.143693633011287,1.32231629535403,Pathology and Forensic Medicine,Agricultural and Biological Sciences
2734,12,0.285907967247572,0.24391045028159863,-0.04199751696597337,Pathology and Forensic Medicine,Arts and Humanities
2734,13,44.32938220747191,41.980513414780916,-2.3488687926909932,Pathology and Forensic Medicine,"Biochemistry, Genetics and Molecular Biology"
2734,14,0.1703012440368877,0.19740342985684103,0.02710218581995333,Pathology and Forensic Medicine,"Business, Management and Accounting"
2734,15,0.08226572315983631,0.10701446935143602,0.02474874619159971,Pathology and Forensic Medicine,Chemical Engineering
2734,16,2.0771930434681805,2.211094725763015,0.13390168229483468,Pathology and Forensic Medicine,Chemistry
2734,17,0.9049493008664972,1.2022867976024527,0.29733749673595555,Pathology and Forensic Medicine,Computer Science
2734,18,0.1532026197516247,0.14253794465481728,-0.010664675096807408,Pathology and Forensic Medicine,Decision Sciences
2734,19,0.09732252405202092,0.1103905055153787,0.013067981463357775,Pathology and Forensic Medicine,Earth and Planetary Sciences
2734,20,0.6045509740551429,0.6675670735780636,0.06301609952292064,Pathology and Forensic Medicine,"Economics, Econometrics and Finance"
2734,21,0.05109827704355565,0.09033672010054711,0.03923844305699146,Pathology and Forensic Medicine,Energy
2734,22,3.760827921184036,4.711882086614983,0.9510541654309468,Pathology and Forensic Medicine,Engineering
2734,23,2.05685384786229,2.1852291953077407,0.12837534744545076,Pathology and Forensic Medicine,Environmental Science
2734,24,9.839863084544398,9.783661382397348,-0.05620170214704956,Pathology and Forensic Medicine,Immunology and Microbiology
2734,25,1.0181058360054873,1.6521289238339467,0.6340230878284594,Pathology and Forensic Medicine,Materials Science
2734,26,0.3217386745325608,0.3327583188436952,0.011019644311134447,Pathology and Forensic Medicine,Mathematics
2734,27,0.0,0.0,0.0,Pathology and Forensic Medicine,Medicine
2734,28,12.708848893740084,11.528197052374336,-1.1806518413657479,Pathology and Forensic Medicine,Neuroscience
2734,29,4.2421054545138395,4.104593910192344,-0.13751154432149537,Pathology and Forensic Medicine,Nursing
2734,30,2.021009967523152,2.2622119619164835,0.24120199439333145,Pathology and Forensic Medicine,"Pharmacology, Toxicology and Pharmaceutics"
2734,31,0.47852436501268436,0.44980294592785064,-0.02872141908483372,Pathology and Forensic Medicine,Physics and Astronomy
2734,32,2.6856695876596937,2.8299802720641103,0.14431068440441663,Pathology and Forensic Medicine,Psychology
2734,33,1.3883740420225696,1.3832998004351234,-0.005074241587446293,Pathology and Forensic Medicine,Social Sciences
2734,34,0.7105150216288376,0.6640996167056195,-0.04641540492321816,Pathology and Forensic Medicine,Veterinary
2734,35,1.6236579621759462,1.5748457748972706,-0.048812187278675534,Pathology and Forensic Medicine,Dentistry
2734,36,3.56635412278393,3.440559593992797,-0.12579452879113306,Pathology and Forensic Medicine,Health Professions
2735,11,2.6779419105468962,2.384931808738505,-0.29301010180839127,"Pediatrics, Perinatology and Child Health",Agricultural and Biological Sciences
2735,12,0.6175978733454544,0.5300753568722283,-0.08752251647322606,"Pediatrics, Perinatology and Child Health",Arts and Humanities
2735,13,26.07913080823489,20.760056653158813,-5.319074155076077,"Pediatrics, Perinatology and Child Health","Biochemistry, Genetics and Molecular Biology"
2735,14,0.5731629965111584,0.8414822534663027,0.26831925695514425,"Pediatrics, Perinatology and Child Health","Business, Management and Accounting"
2735,15,0.09525014623967006,0.09219328469703637,-0.003056861542633682,"Pediatrics, Perinatology and Child Health",Chemical Engineering
2735,16,1.5142977091173666,1.1930173220986984,-0.32128038701866823,"Pediatrics, Perinatology and Child Health",Chemistry
2735,17,0.607665371464847,1.0056480840771675,0.39798271261232054,"Pediatrics, Perinatology and Child Health",Computer Science
2735,18,0.3258021467072081,0.3009988869507809,-0.024803259756427165,"Pediatrics, Perinatology and Child Health",Decision Sciences
2735,19,0.09518312530930159,0.1321522717501867,0.036969146440885114,"Pediatrics, Perinatology and Child Health",Earth and Planetary Sciences
2735,20,2.4520143542747825,3.4445123064218297,0.9924979521470472,"Pediatrics, Perinatology and Child Health","Economics, Econometrics and Finance"
2735,21,0.05466227080852441,0.11195033129866457,0.05728806049014015,"Pediatrics, Perinatology and Child Health",Energy
2735,22,1.316760218949337,1.7870947322500355,0.4703345133006984,"Pediatrics, Perinatology and Child Health",Engineering
2735,23,3.069437973201279,4.003104732461204,0.9336667592599253,"Pediatrics, Perinatology and Child Health",Environmental Science
2735,24,3.888675017653313,4.2210087272508074,0.3323337095974943,"Pediatrics, Perinatology and Child Health",Immunology and Microbiology
2735,25,0.8260597751635445,1.0978539009953279,0.2717941258317834,"Pediatrics, Perinatology and Child Health",Materials Science
2735,26,0.43971091996146033,0.525513628383175,0.08580270842171461,"Pediatrics, Perinatology and Child Health",Mathematics
2735,27,0.0,0.0,0.0,"Pediatrics, Perinatology and Child Health",Medicine
2735,28,13.992281333491324,12.015805887925724,-1.9764754455655993,"Pediatrics, Perinatology and Child Health",Neuroscience
2735,29,5.030054866014437,5.675185005347812,0.645130139333375,"Pediatrics, Perinatology and Child Health",Nursing
2735,30,3.020740565195548,2.256019116148813,-0.7647214490467351,"Pediatrics, Perinatology and Child Health","Pharmacology, Toxicology and Pharmaceutics"
2735,31,0.24553788049792796,0.219877819616598,-0.025660060881329966,"Pediatrics, Perinatology and Child Health",Physics and Astronomy
2735,32,10.775343696735115,11.910785874908507,1.1354421781733919,"Pediatrics, Perinatology and Child Health",Psychology
2735,33,9.14156107295684,10.128973473862143,0.9874124009053027,"Pediatrics, Perinatology and Child Health",Social Sciences
2735,34,0.5867012244455895,0.5294675441477252,-0.05723368029786424,"Pediatrics, Perinatology and Child Health",Veterinary
2735,35,0.4566135986003885,0.5580598066416135,0.10144620804122495,"Pediatrics, Perinatology and Child Health",Dentistry
2735,36,12.117813144573798,14.274231190530303,2.1564180459565048,"Pediatrics, Perinatology and Child Health",Health Professions
2736,11,9.776286503037204,11.631191357697668,1.8549048546604645,Pharmacology,Agricultural and Biological Sciences
2736,12,0.3868697119792946,0.2811761876343091,-0.10569352434498547,Pharmacology,Arts and Humanities
2736,13,31.863894382248276,29.634240926976478,-2.229653455271798,Pharmacology,"Biochemistry, Genetics and Molecular Biology"
2736,14,0.1699265332961815,0.2229669684379682,0.05304043514178672,Pharmacology,"Business, Management and Accounting"
2736,15,0.32133940217086726,0.30613790201794333,-0.01520150015292393,Pharmacology,Chemical Engineering
2736,16,8.297061430167304,7.503729435694987,-0.7933319944723172,Pharmacology,Chemistry
2736,17,1.3607395869732233,1.79210216668914,0.4313625797159166,Pharmacology,Computer Science
2736,18,0.19638445733136195,0.18289921941403858,-0.013485237917323367,Pharmacology,Decision Sciences
2736,19,0.23123891318595682,0.24017409361065006,0.00893518042469324,Pharmacology,Earth and Planetary Sciences
2736,20,0.7230947689213485,0.6379252342822659,-0.08516953463908261,Pharmacology,"Economics, Econometrics and Finance"
2736,21,0.19742664980543445,0.387136602045248,0.18970995223981357,Pharmacology,Energy
2736,22,2.8290806308921974,3.776499174337821,0.9474185434456235,Pharmacology,Engineering
2736,23,3.3324202678513313,4.270212763636469,0.9377924957851373,Pharmacology,Environmental Science
2736,24,3.8404596029482643,3.9151806352113656,0.07472103226310134,Pharmacology,Immunology and Microbiology
2736,25,1.4374390538622768,2.171085778609845,0.7336467247475684,Pharmacology,Materials Science
2736,26,0.19571588102723997,0.18651802771248296,-0.009197853314757004,Pharmacology,Mathematics
2736,27,0.0,0.0,0.0,Pharmacology,Medicine
2736,28,14.691207218736341,12.481108563822096,-2.210098654914246,Pharmacology,Neuroscience
2736,29,1.7455150819999006,1.6539281926936216,-0.091586889306279,Pharmacology,Nursing
2736,30,4.673387693830594,4.749256662152563,0.0758689683219691,Pharmacology,"Pharmacology, Toxicology and Pharmaceutics"
2736,31,0.12800286622594378,0.10283960725448224,-0.025163258971461544,Pharmacology,Physics and Astronomy
2736,32,6.4103096039216325,6.407424978855109,-0.0028846250665237605,Pharmacology,Psychology
2736,33,1.1292745376844018,1.242873307228904,0.11359876954450221,Pharmacology,Social Sciences
2736,34,0.7655198682196777,0.574754975138123,-0.19076489308155464,Pharmacology,Veterinary
2736,35,0.5175960434440882,0.6042888142920066,0.08669277084791849,Pharmacology,Dentistry
2736,36,4.779809310239659,5.044348424554416,0.26453911431475685,Pharmacology,Health Professions
2737,11,3.8422481089835876,4.521675446086989,0.6794273371034012,Physiology,Agricultural and Biological Sciences
2737,12,0.3544832420466642,0.3480675573349342,-0.006415684711729985,Physiology,Arts and Humanities
2737,13,36.284987931293216,33.28057553993879,-3.0044123913544283,Physiology,"Biochemistry, Genetics and Molecular Biology"
2737,14,0.34437265261872485,0.4221413014791088,0.07776864886038393,Physiology,"Business, Management and Accounting"
2737,15,0.18842054613220396,0.1755180341156308,-0.012902512016573164,Physiology,Chemical Engineering
2737,16,2.1540287038139683,1.9761915127724623,-0.17783719104150597,Physiology,Chemistry
2737,17,1.2856137419147036,1.6482470093540018,0.36263326743929825,Physiology,Computer Science
2737,18,0.1953834052554844,0.23262518085581835,0.037241775600333954,Physiology,Decision Sciences
2737,19,0.19711166857149173,0.20078255920293345,0.0036708906314417145,Physiology,Earth and Planetary Sciences
2737,20,0.47935151177467794,0.7137196154694484,0.23436810369477046,Physiology,"Economics, Econometrics and Finance"
2737,21,0.0846002325236345,0.12867065833976618,0.044070425816131686,Physiology,Energy
2737,22,2.4156339795294928,3.422139525006847,1.0065055454773542,Physiology,Engineering
2737,23,2.8682098613708695,3.623509092435593,0.7552992310647233,Physiology,Environmental Science
2737,24,5.744991311118825,5.301667775331252,-0.4433235357875729,Physiology,Immunology and Microbiology
2737,25,1.297223487706096,1.7096460100960782,0.4124225223899822,Physiology,Materials Science
2737,26,0.19760972716400108,0.21977793942245033,0.022168212258449255,Physiology,Mathematics
2737,27,0.0,0.0,0.0,Physiology,Medicine
2737,28,20.344473260454414,18.217782265930534,-2.12669099452388,Physiology,Neuroscience
2737,29,4.4118328959631805,4.039569194663076,-0.37226370130010444,Physiology,Nursing
2737,30,1.304216230344927,1.340917307971008,0.03670107762608099,Physiology,"Pharmacology, Toxicology and Pharmaceutics"
2737,31,0.6670448923618183,0.6147160439105839,-0.05232884845123442,Physiology,Physics and Astronomy
2737,32,5.485881308951771,6.566691098738568,1.0808097897867972,Physiology,Psychology
2737,33,2.1834639666312694,2.774638556765099,0.5911745901338294,Physiology,Social Sciences
2737,34,0.5714923513889036,0.4799075451745954,-0.09158480621430826,Physiology,Veterinary
2737,35,0.937306426415155,1.1696937024547474,0.2323872760395923,Physiology,Dentistry
2737,36,6.160018555670923,6.871129527149685,0.711110971478762,Physiology,Health Professions
2738,11,0.7685080122910055,0.8522491061777666,0.0837410938867611,Psychiatry and Mental health,Agricultural and Biological Sciences
2738,12,3.382054244008391,2.4079385085480745,-0.9741157354603165,Psychiatry and Mental health,Arts and Humanities
2738,13,10.980230315479957,10.30196081253078,-0.6782695029491776,Psychiatry and Mental health,"Biochemistry, Genetics and Molecular Biology"
2738,14,0.32757373877600504,0.37252919712697713,0.04495545835097209,Psychiatry and Mental health,"Business, Management and Accounting"
2738,15,0.030992185358881822,0.032169205825354485,0.0011770204664726634,Psychiatry and Mental health,Chemical Engineering
2738,16,0.7590737520095828,0.6352094006434241,-0.1238643513661587,Psychiatry and Mental health,Chemistry
2738,17,0.8852089581929934,1.5599966181860045,0.6747876599930112,Psychiatry and Mental health,Computer Science
2738,18,0.30142675043948286,0.293535258808706,-0.007891491630776848,Psychiatry and Mental health,Decision Sciences
2738,19,0.017865329989933943,0.021416156596376103,0.0035508266064421604,Psychiatry and Mental health,Earth and Planetary Sciences
2738,20,1.3406147893342486,1.2917949837225218,-0.04881980561172683,Psychiatry and Mental health,"Economics, Econometrics and Finance"
2738,21,0.009050059636477889,0.018223220510262164,0.009173160873784275,Psychiatry and Mental health,Energy
2738,22,1.503409140389477,2.2955411621927584,0.7921320218032815,Psychiatry and Mental health,Engineering
2738,23,0.6452969999052305,1.0335369217337913,0.3882399218285608,Psychiatry and Mental health,Environmental Science
2738,24,1.1591867069991966,1.3866686573798697,0.2274819503806731,Psychiatry and Mental health,Immunology and Microbiology
2738,25,0.1831996741978531,0.3744729406911373,0.1912732664932842,Psychiatry and Mental health,Materials Science
2738,26,0.40582260346309923,0.33379423540623343,-0.0720283680568658,Psychiatry and Mental health,Mathematics
2738,27,0.0,0.0,0.0,Psychiatry and Mental health,Medicine
2738,28,28.24000672778018,27.14315466482466,-1.09685206295552,Psychiatry and Mental health,Neuroscience
2738,29,1.630878376590057,1.8778961279428976,0.24701775135284065,Psychiatry and Mental health,Nursing
2738,30,0.9974489077175664,0.8030658982034012,-0.1943830095141652,Psychiatry and Mental health,"Pharmacology, Toxicology and Pharmaceutics"
2738,31,0.09940124463933377,0.11484076692825756,0.015439522288923799,Psychiatry and Mental health,Physics and Astronomy
2738,32,28.013701875667547,27.134580207353963,-0.8791216683135836,Psychiatry and Mental health,Psychology
2738,33,6.434016100568361,7.01928773240977,0.5852716318414091,Psychiatry and Mental health,Social Sciences
2738,34,0.1571487360225671,0.13931994358846442,-0.01782879243410268,Psychiatry and Mental health,Veterinary
2738,35,0.3155781408616169,0.39700337701709615,0.08142523615547925,Psychiatry and Mental health,Dentistry
2738,36,11.412306629680952,12.15981489565145,0.7475082659704988,Psychiatry and Mental health,Health Professions
2739,11,7.286868691481925,7.055759755129298,-0.2311089363526273,"Public Health, Environmental and Occupational Health",Agricultural and Biological Sciences
2739,12,0.6273897786226198,0.5426939996904678,-0.08469577893215197,"Public Health, Environmental and Occupational Health",Arts and Humanities
2739,13,20.467234444847147,16.33675901315049,-4.130475431696656,"Public Health, Environmental and Occupational Health","Biochemistry, Genetics and Molecular Biology"
2739,14,1.5002614667780607,1.8274566461006094,0.3271951793225487,"Public Health, Environmental and Occupational Health","Business, Management and Accounting"
2739,15,0.09350169423295304,0.07524598891101712,-0.01825570532193592,"Public Health, Environmental and Occupational Health",Chemical Engineering
2739,16,1.1324659530455905,1.098640440553831,-0.03382551249175947,"Public Health, Environmental and Occupational Health",Chemistry
2739,17,1.498897859626104,2.131554979867478,0.6326571202413742,"Public Health, Environmental and Occupational Health",Computer Science
2739,18,0.8745093216250153,0.9213658998191129,0.04685657819409761,"Public Health, Environmental and Occupational Health",Decision Sciences
2739,19,0.20394734910528775,0.1948500872039486,-0.009097261901339138,"Public Health, Environmental and Occupational Health",Earth and Planetary Sciences
2739,20,1.8880869994411822,1.9683795337988295,0.08029253435764727,"Public Health, Environmental and Occupational Health","Economics, Econometrics and Finance"
2739,21,0.057910895123277586,0.10773733759600226,0.04982644247272468,"Public Health, Environmental and Occupational Health",Energy
2739,22,2.388119784732754,3.3795930101267655,0.9914732253940115,"Public Health, Environmental and Occupational Health",Engineering
2739,23,4.403309324495767,5.229152484880361,0.8258431603845935,"Public Health, Environmental and Occupational Health",Environmental Science
2739,24,8.697086415177926,7.009054972721287,-1.688031442456639,"Public Health, Environmental and Occupational Health",Immunology and Microbiology
2739,25,0.6111308837772831,0.9559207962463031,0.34478991246902,"Public Health, Environmental and Occupational Health",Materials Science
2739,26,1.4654992710573729,1.9368328435129805,0.4713335724556076,"Public Health, Environmental and Occupational Health",Mathematics
2739,27,0.0,0.0,0.0,"Public Health, Environmental and Occupational Health",Medicine
2739,28,4.159054008956094,4.163207569898937,0.0041535609428429154,"Public Health, Environmental and Occupational Health",Neuroscience
2739,29,3.5268687697751577,3.4285736842398986,-0.09829508553525912,"Public Health, Environmental and Occupational Health",Nursing
2739,30,1.4067597725451075,1.3221841863367276,-0.0845755862083799,"Public Health, Environmental and Occupational Health","Pharmacology, Toxicology and Pharmaceutics"
2739,31,0.4154891418702753,0.47725666845117265,0.06176752658089735,"Public Health, Environmental and Occupational Health",Physics and Astronomy
2739,32,11.104544628611153,12.636864191471094,1.532319562859941,"Public Health, Environmental and Occupational Health",Psychology
2739,33,9.091305895252136,10.18872069704356,1.097414801791425,"Public Health, Environmental and Occupational Health",Social Sciences
2739,34,0.5766296655019462,0.48025942987551606,-0.0963702356264301,"Public Health, Environmental and Occupational Health",Veterinary
2739,35,1.7626090437166582,1.6800300439483944,-0.08257899976826377,"Public Health, Environmental and Occupational Health",Dentistry
2739,36,14.760518940601209,14.851905739425916,0.09138679882470768,"Public Health, Environmental and Occupational Health",Health Professions
2740,11,2.6154172189506038,2.2590112953558212,-0.3564059235947825,Pulmonary and Respiratory Medicine,Agricultural and Biological Sciences
2740,12,0.2522814576224471,0.21049924241825554,-0.041782215204191536,Pulmonary and Respiratory Medicine,Arts and Humanities
2740,13,35.701287946937214,35.76551757389286,0.06422962695564394,Pulmonary and Respiratory Medicine,"Biochemistry, Genetics and Molecular Biology"
2740,14,0.26488990173387683,0.23554043026300592,-0.029349471470870914,Pulmonary and Respiratory Medicine,"Business, Management and Accounting"
2740,15,0.4583413347858061,0.3805590020116767,-0.07778233277412938,Pulmonary and Respiratory Medicine,Chemical Engineering
2740,16,2.0940711887389334,2.07400824483305,-0.02006294390588348,Pulmonary and Respiratory Medicine,Chemistry
2740,17,1.3333617273493383,2.0027601982572385,0.6693984709079002,Pulmonary and Respiratory Medicine,Computer Science
2740,18,0.2439977848915003,0.2025366715304205,-0.04146111336107983,Pulmonary and Respiratory Medicine,Decision Sciences
2740,19,0.9146563124822753,0.9629961170592912,0.04833980457701592,Pulmonary and Respiratory Medicine,Earth and Planetary Sciences
2740,20,0.8028689463871882,0.9078608016484876,0.1049918552612994,Pulmonary and Respiratory Medicine,"Economics, Econometrics and Finance"
2740,21,0.12292294880361908,0.23173276478581561,0.10880981598219654,Pulmonary and Respiratory Medicine,Energy
2740,22,9.450657407465606,11.561409462056693,2.110752054591087,Pulmonary and Respiratory Medicine,Engineering
2740,23,3.700512677724885,3.92280145834386,0.22228878061897506,Pulmonary and Respiratory Medicine,Environmental Science
2740,24,6.679754807039677,6.661981721449553,-0.017773085590123472,Pulmonary and Respiratory Medicine,Immunology and Microbiology
2740,25,3.5984724644808215,4.670464912761754,1.0719924482809327,Pulmonary and Respiratory Medicine,Materials Science
2740,26,0.5163082813367915,0.743029597374898,0.22672131603810652,Pulmonary and Respiratory Medicine,Mathematics
2740,27,0.0,0.0,0.0,Pulmonary and Respiratory Medicine,Medicine
2740,28,8.511159458073312,6.368512091253696,-2.1426473668196158,Pulmonary and Respiratory Medicine,Neuroscience
2740,29,2.9081507680972214,2.5495154166947054,-0.358635351402516,Pulmonary and Respiratory Medicine,Nursing
2740,30,1.3835797342901741,1.3709311961234294,-0.012648538166744716,Pulmonary and Respiratory Medicine,"Pharmacology, Toxicology and Pharmaceutics"
2740,31,4.631670666689307,3.9138969492457347,-0.7177737174435723,Pulmonary and Respiratory Medicine,Physics and Astronomy
2740,32,2.1340823599705168,2.1848496263498753,0.05076726637935858,Pulmonary and Respiratory Medicine,Psychology
2740,33,1.1631758756934996,1.2275530337155607,0.06437715802206112,Pulmonary and Respiratory Medicine,Social Sciences
2740,34,1.0922346150010653,0.8516398625376885,-0.2405947524633768,Pulmonary and Respiratory Medicine,Veterinary
2740,35,1.6809288745847257,1.7130982335385723,0.03216935895384654,Pulmonary and Respiratory Medicine,Dentistry
2740,36,7.745215240869596,7.027294096498057,-0.7179211443715392,Pulmonary and Respiratory Medicine,Health Professions
2741,11,2.0462152355298264,1.954263245080353,-0.09195199044947344,"Radiology, Nuclear Medicine and Imaging",Agricultural and Biological Sciences
2741,12,0.37914501738187845,0.40302196855269967,0.023876951170821226,"Radiology, Nuclear Medicine and Imaging",Arts and Humanities
2741,13,27.923749502376328,22.848258090376465,-5.075491411999863,"Radiology, Nuclear Medicine and Imaging","Biochemistry, Genetics and Molecular Biology"
2741,14,0.1433955043540764,0.190456059584743,0.0470605552306666,"Radiology, Nuclear Medicine and Imaging","Business, Management and Accounting"
2741,15,0.39109939786822107,0.4520398196424304,0.06094042177420933,"Radiology, Nuclear Medicine and Imaging",Chemical Engineering
2741,16,5.766462190015877,4.815180970463971,-0.9512812195519054,"Radiology, Nuclear Medicine and Imaging",Chemistry
2741,17,3.3459997143121796,6.4814272471594006,3.135427532847221,"Radiology, Nuclear Medicine and Imaging",Computer Science
2741,18,0.24962496340932466,0.30083182430453614,0.05120686089521148,"Radiology, Nuclear Medicine and Imaging",Decision Sciences
2741,19,0.41643469589178256,0.4490814916638381,0.03264679577205554,"Radiology, Nuclear Medicine and Imaging",Earth and Planetary Sciences
2741,20,0.4895209441316736,0.574627817915826,0.08510687378415238,"Radiology, Nuclear Medicine and Imaging","Economics, Econometrics and Finance"
2741,21,0.1381363377598461,0.26587516175502807,0.12773882399518197,"Radiology, Nuclear Medicine and Imaging",Energy
2741,22,15.895227130376167,18.173533784402263,2.278306654026096,"Radiology, Nuclear Medicine and Imaging",Engineering
2741,23,2.0368856832170956,2.394497144734142,0.35761146151704626,"Radiology, Nuclear Medicine and Imaging",Environmental Science
2741,24,8.513592140123219,5.774555777151162,-2.7390363629720564,"Radiology, Nuclear Medicine and Imaging",Immunology and Microbiology
2741,25,5.456570791330535,5.984419016113985,0.5278482247834502,"Radiology, Nuclear Medicine and Imaging",Materials Science
2741,26,0.7281710824962573,0.8893382179224,0.1611671354261427,"Radiology, Nuclear Medicine and Imaging",Mathematics
2741,27,0.0,0.0,0.0,"Radiology, Nuclear Medicine and Imaging",Medicine
2741,28,10.75269420542552,12.017623051949016,1.264928846523496,"Radiology, Nuclear Medicine and Imaging",Neuroscience
2741,29,0.6860692190013974,0.5639723588077482,-0.12209686019364918,"Radiology, Nuclear Medicine and Imaging",Nursing
2741,30,0.9090274498063428,0.9528737896478151,0.04384633984147235,"Radiology, Nuclear Medicine and Imaging","Pharmacology, Toxicology and Pharmaceutics"
2741,31,7.076726960998666,6.187064482647558,-0.8896624783511085,"Radiology, Nuclear Medicine and Imaging",Physics and Astronomy
2741,32,1.7283352293595782,2.356545631638405,0.6282104022788266,"Radiology, Nuclear Medicine and Imaging",Psychology
2741,33,0.7566542722787521,1.1173212157541008,0.36066694347534867,"Radiology, Nuclear Medicine and Imaging",Social Sciences
2741,34,0.44446139381799704,0.33461063404775276,-0.10985075977024428,"Radiology, Nuclear Medicine and Imaging",Veterinary
2741,35,1.5685916104024602,1.8831811978169548,0.3145895874144946,"Radiology, Nuclear Medicine and Imaging",Dentistry
2741,36,2.157209328335001,2.6354000008674108,0.4781906725324099,"Radiology, Nuclear Medicine and Imaging",Health Professions
2742,11,3.901721405514422,4.707716657030373,0.805995251515951,Rehabilitation,Agricultural and Biological Sciences
2742,12,0.8217125812602583,0.627113038782931,-0.19459954247732725,Rehabilitation,Arts and Humanities
2742,13,28.35879319106784,22.169279413882002,-6.189513777185837,Rehabilitation,"Biochemistry, Genetics and Molecular Biology"
2742,14,0.21771819289598382,0.22664396921922061,0.008925776323236795,Rehabilitation,"Business, Management and Accounting"
2742,15,0.07662844666703128,0.12555067853758867,0.04892223187055739,Rehabilitation,Chemical Engineering
2742,16,1.2689474127299083,1.8324863103696225,0.5635388976397142,Rehabilitation,Chemistry
2742,17,1.2781034981776933,2.0628691201310123,0.784765621953319,Rehabilitation,Computer Science
2742,18,0.2461696530458118,0.19041233214206849,-0.0557573209037433,Rehabilitation,Decision Sciences
2742,19,0.10010243754658696,0.11803168429808845,0.017929246751501496,Rehabilitation,Earth and Planetary Sciences
2742,20,0.8281034060023362,0.6939990369903531,-0.13410436901198308,Rehabilitation,"Economics, Econometrics and Finance"
2742,21,0.036747242266948435,0.1359615936384351,0.09921435137148667,Rehabilitation,Energy
2742,22,9.485458722953446,13.495437891558337,4.009979168604891,Rehabilitation,Engineering
2742,23,1.6507377408311634,1.8129451879779546,0.16220744714679114,Rehabilitation,Environmental Science
2742,24,3.536522641647407,3.122716802659245,-0.41380583898816203,Rehabilitation,Immunology and Microbiology
2742,25,4.175912367044729,9.132603453821085,4.956691086776356,Rehabilitation,Materials Science
2742,26,0.23117579499709034,0.15294130041005372,-0.07823449458703663,Rehabilitation,Mathematics
2742,27,0.0,0.0,0.0,Rehabilitation,Medicine
2742,28,14.258605952192942,12.903812853059643,-1.3547930991332997,Rehabilitation,Neuroscience
2742,29,1.8490991087871995,1.3867173661706815,-0.462381742616518,Rehabilitation,Nursing
2742,30,1.1351087945736982,1.560397870472104,0.4252890758984058,Rehabilitation,"Pharmacology, Toxicology and Pharmaceutics"
2742,31,0.12726344270041842,0.14856210596287228,0.02129866326245386,Rehabilitation,Physics and Astronomy
2742,32,5.492053562485367,5.200438002071028,-0.2916155604143391,Rehabilitation,Psychology
2742,33,2.5562069963553866,2.277635557241132,-0.27857143911425464,Rehabilitation,Social Sciences
2742,34,1.466632828068994,1.0132464435053965,-0.4533863845635975,Rehabilitation,Veterinary
2742,35,0.9353340711458564,0.911492142341171,-0.023841928804685386,Rehabilitation,Dentistry
2742,36,15.96514050904148,13.990989187727596,-1.9741513213138848,Rehabilitation,Health Professions
2743,11,9.263298437303796,8.718461398502757,-0.5448370388010382,Reproductive Medicine,Agricultural and Biological Sciences
2743,12,0.4690882807715886,0.4391364783977759,-0.029951802373812675,Reproductive Medicine,Arts and Humanities
2743,13,43.605246759490086,40.57191823367202,-3.033328525818064,Reproductive Medicine,"Biochemistry, Genetics and Molecular Biology"
2743,14,0.3338895915525058,0.3114022688522409,-0.022487322700264878,Reproductive Medicine,"Business, Management and Accounting"
2743,15,0.030264846017917194,0.0332981505049013,0.0030333044869841064,Reproductive Medicine,Chemical Engineering
2743,16,0.6988856544293225,0.681809955990488,-0.017075698438834497,Reproductive Medicine,Chemistry
2743,17,0.29177466122056545,0.5366245418325134,0.24484988061194796,Reproductive Medicine,Computer Science
2743,18,0.20498625962524783,0.2180031087403732,0.013016849115125378,Reproductive Medicine,Decision Sciences
2743,19,0.14778940380273245,0.1596433067685045,0.011853902965772045,Reproductive Medicine,Earth and Planetary Sciences
2743,20,0.4356252585893754,0.5141453556220954,0.07852009703272,Reproductive Medicine,"Economics, Econometrics and Finance"
2743,21,0.02821128027031658,0.04668001592520241,0.018468735654885833,Reproductive Medicine,Energy
2743,22,1.0467125610557078,1.8843779437902959,0.8376653827345881,Reproductive Medicine,Engineering
2743,23,3.6387838446992586,3.9733380026392013,0.3345541579399427,Reproductive Medicine,Environmental Science
2743,24,8.761858079754434,11.036458735824564,2.2746006560701293,Reproductive Medicine,Immunology and Microbiology
2743,25,0.5073653997063738,0.9846431355823606,0.47727773587598676,Reproductive Medicine,Materials Science
2743,26,0.15563335165832168,0.16911234604251874,0.013478994384197057,Reproductive Medicine,Mathematics
2743,27,0.0,0.0,0.0,Reproductive Medicine,Medicine
2743,28,11.323933837478114,7.427913514803689,-3.896020322674425,Reproductive Medicine,Neuroscience
2743,29,1.9466456686763556,1.9411334870421872,-0.005512181634168334,Reproductive Medicine,Nursing
2743,30,0.7109040638046243,0.7796893020398541,0.06878523823522975,Reproductive Medicine,"Pharmacology, Toxicology and Pharmaceutics"
2743,31,0.3569837899599487,0.6369494042233089,0.2799656142633602,Reproductive Medicine,Physics and Astronomy
2743,32,6.930818063164317,8.198192469961722,1.2673744067974049,Reproductive Medicine,Psychology
2743,33,5.705209626981564,6.975903838384628,1.2706942114030637,Reproductive Medicine,Social Sciences
2743,34,0.830919832496365,0.7735266008594522,-0.05739323163691279,Reproductive Medicine,Veterinary
2743,35,0.13455905398622361,0.18908732351931323,0.05452826953308962,Reproductive Medicine,Dentistry
2743,36,2.4406123935049417,2.79855108047803,0.35793868697308806,Reproductive Medicine,Health Professions
2745,11,2.753596897125293,2.8258045546346677,0.07220765750937463,Rheumatology,Agricultural and Biological Sciences
2745,12,0.383366676972108,0.3733286990260593,-0.010037977946048715,Rheumatology,Arts and Humanities
2745,13,41.259686901954375,39.46723164761893,-1.7924552543354437,Rheumatology,"Biochemistry, Genetics and Molecular Biology"
2745,14,0.13469467361985868,0.12549885544062245,-0.009195818179236231,Rheumatology,"Business, Management and Accounting"
2745,15,0.08861827878688773,0.09842697541623434,0.009808696629346608,Rheumatology,Chemical Engineering
2745,16,1.9130646594051632,1.803420002761845,-0.10964465664331824,Rheumatology,Chemistry
2745,17,0.40299811691480636,0.6200765597675053,0.21707844285269895,Rheumatology,Computer Science
2745,18,0.1499399133150561,0.13801416215152623,-0.011925751163529869,Rheumatology,Decision Sciences
2745,19,0.18264478506341253,0.2231115551082864,0.04046677004487387,Rheumatology,Earth and Planetary Sciences
2745,20,0.5989718405944111,0.648643137741324,0.049671297146912874,Rheumatology,"Economics, Econometrics and Finance"
2745,21,0.2032343755456135,0.19891752635966758,-0.004316849185945909,Rheumatology,Energy
2745,22,6.0669027549596,7.211951069389457,1.1450483144298564,Rheumatology,Engineering
2745,23,2.009710110489662,1.963508845823245,-0.04620126466641694,Rheumatology,Environmental Science
2745,24,16.21067217880026,16.691068912045058,0.4803967332447989,Rheumatology,Immunology and Microbiology
2745,25,3.445594508988304,3.7507437237744647,0.3051492147861605,Rheumatology,Materials Science
2745,26,0.3291566486704703,0.3105513851499751,-0.018605263520495186,Rheumatology,Mathematics
2745,27,0.0,0.0,0.0,Rheumatology,Medicine
2745,28,5.33924065079288,5.4397524066310154,0.10051175583813521,Rheumatology,Neuroscience
2745,29,2.835699752243563,2.4972833307045983,-0.3384164215389647,Rheumatology,Nursing
2745,30,1.2968035246312823,1.671998127835046,0.37519460320376363,Rheumatology,"Pharmacology, Toxicology and Pharmaceutics"
2745,31,0.43742765963426755,0.36269849644540747,-0.07472916318886008,Rheumatology,Physics and Astronomy
2745,32,1.309664034094829,1.434620015433314,0.12495598133848507,Rheumatology,Psychology
2745,33,0.8966372748665616,0.9074155088520698,0.010778233985508145,Rheumatology,Social Sciences
2745,34,1.1024693029859378,0.8867351357308437,-0.2157341672550941,Rheumatology,Veterinary
2745,35,6.335781088578249,6.026131335762478,-0.3096497528157709,Rheumatology,Dentistry
2745,36,4.313423390967152,4.323068030396357,0.00964463942920446,Rheumatology,Health Professions
2746,11,2.9470887806026034,3.0459738109826255,0.09888503038002217,Surgery,Agricultural and Biological Sciences
2746,12,0.31264809536031984,0.2613757381432895,-0.05127235721703033,Surgery,Arts and Humanities
2746,13,38.97923545457073,35.20840010903038,-3.7708353455403483,Surgery,"Biochemistry, Genetics and Molecular Biology"
2746,14,0.27720542075083904,0.27162074808675535,-0.00558467266408369,Surgery,"Business, Management and Accounting"
2746,15,0.1630802671195812,0.16200039032176825,-0.001079876797812962,Surgery,Chemical Engineering
2746,16,1.4199892288405875,1.3935055252506094,-0.02648370358997809,Surgery,Chemistry
2746,17,1.003515173693027,1.4967453832214332,0.49323020952840624,Surgery,Computer Science
2746,18,0.30968699631414287,0.3103126732084062,0.0006256768942633495,Surgery,Decision Sciences
2746,19,0.15554821386893453,0.1846255676740656,0.029077353805131073,Surgery,Earth and Planetary Sciences
2746,20,1.1723947985515184,1.1588442280263267,-0.013550570525191707,Surgery,"Economics, Econometrics and Finance"
2746,21,0.06925609821538828,0.12530627335484557,0.05605017513945729,Surgery,Energy
2746,22,11.706343023282125,15.078569424520124,3.3722264012379988,Surgery,Engineering
2746,23,1.4888768059956436,1.7291372952449542,0.24026048924931054,Surgery,Environmental Science
2746,24,6.921303943886527,6.593335037297206,-0.3279689065893212,Surgery,Immunology and Microbiology
2746,25,4.443258424423766,5.881372399306411,1.4381139748826453,Surgery,Materials Science
2746,26,0.25930305555681266,0.2663765016805937,0.007073446123781024,Surgery,Mathematics
2746,27,0.0,0.0,0.0,Surgery,Medicine
2746,28,7.918657704062072,6.636056916055972,-1.2826007880061,Surgery,Neuroscience
2746,29,3.56253834720244,2.79602615979943,-0.7665121874030101,Surgery,Nursing
2746,30,1.556115736301846,1.4827856987402697,-0.07333003756157641,Surgery,"Pharmacology, Toxicology and Pharmaceutics"
2746,31,0.7130623906155142,0.7165825693486034,0.0035201787330891854,Surgery,Physics and Astronomy
2746,32,1.7539145664737643,1.995882142804076,0.24196757633031174,Surgery,Psychology
2746,33,0.9156067375994279,1.177202212023134,0.2615954744237061,Surgery,Social Sciences
2746,34,1.6590171607973763,1.3594366530620092,-0.29958050773536704,Surgery,Veterinary
2746,35,3.8906966535055076,4.06807743554353,0.1773807820380222,Surgery,Dentistry
2746,36,6.401656922409507,6.6004491072731835,0.19879218486367645,Surgery,Health Professions
2747,11,1.3949415687199003,1.3253467396824523,-0.06959482903744796,Transplantation,Agricultural and Biological Sciences
2747,12,0.2050988448455865,0.2013708175694562,-0.00372802727613028,Transplantation,Arts and Humanities
2747,13,34.31583201427946,30.89988937399856,-3.4159426402808997,Transplantation,"Biochemistry, Genetics and Molecular Biology"
2747,14,0.8638399622806723,1.022995248199867,0.1591552859191947,Transplantation,"Business, Management and Accounting"
2747,15,0.04007678577442495,0.05058875866603152,0.010511972891606568,Transplantation,Chemical Engineering
2747,16,1.5451453204458965,1.1857847556582641,-0.35936056478763234,Transplantation,Chemistry
2747,17,0.5031488903108476,1.0170899456318476,0.513941055321,Transplantation,Computer Science
2747,18,0.257299700266056,0.2986114665228397,0.04131176625678373,Transplantation,Decision Sciences
2747,19,0.028626275553160677,0.03877815352999303,0.010151877976832355,Transplantation,Earth and Planetary Sciences
2747,20,1.9839692856902302,2.1365384691093623,0.15256918341913206,Transplantation,"Economics, Econometrics and Finance"
2747,21,0.01852288418145691,0.030707573353700064,0.012184689172243156,Transplantation,Energy
2747,22,6.651399319704981,9.181170745918452,2.529771426213471,Transplantation,Engineering
2747,23,0.485299565554171,0.7710356719643793,0.2857361064102083,Transplantation,Environmental Science
2747,24,27.967534435725593,26.923849154951203,-1.0436852807743904,Transplantation,Immunology and Microbiology
2747,25,1.1224867813962887,1.6379340889496041,0.5154473075533155,Transplantation,Materials Science
2747,26,0.39504260263361735,0.5610037439618281,0.16596114132821072,Transplantation,Mathematics
2747,27,0.0,0.0,0.0,Transplantation,Medicine
2747,28,3.8402990603846026,3.440232432709077,-0.4000666276755256,Transplantation,Neuroscience
2747,29,2.68042973091301,2.304642748878977,-0.37578698203403293,Transplantation,Nursing
2747,30,4.226585390496076,3.9323409800440143,-0.29424441045206207,Transplantation,"Pharmacology, Toxicology and Pharmaceutics"
2747,31,0.05455831340720035,0.08050895834399568,0.025950644936795338,Transplantation,Physics and Astronomy
2747,32,2.8030175462230154,3.2325626257337334,0.4295450795107181,Transplantation,Psychology
2747,33,1.3514969858215742,1.7410800404710067,0.38958305464943255,Transplantation,Social Sciences
2747,34,0.3785403967265012,0.30294202173938717,-0.07559837498711403,Transplantation,Veterinary
2747,35,0.7776243559088001,0.647418004873843,-0.13020635103495704,Transplantation,Dentistry
2747,36,6.109183982756878,7.035577479538127,0.926393496781249,Transplantation,Health Professions
2748,11,2.522374387299653,2.709744090472298,0.1873697031726449,Urology,Agricultural and Biological Sciences
2748,12,0.43138556006045803,0.39802520967022575,-0.033360350390232274,Urology,Arts and Humanities
2748,13,35.2192018741136,29.85976962655415,-5.35943224755945,Urology,"Biochemistry, Genetics and Molecular Biology"
2748,14,0.08263238396514416,0.06802587093515523,-0.01460651302998893,Urology,"Business, Management and Accounting"
2748,15,0.05501870009800424,0.05578543500680259,0.0007667349087983472,Urology,Chemical Engineering
2748,16,0.718094892303155,0.7604546688821386,0.0423597765789836,Urology,Chemistry
2748,17,0.20352050124748466,0.24776330654975878,0.04424280530227412,Urology,Computer Science
2748,18,0.12471369061406017,0.09838074509081138,-0.026332945523248788,Urology,Decision Sciences
2748,19,0.5008023270614798,0.45690592732557733,-0.043896399735902425,Urology,Earth and Planetary Sciences
2748,20,0.2799624120031189,0.23960301593085703,-0.040359396072261855,Urology,"Economics, Econometrics and Finance"
2748,21,0.022188325323973895,0.044881598403959715,0.02269327307998582,Urology,Energy
2748,22,8.76522317351479,11.552896270043714,2.7876730965289234,Urology,Engineering
2748,23,1.9094479836794087,1.8079264560842703,-0.10152152759513844,Urology,Environmental Science
2748,24,2.9993886038257123,3.3574671583476254,0.3580785545219132,Urology,Immunology and Microbiology
2748,25,5.911206356294425,7.9825580822754265,2.0713517259810015,Urology,Materials Science
2748,26,0.29317802896724127,0.20017333582831873,-0.09300469313892254,Urology,Mathematics
2748,27,0.0,0.0,0.0,Urology,Medicine
2748,28,5.6919662264475095,4.20754432937184,-1.484421897075669,Urology,Neuroscience
2748,29,0.7879985504554867,0.7528571569266095,-0.03514139352887724,Urology,Nursing
2748,30,0.945125280571026,1.2823615318272439,0.3372362512562179,Urology,"Pharmacology, Toxicology and Pharmaceutics"
2748,31,0.5062972414834043,0.3358029937010998,-0.1704942477823045,Urology,Physics and Astronomy
2748,32,2.621491514530571,2.2279703809589466,-0.3935211335716242,Urology,Psychology
2748,33,1.3195445759282407,1.0471903978704455,-0.27235417805779516,Urology,Social Sciences
2748,34,1.3338730869524995,1.3616781496963106,0.027805062743811115,Urology,Veterinary
2748,35,20.286041595806616,22.57213767254442,2.286096076737806,Urology,Dentistry
2748,36,6.469322727452941,6.372096589701995,-0.0972261377509458,Urology,Health Professions
2802,11,2.7359357748570337,2.5419845744538967,-0.19395120040313696,Behavioral Neuroscience,Agricultural and Biological Sciences
2802,12,0.26766638836362994,0.2784975948833106,0.01083120651968067,Behavioral Neuroscience,Arts and Humanities
2802,13,12.987791395481432,12.444940165992074,-0.5428512294893579,Behavioral Neuroscience,"Biochemistry, Genetics and Molecular Biology"
2802,14,0.09850300574674817,0.16287021458837384,0.06436720884162567,Behavioral Neuroscience,"Business, Management and Accounting"
2802,15,0.01641716762445803,0.029282258646120347,0.012865091021662316,Behavioral Neuroscience,Chemical Engineering
2802,16,0.3960826567414289,0.4461691514764127,0.05008649473498378,Behavioral Neuroscience,Chemistry
2802,17,0.23290932177130885,0.35330368883352087,0.12039436706221202,Behavioral Neuroscience,Computer Science
2802,18,0.1051216386403923,0.13862640125585718,0.03350476261546488,Behavioral Neuroscience,Decision Sciences
2802,19,0.02340555654568003,0.04222414758890633,0.0188185910432263,Behavioral Neuroscience,Earth and Planetary Sciences
2802,20,0.07162174254183605,0.1330939907154296,0.06147224817359355,Behavioral Neuroscience,"Economics, Econometrics and Finance"
2802,21,0.00584214523573056,0.012191061798013667,0.006348916562283107,Behavioral Neuroscience,Energy
2802,22,0.3415436426736911,0.6129910878793776,0.27144744520568653,Behavioral Neuroscience,Engineering
2802,23,1.4400518250048253,1.8776211029848344,0.4375692779800091,Behavioral Neuroscience,Environmental Science
2802,24,2.1465446668978876,1.9795162499740666,-0.16702841692382098,Behavioral Neuroscience,Immunology and Microbiology
2802,25,0.07498652239279478,0.15907656164636633,0.08409003925357154,Behavioral Neuroscience,Materials Science
2802,26,0.06677793858056577,0.08462612265946926,0.017848184078903484,Behavioral Neuroscience,Mathematics
2802,27,44.27943054613705,42.4350904993692,-1.8443400467678472,Behavioral Neuroscience,Medicine
2802,28,0.0,0.0,0.0,Behavioral Neuroscience,Neuroscience
2802,29,1.5701319955067246,1.3901366999368714,-0.17999529556985316,Behavioral Neuroscience,Nursing
2802,30,0.6293247589375578,0.6151250176592569,-0.014199741278300926,Behavioral Neuroscience,"Pharmacology, Toxicology and Pharmaceutics"
2802,31,0.033315018084767306,0.03886518404650386,0.005550165961736554,Behavioral Neuroscience,Physics and Astronomy
2802,32,25.749366053290718,26.33055955392964,0.5811935006389213,Behavioral Neuroscience,Psychology
2802,33,2.6259333566526135,3.4478575246216967,0.8219241679690832,Behavioral Neuroscience,Social Sciences
2802,34,1.1243171530560707,1.004883340232381,-0.11943381282368981,Behavioral Neuroscience,Veterinary
2802,35,0.13026504851568838,0.1870152348755257,0.056750186359837335,Behavioral Neuroscience,Dentistry
2802,36,2.846714680719368,3.253452569952885,0.40673788923351717,Behavioral Neuroscience,Health Professions
2803,11,1.8241187160584795,2.629708955397473,0.8055902393389935,Biological Psychiatry,Agricultural and Biological Sciences
2803,12,0.7124841030582351,0.3801856256317147,-0.33229847742652036,Biological Psychiatry,Arts and Humanities
2803,13,17.984356346555103,21.45179884078401,3.4674424942289086,Biological Psychiatry,"Biochemistry, Genetics and Molecular Biology"
2803,14,0.03781612330713068,0.03309115675728675,-0.004724966549843931,Biological Psychiatry,"Business, Management and Accounting"
2803,15,0.041889991391739614,0.04542217737810486,0.0035321859863652466,Biological Psychiatry,Chemical Engineering
2803,16,1.339062726941021,1.180601428647537,-0.15846129829348388,Biological Psychiatry,Chemistry
2803,17,0.5018828355538866,0.5858360344438172,0.08395319888993058,Biological Psychiatry,Computer Science
2803,18,0.04862072996631089,0.03981944184247959,-0.008801288123831297,Biological Psychiatry,Decision Sciences
2803,19,0.01594122293977406,0.02821377537582725,0.012272552436053193,Biological Psychiatry,Earth and Planetary Sciences
2803,20,0.17154527130190195,0.13524103143359748,-0.03630423986830447,Biological Psychiatry,"Economics, Econometrics and Finance"
2803,21,0.022406274465349093,0.031615436236742595,0.009209161771393502,Biological Psychiatry,Energy
2803,22,0.346987285989082,0.6623734038144125,0.31538611782533044,Biological Psychiatry,Engineering
2803,23,0.8282350940709279,1.1831526742932237,0.3549175802222958,Biological Psychiatry,Environmental Science
2803,24,4.72807816158732,4.312580617486487,-0.41549754410083306,Biological Psychiatry,Immunology and Microbiology
2803,25,0.2996949912677523,0.4804595843920794,0.18076459312432713,Biological Psychiatry,Materials Science
2803,26,0.08448848158080252,0.07428627027146004,-0.010202211309342485,Biological Psychiatry,Mathematics
2803,27,48.275779614364104,48.21131417414553,-0.06446544021857648,Biological Psychiatry,Medicine
2803,28,0.0,0.0,0.0,Biological Psychiatry,Neuroscience
2803,29,1.459773209534977,1.5984804580836594,0.13870724854868244,Biological Psychiatry,Nursing
2803,30,1.2696298448033385,1.2847272680886443,0.015097423285305833,Biological Psychiatry,"Pharmacology, Toxicology and Pharmaceutics"
2803,31,0.062436456514115064,0.060254419220184256,-0.002182037293930808,Biological Psychiatry,Physics and Astronomy
2803,32,15.757190377169335,11.731477894081785,-4.025712483087551,Biological Psychiatry,Psychology
2803,33,1.5253979106370468,1.2117416328522401,-0.31365627778480665,Biological Psychiatry,Social Sciences
2803,34,0.3208613928377857,0.2050751279312124,-0.11578626490657329,Biological Psychiatry,Veterinary
2803,35,0.11344836992139207,0.23921679760142892,0.12576842768003685,Biological Psychiatry,Dentistry
2803,36,2.2278744681830904,2.2033257738090626,-0.024548694374027846,Biological Psychiatry,Health Professions
2804,11,4.151152371993772,4.556151538858877,0.40499916686510495,Cellular and Molecular Neuroscience,Agricultural and Biological Sciences
2804,12,0.12052059620497946,0.11023742627982251,-0.010283169925156946,Cellular and Molecular Neuroscience,Arts and Humanities
2804,13,33.719569466828396,28.55977556653641,-5.159793900291987,Cellular and Molecular Neuroscience,"Biochemistry, Genetics and Molecular Biology"
2804,14,0.019487563147283823,0.03300358361164593,0.013516020464362108,Cellular and Molecular Neuroscience,"Business, Management and Accounting"
2804,15,0.1687917400690203,0.20267133484147848,0.033879594772458166,Cellular and Molecular Neuroscience,Chemical Engineering
2804,16,2.251912203482486,2.3563711724213277,0.10445896893884177,Cellular and Molecular Neuroscience,Chemistry
2804,17,0.9947219326560317,1.571174649609775,0.5764527169537432,Cellular and Molecular Neuroscience,Computer Science
2804,18,0.06732623250973734,0.08088038054052776,0.013554148030790428,Cellular and Molecular Neuroscience,Decision Sciences
2804,19,0.21701046278135358,0.25640021398327617,0.03938975120192259,Cellular and Molecular Neuroscience,Earth and Planetary Sciences
2804,20,0.05262209945576797,0.06310244258919764,0.010480343133429673,Cellular and Molecular Neuroscience,"Economics, Econometrics and Finance"
2804,21,0.16609641918539014,0.22360695289895213,0.05751053371356199,Cellular and Molecular Neuroscience,Energy
2804,22,3.3446529529730284,6.266002631077973,2.921349678104945,Cellular and Molecular Neuroscience,Engineering
2804,23,1.7684013422785367,1.9743856720563613,0.20598432977782455,Cellular and Molecular Neuroscience,Environmental Science
2804,24,2.0659874836637124,2.098387855090507,0.03240037142679464,Cellular and Molecular Neuroscience,Immunology and Microbiology
2804,25,1.764351808309128,3.0982412546045714,1.3338894462954434,Cellular and Molecular Neuroscience,Materials Science
2804,26,0.1082671519933383,0.11186884696472475,0.003601694971386446,Cellular and Molecular Neuroscience,Mathematics
2804,27,39.26920021878841,39.10535277084866,-0.1638474479397516,Cellular and Molecular Neuroscience,Medicine
2804,28,0.0,0.0,0.0,Cellular and Molecular Neuroscience,Neuroscience
2804,29,1.7276701074017662,1.2890127682258823,-0.4386573391758839,Cellular and Molecular Neuroscience,Nursing
2804,30,1.069002704625638,1.034570827503752,-0.03443187712188611,Cellular and Molecular Neuroscience,"Pharmacology, Toxicology and Pharmaceutics"
2804,31,1.1843903963925861,1.300469661572295,0.1160792651797089,Cellular and Molecular Neuroscience,Physics and Astronomy
2804,32,4.7666509563387285,4.585781435444428,-0.18086952089430053,Cellular and Molecular Neuroscience,Psychology
2804,33,0.25776790823397816,0.3260425502936586,0.06827464205968042,Cellular and Molecular Neuroscience,Social Sciences
2804,34,0.24549699030510116,0.22113424210476232,-0.024362748200338846,Cellular and Molecular Neuroscience,Veterinary
2804,35,0.07629024945172937,0.09797619137621931,0.021685941924489943,Cellular and Molecular Neuroscience,Dentistry
2804,36,0.4226586409300945,0.47739803066491077,0.05473938973481629,Cellular and Molecular Neuroscience,Health Professions
2805,11,1.007901937414073,0.8867173366703269,-0.12118460074374604,Cognitive Neuroscience,Agricultural and Biological Sciences
2805,12,2.109012836276269,2.031049394310138,-0.07796344196613081,Cognitive Neuroscience,Arts and Humanities
2805,13,8.55268899943769,6.918247358009376,-1.6344416414283138,Cognitive Neuroscience,"Biochemistry, Genetics and Molecular Biology"
2805,14,0.8711610224897156,1.0634361059976842,0.19227508350796862,Cognitive Neuroscience,"Business, Management and Accounting"
2805,15,0.03327584676106661,0.061098393327971505,0.027822546566904895,Cognitive Neuroscience,Chemical Engineering
2805,16,0.28079993327611585,0.2683834409054353,-0.012416492370680543,Cognitive Neuroscience,Chemistry
2805,17,7.566036466755094,7.587001215550071,0.02096474879497734,Cognitive Neuroscience,Computer Science
2805,18,1.2160912180068393,1.143238836128072,-0.07285238187876719,Cognitive Neuroscience,Decision Sciences
2805,19,0.13336705400598903,0.14282402201025818,0.00945696800426915,Cognitive Neuroscience,Earth and Planetary Sciences
2805,20,0.4719530995665638,0.5257370576299284,0.05378395806336461,Cognitive Neuroscience,"Economics, Econometrics and Finance"
2805,21,0.01061663092813461,0.02463164718637848,0.014015016258243872,Cognitive Neuroscience,Energy
2805,22,5.745405334144064,7.342724773114442,1.597319438970378,Cognitive Neuroscience,Engineering
2805,23,0.8182392966011176,1.1075236797757997,0.2892843831746821,Cognitive Neuroscience,Environmental Science
2805,24,0.2003546051587248,0.224647259756093,0.024292654597368207,Cognitive Neuroscience,Immunology and Microbiology
2805,25,0.20366927553466546,0.8061532558442633,0.6024839803095978,Cognitive Neuroscience,Materials Science
2805,26,1.1404887524516991,0.8354042519630586,-0.30508450048864055,Cognitive Neuroscience,Mathematics
2805,27,29.801216634694804,29.708023716367,-0.09319291832780507,Cognitive Neuroscience,Medicine
2805,28,0.0,0.0,0.0,Cognitive Neuroscience,Neuroscience
2805,29,0.6443051971986731,0.47512675818020694,-0.16917843901846613,Cognitive Neuroscience,Nursing
2805,30,0.19244459630704824,0.15269961901474338,-0.03974497729230486,Cognitive Neuroscience,"Pharmacology, Toxicology and Pharmaceutics"
2805,31,1.55985374555062,1.2701403796470363,-0.28971336590358376,Cognitive Neuroscience,Physics and Astronomy
2805,32,29.255786548142087,27.673062638835166,-1.582723909306921,Cognitive Neuroscience,Psychology
2805,33,5.002370312176302,6.1872408799642535,1.1848705677879519,Cognitive Neuroscience,Social Sciences
2805,34,0.13451857910412424,0.12881468116450834,-0.005703897939615898,Cognitive Neuroscience,Veterinary
2805,35,0.08892033760133017,0.10597660052082733,0.01705626291949716,Cognitive Neuroscience,Dentistry
2805,36,2.9595217404171854,3.330096698126963,0.37057495770977766,Cognitive Neuroscience,Health Professions
2806,11,1.0238694849809864,1.1367112311756398,0.11284174619465337,Developmental Neuroscience,Agricultural and Biological Sciences
2806,12,0.10437680085406875,0.085992992677116,-0.018383808176952746,Developmental Neuroscience,Arts and Humanities
2806,13,32.738618722882606,28.371103312907692,-4.367515409974914,Developmental Neuroscience,"Biochemistry, Genetics and Molecular Biology"
2806,14,0.011697919910854615,0.020063879521328716,0.008365959610474101,Developmental Neuroscience,"Business, Management and Accounting"
2806,15,0.07220752109921856,0.05801416326709776,-0.0141933578321208,Developmental Neuroscience,Chemical Engineering
2806,16,0.5541135825814354,0.5836670688659398,0.029553486284504382,Developmental Neuroscience,Chemistry
2806,17,0.2574446858731638,0.3099791619070398,0.052534476033875954,Developmental Neuroscience,Computer Science
2806,18,0.023305391987346952,0.026216111312537177,0.0029107193251902246,Developmental Neuroscience,Decision Sciences
2806,19,0.0629215434380247,0.06558348215628121,0.0026619387182565124,Developmental Neuroscience,Earth and Planetary Sciences
2806,20,0.05773586760125409,0.053365426323740806,-0.004370441277513286,Developmental Neuroscience,"Economics, Econometrics and Finance"
2806,21,0.01802926831621407,0.04686756353302625,0.02883829521681218,Developmental Neuroscience,Energy
2806,22,1.7846563690802268,2.6355573420837883,0.8509009730035615,Developmental Neuroscience,Engineering
2806,23,1.1850776750926864,1.5051193135491845,0.32004163845649813,Developmental Neuroscience,Environmental Science
2806,24,2.1021282676918225,2.585319876305578,0.48319160861375554,Developmental Neuroscience,Immunology and Microbiology
2806,25,1.2617472893537773,1.7992858572288204,0.5375385678750431,Developmental Neuroscience,Materials Science
2806,26,0.13386279485617136,0.10571124119893864,-0.028151553657232722,Developmental Neuroscience,Mathematics
2806,27,51.69440450502574,53.21060091751205,1.516196412486316,Developmental Neuroscience,Medicine
2806,28,0.0,0.0,0.0,Developmental Neuroscience,Neuroscience
2806,29,1.0911325244684003,1.0279757187310228,-0.06315680573737747,Developmental Neuroscience,Nursing
2806,30,0.3973674856316078,0.5091144622724755,0.11174697664086769,Developmental Neuroscience,"Pharmacology, Toxicology and Pharmaceutics"
2806,31,0.15749982890284667,0.18162909024045204,0.024129261337605373,Developmental Neuroscience,Physics and Astronomy
2806,32,3.7085722538002406,3.8453522481049918,0.13677999430475118,Developmental Neuroscience,Psychology
2806,33,0.39058389805443694,0.4480069015597981,0.05742300350536117,Developmental Neuroscience,Social Sciences
2806,34,0.3408074398770633,0.28766868088892145,-0.053138758988141854,Developmental Neuroscience,Veterinary
2806,35,0.16820282263571623,0.19835763061654696,0.030154807980830728,Developmental Neuroscience,Dentistry
2806,36,0.6596360560040931,0.9027363260599898,0.24310027005589663,Developmental Neuroscience,Health Professions
2807,11,3.4701264775514584,3.772803474593247,0.30267699704178863,Endocrine and Autonomic Systems,Agricultural and Biological Sciences
2807,12,0.05990230280262229,0.07109974264097946,0.011197439838357165,Endocrine and Autonomic Systems,Arts and Humanities
2807,13,17.670909833784208,17.14267405119307,-0.528235782591139,Endocrine and Autonomic Systems,"Biochemistry, Genetics and Molecular Biology"
2807,14,0.03805839883135862,0.05589033091001486,0.017831932078656236,Endocrine and Autonomic Systems,"Business, Management and Accounting"
2807,15,0.045349681376941495,0.048128780786847306,0.002779099409905811,Endocrine and Autonomic Systems,Chemical Engineering
2807,16,0.5572366428419893,0.6240160823620565,0.06677943952006726,Endocrine and Autonomic Systems,Chemistry
2807,17,0.21179154597497996,0.30868742418260614,0.09689587820762618,Endocrine and Autonomic Systems,Computer Science
2807,18,0.02971908799380286,0.03579634086828085,0.006077252874477992,Endocrine and Autonomic Systems,Decision Sciences
2807,19,0.1321413957850398,0.1859007767375767,0.053759380952536906,Endocrine and Autonomic Systems,Earth and Planetary Sciences
2807,20,0.057836189884161435,0.07155683162051935,0.01372064173635791,Endocrine and Autonomic Systems,"Economics, Econometrics and Finance"
2807,21,0.05897404917258915,0.07498051770256324,0.01600646852997409,Endocrine and Autonomic Systems,Energy
2807,22,0.9294214329870497,1.3420580565741718,0.41263662358712205,Endocrine and Autonomic Systems,Engineering
2807,23,1.800422774612982,2.663323045843784,0.862900271230802,Endocrine and Autonomic Systems,Environmental Science
2807,24,1.5613375775484792,1.6261164510356874,0.06477887348720812,Endocrine and Autonomic Systems,Immunology and Microbiology
2807,25,0.20971046122377662,0.39351776126780347,0.18380730004402684,Endocrine and Autonomic Systems,Materials Science
2807,26,0.04996100586162224,0.056813471398105234,0.006852465536482992,Endocrine and Autonomic Systems,Mathematics
2807,27,55.501542173631634,54.00966967254952,-1.4918725010821134,Endocrine and Autonomic Systems,Medicine
2807,28,0.0,0.0,0.0,Endocrine and Autonomic Systems,Neuroscience
2807,29,5.426540777508235,3.463551411082974,-1.9629893664252607,Endocrine and Autonomic Systems,Nursing
2807,30,0.4091801888517039,0.4985765263298937,0.08939633747818981,Endocrine and Autonomic Systems,"Pharmacology, Toxicology and Pharmaceutics"
2807,31,0.17457156977719965,0.1854436877580368,0.010872117980837148,Endocrine and Autonomic Systems,Physics and Astronomy
2807,32,8.68551949789264,9.872440805856833,1.1869213079641927,Endocrine and Autonomic Systems,Psychology
2807,33,0.5231906951856126,0.7835401362214784,0.2603494410358659,Endocrine and Autonomic Systems,Social Sciences
2807,34,0.31464803691574855,0.3017952393734655,-0.012852797542283079,Endocrine and Autonomic Systems,Veterinary
2807,35,0.08619284109839953,0.15204930466459304,0.06585646356619351,Endocrine and Autonomic Systems,Dentistry
2807,36,1.9957153609057598,2.2595700764458915,0.2638547155401316,Endocrine and Autonomic Systems,Health Professions
2808,11,1.491335540997988,1.6850104618578146,0.19367492085982652,Neurology,Agricultural and Biological Sciences
2808,12,0.40588439936012444,0.2818145384285535,-0.12406986093157096,Neurology,Arts and Humanities
2808,13,23.397660698689734,21.1404445981859,-2.2572161005038325,Neurology,"Biochemistry, Genetics and Molecular Biology"
2808,14,0.03592557807868041,0.03943696002296066,0.003511381944280252,Neurology,"Business, Management and Accounting"
2808,15,0.0366379833097024,0.04218324661304957,0.0055452633033471685,Neurology,Chemical Engineering
2808,16,0.7704832193795934,0.7065996183799996,-0.06388360099959378,Neurology,Chemistry
2808,17,0.9930420059567254,2.234111255769425,1.2410692498126998,Neurology,Computer Science
2808,18,0.04771418844916336,0.05178813494626207,0.004073946497098711,Neurology,Decision Sciences
2808,19,0.061538242336852,0.0649005862041218,0.0033623438672698014,Neurology,Earth and Planetary Sciences
2808,20,0.11473116625316067,0.10515574041843019,-0.009575425834730478,Neurology,"Economics, Econometrics and Finance"
2808,21,0.04647596030952989,0.053872751451174115,0.007396791141644224,Neurology,Energy
2808,22,2.610507196904226,3.2131766546003178,0.6026694576960918,Neurology,Engineering
2808,23,0.8485933643523618,0.8914617024998963,0.042868338147534546,Neurology,Environmental Science
2808,24,4.89096722749355,5.366791831405323,0.4758246039117733,Neurology,Immunology and Microbiology
2808,25,0.8183670281218574,1.0825064888135423,0.2641394606916849,Neurology,Materials Science
2808,26,0.12177040841683034,0.10063788553577098,-0.021132522881059365,Neurology,Mathematics
2808,27,54.54832575441594,55.03983787517672,0.4915121207607811,Neurology,Medicine
2808,28,0.0,0.0,0.0,Neurology,Neuroscience
2808,29,2.2517602769967233,1.4699036515864465,-0.7818566254102768,Neurology,Nursing
2808,30,0.6895404155120471,0.9087149278391854,0.21917451232713825,Neurology,"Pharmacology, Toxicology and Pharmaceutics"
2808,31,0.15515168209900362,0.15113113924007404,-0.004020542858929582,Neurology,Physics and Astronomy
2808,32,3.5372446302879763,3.193298093116618,-0.34394653717135837,Neurology,Psychology
2808,33,0.3511140067179813,0.37476851329775446,0.023654506579773138,Neurology,Social Sciences
2808,34,0.16741522929016792,0.12793711259839052,-0.03947811669177739,Neurology,Veterinary
2808,35,0.14163294473889587,0.2004433474159969,0.058810402677101026,Neurology,Dentistry
2808,36,1.4661808515311878,1.4740728845962705,0.007892033065082682,Neurology,Health Professions
2809,11,6.371345404418062,6.997987875072152,0.6266424706540894,Sensory Systems,Agricultural and Biological Sciences
2809,12,0.29309989244718593,0.38218959630316884,0.08908970385598292,Sensory Systems,Arts and Humanities
2809,13,20.682453171531623,16.824641845023987,-3.857811326507637,Sensory Systems,"Biochemistry, Genetics and Molecular Biology"
2809,14,0.284937701997419,0.638140366095858,0.353202664098439,Sensory Systems,"Business, Management and Accounting"
2809,15,0.23267281171002255,0.228622395570064,-0.004050416139958546,Sensory Systems,Chemical Engineering
2809,16,1.0118429016822175,1.1561402421724427,0.14429734049022525,Sensory Systems,Chemistry
2809,17,1.48323459210209,2.256775838847382,0.773541246745292,Sensory Systems,Computer Science
2809,18,0.11954418029103078,0.16111674564066775,0.041572565349636964,Sensory Systems,Decision Sciences
2809,19,0.21110850607730502,0.24683587648096633,0.03572737040366131,Sensory Systems,Earth and Planetary Sciences
2809,20,0.07624762272004493,0.12374405249134982,0.04749642977130489,Sensory Systems,"Economics, Econometrics and Finance"
2809,21,0.026737051843680956,0.06779915275517624,0.041062100911495286,Sensory Systems,Energy
2809,22,5.423490045150685,6.292961476123544,0.8694714309728591,Sensory Systems,Engineering
2809,23,2.652812663957581,3.0211713371662627,0.3683586732086819,Sensory Systems,Environmental Science
2809,24,2.0847174908015806,1.7865027833851312,-0.2982147074164494,Sensory Systems,Immunology and Microbiology
2809,25,0.6445107421815957,0.9424049621544411,0.2978942199728455,Sensory Systems,Materials Science
2809,26,0.12028314403545413,0.10980266826680059,-0.010480475768653547,Sensory Systems,Mathematics
2809,27,34.155072213552465,34.7290316689549,0.5739594554024379,Sensory Systems,Medicine
2809,28,0.0,0.0,0.0,Sensory Systems,Neuroscience
2809,29,8.740597526083741,6.796840605137604,-1.9437569209461376,Sensory Systems,Nursing
2809,30,0.9989110361548089,1.2210206723823624,0.22210963622755353,Sensory Systems,"Pharmacology, Toxicology and Pharmaceutics"
2809,31,0.3801968465058099,0.3454039088054109,-0.03479293770039904,Sensory Systems,Physics and Astronomy
2809,32,9.03218590178097,9.563072126688864,0.5308862249078938,Sensory Systems,Psychology
2809,33,0.7160894576073294,1.080025176020167,0.36393571841283745,Sensory Systems,Social Sciences
2809,34,0.3828839873946221,0.4182741381615635,0.03539015076694141,Sensory Systems,Veterinary
2809,35,0.33159318567942003,0.3721126659513894,0.04051948027196939,Sensory Systems,Dentistry
2809,36,3.5434319222932595,4.2373818243483425,0.693949902055083,Sensory Systems,Health Professions
2910,11,0.38529291807318833,0.3647561266198655,-0.020536791453322822,"Issues, ethics and legal aspects",Agricultural and Biological Sciences
2910,12,1.0983162236665887,0.8608296958096251,-0.23748652785696356,"Issues, ethics and legal aspects",Arts and Humanities
2910,13,1.049431461538684,0.9241972353946986,-0.12523422614398538,"Issues, ethics and legal aspects","Biochemistry, Genetics and Molecular Biology"
2910,14,2.9487057108394006,2.6912874870057264,-0.2574182238336742,"Issues, ethics and legal aspects","Business, Management and Accounting"
2910,15,0.022272938957684306,0.020031474290322836,-0.00224146466736147,"Issues, ethics and legal aspects",Chemical Engineering
2910,16,0.03384329685778006,0.034171338495256595,0.00032804163747653797,"Issues, ethics and legal aspects",Chemistry
2910,17,1.2814171374356036,2.104875896506668,0.8234587590710643,"Issues, ethics and legal aspects",Computer Science
2910,18,2.5142387716908052,1.910583688357393,-0.6036550833334122,"Issues, ethics and legal aspects",Decision Sciences
2910,19,0.027768858960229785,0.02670863238709711,-0.0010602265731326742,"Issues, ethics and legal aspects",Earth and Planetary Sciences
2910,20,1.649933036553653,1.429173682046824,-0.22075935450682915,"Issues, ethics and legal aspects","Economics, Econometrics and Finance"
2910,21,0.045124395810373405,0.08143514384693334,0.03631074803655994,"Issues, ethics and legal aspects",Energy
2910,22,0.6765766782080987,0.984815356939924,0.3082386787318252,"Issues, ethics and legal aspects",Engineering
2910,23,0.5588482865746245,0.8798137727514344,0.32096548617680987,"Issues, ethics and legal aspects",Environmental Science
2910,24,0.19033238745657502,0.2037187842858976,0.013386396829322578,"Issues, ethics and legal aspects",Immunology and Microbiology
2910,25,0.06074437897550266,0.055512059471221446,-0.005232319504281213,"Issues, ethics and legal aspects",Materials Science
2910,26,0.09632322951829708,0.12529490781594085,0.02897167829764377,"Issues, ethics and legal aspects",Mathematics
2910,27,34.42499660120737,37.71206523190686,3.287068630699494,"Issues, ethics and legal aspects",Medicine
2910,28,0.5478564465695335,0.6687632070259414,0.12090676045640791,"Issues, ethics and legal aspects",Neuroscience
2910,29,0.0,0.0,0.0,"Issues, ethics and legal aspects",Nursing
2910,30,0.13710874111613458,0.11613018101644676,-0.02097856009968782,"Issues, ethics and legal aspects","Pharmacology, Toxicology and Pharmaceutics"
2910,31,0.04281032423035425,0.0424195926148013,-0.00039073161555295416,"Issues, ethics and legal aspects",Physics and Astronomy
2910,32,6.336506503987435,6.697320495733165,0.36081399174573026,"Issues, ethics and legal aspects",Psychology
2910,33,13.36434189250559,13.254289746765508,-0.11005214574008271,"Issues, ethics and legal aspects",Social Sciences
2910,34,0.02632256422271782,0.03338579048387139,0.007063226261153573,"Issues, ethics and legal aspects",Veterinary
2910,35,0.17297685060643136,0.2835828321100605,0.11060598150362916,"Issues, ethics and legal aspects",Dentistry
2910,36,32.30791036443735,28.494837640318515,-3.8130727241188325,"Issues, ethics and legal aspects",Health Professions
2911,11,0.2507708119218911,0.22028331380849367,-0.030487498113397432,Leadership and Management,Agricultural and Biological Sciences
2911,12,0.6152792052072628,0.7337985755251942,0.11851937031793147,Leadership and Management,Arts and Humanities
2911,13,0.24117848578280232,0.1318825059832254,-0.10929597979957692,Leadership and Management,"Biochemistry, Genetics and Molecular Biology"
2911,14,9.427886262418635,8.422512739059501,-1.0053735233591343,Leadership and Management,"Business, Management and Accounting"
2911,15,0.010962658444672833,0.007187057546769777,-0.003775600897903056,Leadership and Management,Chemical Engineering
2911,16,0.015073655361425145,0.017967643866924444,0.002893988505499299,Leadership and Management,Chemistry
2911,17,3.280575539568345,7.086079388237662,3.8055038486693173,Leadership and Management,Computer Science
2911,18,1.2977046933881466,0.9680966515498889,-0.32960804183825776,Leadership and Management,Decision Sciences
2911,19,0.0041109969167523125,0.002874823018707911,-0.0012361738980444016,Leadership and Management,Earth and Planetary Sciences
2911,20,0.9263446385748544,0.724814753591732,-0.2015298849831224,Leadership and Management,"Economics, Econometrics and Finance"
2911,21,0.0041109969167523125,0.002874823018707911,-0.0012361738980444016,Leadership and Management,Energy
2911,22,0.6509078451524495,0.690316877367237,0.03940903221478753,Leadership and Management,Engineering
2911,23,0.26447413497773214,0.44272274488101826,0.17824860990328611,Leadership and Management,Environmental Science
2911,24,0.06166495375128469,0.0675583409396359,0.0058933871883512165,Leadership and Management,Immunology and Microbiology
2911,25,0.0041109969167523125,0.01221799782950862,0.008107000912756308,Leadership and Management,Materials Science
2911,26,0.09318259677971909,0.09307239523066861,-0.00011020154905047597,Leadership and Management,Mathematics
2911,27,21.381294964028775,19.877245057101174,-1.5040499069276017,Leadership and Management,Medicine
2911,28,1.014045906132237,0.5825110141656905,-0.4315348919665466,Leadership and Management,Neuroscience
2911,29,0.0,0.0,0.0,Leadership and Management,Nursing
2911,30,0.24665981500513876,0.274186245409267,0.02752643040412825,Leadership and Management,"Pharmacology, Toxicology and Pharmaceutics"
2911,31,0.020554984583761562,0.020123761130955375,-0.0004312234528061863,Leadership and Management,Physics and Astronomy
2911,32,16.815347721822544,18.248657817003142,1.4333100951805982,Leadership and Management,Psychology
2911,33,18.44467283316204,17.249656818002144,-1.1950160151598972,Leadership and Management,Social Sciences
2911,34,0.006851661527920521,0.009343174810800709,0.002491513282880188,Leadership and Management,Veterinary
2911,35,0.6056868790681741,0.6313830054837248,0.025696126415550746,Leadership and Management,Dentistry
2911,36,24.316546762589926,23.48263247543823,-0.8339142871516962,Leadership and Management,Health Professions
2916,11,11.998560966633448,15.137681053675017,3.1391200870415688,Nutrition and Dietetics,Agricultural and Biological Sciences
2916,12,0.0736120914428727,0.07704654065465731,0.00343444921178461,Nutrition and Dietetics,Arts and Humanities
2916,13,18.353973580187144,16.085991402042,-2.267982178145143,Nutrition and Dietetics,"Biochemistry, Genetics and Molecular Biology"
2916,14,0.19145123843071565,0.34360922250724457,0.15215798407652892,Nutrition and Dietetics,"Business, Management and Accounting"
2916,15,0.1924945694303381,0.1979147251868177,0.005420155756479611,Nutrition and Dietetics,Chemical Engineering
2916,16,2.7644454425361595,2.5493704664040324,-0.21507497613212712,Nutrition and Dietetics,Chemistry
2916,17,0.1985637021964344,0.2799271441310923,0.08136344193465792,Nutrition and Dietetics,Computer Science
2916,18,0.04894749214082296,0.056656576666972686,0.007709084526149726,Nutrition and Dietetics,Decision Sciences
2916,19,0.2261674412657132,0.3018625953484036,0.0756951540826904,Nutrition and Dietetics,Earth and Planetary Sciences
2916,20,0.304347286719128,0.445876144407125,0.141528857687997,Nutrition and Dietetics,"Economics, Econometrics and Finance"
2916,21,0.24484561086870982,0.39710709419892437,0.15226148333021455,Nutrition and Dietetics,Energy
2916,22,2.4975053892181283,3.219637810449747,0.7221324212316187,Nutrition and Dietetics,Engineering
2916,23,4.950395654653622,5.687454578222681,0.7370589235690588,Nutrition and Dietetics,Environmental Science
2916,24,2.1995898564052094,2.0871096944350085,-0.11248016197020094,Nutrition and Dietetics,Immunology and Microbiology
2916,25,1.490989977978718,2.241458304509381,0.7504683265306631,Nutrition and Dietetics,Materials Science
2916,26,0.048807533104288245,0.07599671765604633,0.02718918455175809,Nutrition and Dietetics,Mathematics
2916,27,40.043928052148736,38.20470908111671,-1.8392189710320253,Nutrition and Dietetics,Medicine
2916,28,8.164395884313677,5.493942336578426,-2.670453547735251,Nutrition and Dietetics,Neuroscience
2916,29,0.0,0.0,0.0,Nutrition and Dietetics,Nursing
2916,30,0.9802031123708838,1.0206249888783414,0.040421876507457655,Nutrition and Dietetics,"Pharmacology, Toxicology and Pharmaceutics"
2916,31,0.134513357658638,0.1012879080771288,-0.033225449581509206,Nutrition and Dietetics,Physics and Astronomy
2916,32,1.2151116316456287,1.3137996062147799,0.09868797456915113,Nutrition and Dietetics,Psychology
2916,33,1.1020756243206817,1.5618195199716665,0.4597438956509847,Nutrition and Dietetics,Social Sciences
2916,34,0.3705860816463763,0.33574632532703214,-0.03483975631934416,Nutrition and Dietetics,Veterinary
2916,35,0.2712533363530556,0.35681359447511096,0.08556025812205537,Nutrition and Dietetics,Dentistry
2916,36,1.933235086330869,2.4265565688656485,0.4933214825347796,Nutrition and Dietetics,Health Professions
2922,11,0.14869725894096938,0.16874729549903214,0.020050036558062756,Research and Theory,Agricultural and Biological Sciences
2922,12,0.7595222736102456,0.6460959553552171,-0.11342631825502847,Research and Theory,Arts and Humanities
2922,13,0.12828783124318927,0.1473147611832387,0.019026929940049425,Research and Theory,"Biochemistry, Genetics and Molecular Biology"
2922,14,5.087778761803756,5.5093821597212145,0.42160339791745827,Research and Theory,"Business, Management and Accounting"
2922,15,0.005466810990476815,0.004205117492339225,-0.0012616934981375897,Research and Theory,Chemical Engineering
2922,16,0.004373448792381452,0.009766724498336266,0.005393275705954813,Research and Theory,Chemistry
2922,17,0.6578395891873767,1.221518807048862,0.5636792178614853,Research and Theory,Computer Science
2922,18,1.002613135653448,0.8095529417509838,-0.1930601939024642,Research and Theory,Decision Sciences
2922,19,0.007289081320635753,0.006239851762825948,-0.0010492295578098058,Research and Theory,Earth and Planetary Sciences
2922,20,1.177551087348706,0.9944424624625439,-0.1831086248861622,Research and Theory,"Economics, Econometrics and Finance"
2922,21,0.002186724396190726,0.008003288130581107,0.005816563734390381,Research and Theory,Energy
2922,22,0.2937499772216209,0.41739182335250957,0.12364184613088869,Research and Theory,Engineering
2922,23,0.2303349697320898,0.42444556882353024,0.19411059909144043,Research and Theory,Environmental Science
2922,24,0.03571649847111519,0.05032576095670492,0.014609262485589733,Research and Theory,Immunology and Microbiology
2922,25,0.0036445406603178767,0.0027129790273156293,-0.0009315616330022474,Research and Theory,Materials Science
2922,26,0.030614141546670165,0.05968553860094385,0.02907139705427368,Research and Theory,Mathematics
2922,27,23.99602016159893,25.696794750928177,1.7007745893292459,Research and Theory,Medicine
2922,28,0.20044973631748322,0.2851340957708727,0.08468435945338945,Research and Theory,Neuroscience
2922,29,0.0,0.0,0.0,Research and Theory,Nursing
2922,30,0.04008994726349664,0.05968553860094385,0.019595591337447205,Research and Theory,"Pharmacology, Toxicology and Pharmaceutics"
2922,31,0.009475805716826479,0.011665809817457207,0.0021900041006307283,Research and Theory,Physics and Astronomy
2922,32,11.684032902913081,13.220889395914526,1.5368564930014443,Research and Theory,Psychology
2922,33,15.494764617341453,13.710582110344996,-1.7841825069964568,Research and Theory,Social Sciences
2922,34,0.0069246272546039656,0.01478573569887018,0.007861108444266214,Research and Theory,Veterinary
2922,35,0.07289081320635754,0.10363579884345704,0.0307449856370995,Research and Theory,Dentistry
2922,36,38.91968525746857,36.41699572841452,-2.5026895290540523,Research and Theory,Health Professions
3002,11,35.24544953116382,28.664356925687617,-6.581092605476204,Drug Discovery,Agricultural and Biological Sciences
3002,12,0.0,0.06363572085130453,0.06363572085130453,Drug Discovery,Arts and Humanities
3002,13,13.237727523441809,12.083716326097717,-1.1540111973440919,Drug Discovery,"Biochemistry, Genetics and Molecular Biology"
3002,14,0.0,0.10605953475217422,0.10605953475217422,Drug Discovery,"Business, Management and Accounting"
3002,15,0.27578599007170435,0.17676589125362369,-0.09902009881808066,Drug Discovery,Chemical Engineering
3002,16,4.026475455046883,5.253482288057696,1.2270068330108126,Drug Discovery,Chemistry
3002,17,0.882515168229454,1.1737255179240613,0.29121034969460735,Drug Discovery,Computer Science
3002,18,0.0,0.07070635650144948,0.07070635650144948,Drug Discovery,Decision Sciences
3002,19,0.6618863761720905,0.2898960616559429,-0.37199031451614756,Drug Discovery,Earth and Planetary Sciences
3002,20,0.3309431880860452,0.12727144170260907,-0.20367174638343616,Drug Discovery,"Economics, Econometrics and Finance"
3002,21,0.2206287920573635,0.9616064484197129,0.7409776563623494,Drug Discovery,Energy
3002,22,1.8201875344732488,4.199957576186099,2.3797700417128507,Drug Discovery,Engineering
3002,23,2.9784886927744068,3.082797143463197,0.10430845068879036,Drug Discovery,Environmental Science
3002,24,1.8201875344732488,1.788870819486672,-0.03131671498657673,Drug Discovery,Immunology and Microbiology
3002,25,3.750689464975179,10.598882839567276,6.848193374592096,Drug Discovery,Materials Science
3002,26,0.0,0.03535317825072474,0.03535317825072474,Drug Discovery,Mathematics
3002,27,28.0750137892995,24.612882698154564,-3.4621310911449363,Drug Discovery,Medicine
3002,28,0.9928295642581356,0.6363572085130453,-0.3564723557450903,Drug Discovery,Neuroscience
3002,29,2.3717595146166577,1.7040231916849324,-0.6677363229317252,Drug Discovery,Nursing
3002,30,0.0,0.0,0.0,Drug Discovery,"Pharmacology, Toxicology and Pharmaceutics"
3002,31,0.1654715940430226,0.014141271300289896,-0.15133032274273273,Drug Discovery,Physics and Astronomy
3002,32,0.0,0.17676589125362369,0.17676589125362369,Drug Discovery,Psychology
3002,33,0.11031439602868175,0.2828254260057979,0.17251102997711615,Drug Discovery,Social Sciences
3002,34,0.3309431880860452,0.17676589125362369,-0.15417729683242154,Drug Discovery,Veterinary
3002,35,1.765030336458908,2.2272502297956587,0.46221989333675073,Drug Discovery,Dentistry
3002,36,0.9376723662437948,1.491904122180584,0.5542317559367892,Drug Discovery,Health Professions
3003,11,5.174187137189545,6.628867613648389,1.4546804764588437,Pharmaceutical Science,Agricultural and Biological Sciences
3003,12,0.05180816460875886,0.031039271200041848,-0.02076889340871701,Pharmaceutical Science,Arts and Humanities
3003,13,17.097058933693173,15.87083723376205,-1.2262216999311235,Pharmaceutical Science,"Biochemistry, Genetics and Molecular Biology"
3003,14,0.015413177570743999,0.02084369584016532,0.0054305182694213226,Pharmaceutical Science,"Business, Management and Accounting"
3003,15,1.6743351368408421,1.416120162974808,-0.2582149738660342,Pharmaceutical Science,Chemical Engineering
3003,16,23.867222601751003,20.06046002808708,-3.8067625736639243,Pharmaceutical Science,Chemistry
3003,17,0.5106899501773179,0.5655749193105395,0.054884969133221606,Pharmaceutical Science,Computer Science
3003,18,0.06765224821911506,0.04654559664946241,-0.02110665156965265,Pharmaceutical Science,Decision Sciences
3003,19,0.3043853970583702,0.21971065596015898,-0.08467474109821121,Pharmaceutical Science,Earth and Planetary Sciences
3003,20,0.04922272837108567,0.044801966920815124,-0.004420761450270545,Pharmaceutical Science,"Economics, Econometrics and Finance"
3003,21,0.35211652760002904,0.510803649590054,0.15868712199002494,Pharmaceutical Science,Energy
3003,22,6.65076954846682,8.781984125515784,2.131214577048964,Pharmaceutical Science,Engineering
3003,23,2.873115739041977,2.1572692788547094,-0.7158464601872674,Pharmaceutical Science,Environmental Science
3003,24,1.7155695301698863,2.2341620188729947,0.5185924887031084,Pharmaceutical Science,Immunology and Microbiology
3003,25,13.617326930732517,15.340108288723254,1.722781357990737,Pharmaceutical Science,Materials Science
3003,26,0.10116347945357136,0.08431980405328693,-0.016843675400284433,Pharmaceutical Science,Mathematics
3003,27,20.978561098664557,21.663108641575345,0.6845475429107886,Pharmaceutical Science,Medicine
3003,28,1.655408417716337,1.4906037657344282,-0.16480465198190886,Pharmaceutical Science,Neuroscience
3003,29,0.7171602363884241,0.7938040716549296,0.07664383526650553,Pharmaceutical Science,Nursing
3003,30,0.0,0.0,0.0,Pharmaceutical Science,"Pharmacology, Toxicology and Pharmaceutics"
3003,31,1.2058076853086563,0.7145687451309805,-0.4912389401776759,Pharmaceutical Science,Physics and Astronomy
3003,32,0.13424380464841545,0.10795863151952804,-0.02628517312888741,Pharmaceutical Science,Psychology
3003,33,0.07153040257562485,0.06306349354451041,-0.008466909031114439,Pharmaceutical Science,Social Sciences
3003,34,0.2642116955191407,0.1798068244602767,-0.08440487105886399,Pharmaceutical Science,Veterinary
3003,35,0.35284575320552664,0.4763170493845187,0.12347129617899205,Pharmaceutical Science,Dentistry
3003,36,0.4981936750285641,0.4973204670318883,-0.0008732079966757844,Pharmaceutical Science,Health Professions
3004,11,8.298737974229375,11.172208841290027,2.873470867060652,Pharmacology,Agricultural and Biological Sciences
3004,12,0.17165691029054356,0.12484287482226063,-0.04681403546828293,Pharmacology,Arts and Humanities
3004,13,21.671438006876333,20.67418687527193,-0.9972511316044042,Pharmacology,"Biochemistry, Genetics and Molecular Biology"
3004,14,0.40623732865285866,0.35377745144662986,-0.0524598772062288,Pharmacology,"Business, Management and Accounting"
3004,15,0.20811088328874455,0.3115504051560478,0.10343952186730326,Pharmacology,Chemical Engineering
3004,16,6.803424734038637,6.648170313043112,-0.1552544209955249,Pharmacology,Chemistry
3004,17,1.608984988505326,1.9362665016235496,0.3272815131182236,Pharmacology,Computer Science
3004,18,0.4120915134791707,0.37298200807899373,-0.03910950540017699,Pharmacology,Decision Sciences
3004,19,0.08984198369950722,0.09176295973945435,0.0019209760399471337,Pharmacology,Earth and Planetary Sciences
3004,20,1.37462006160901,1.0136788939801535,-0.36094116762885653,Pharmacology,"Economics, Econometrics and Finance"
3004,21,0.12146535633489242,0.19412245118724017,0.07265709485234775,Pharmacology,Energy
3004,22,1.0097930096723344,1.550655266012274,0.5408622563399397,Pharmacology,Engineering
3004,23,2.29112322412585,2.001781171810256,-0.28934205231559407,Pharmacology,Environmental Science
3004,24,2.702262983630191,2.7638211605933103,0.06155817696311949,Pharmacology,Immunology and Microbiology
3004,25,1.0899199197797103,2.0037520029786946,0.9138320831989843,Pharmacology,Materials Science
3004,26,0.4069197182951896,0.3464597464804093,-0.0604599718147803,Pharmacology,Mathematics
3004,27,43.36675965123425,40.82522854792253,-2.541531103311719,Pharmacology,Medicine
3004,28,2.99536729263346,2.837440100652027,-0.1579271919814329,Pharmacology,Neuroscience
3004,29,1.423015853348001,1.5043539902658616,0.08133813691786052,Pharmacology,Nursing
3004,30,0.0,0.0,0.0,Pharmacology,"Pharmacology, Toxicology and Pharmaceutics"
3004,31,0.08115049457087209,0.07426410003762254,-0.006886394533249546,Pharmacology,Physics and Astronomy
3004,32,0.7087873469157604,0.6445678457745954,-0.06421950114116504,Pharmacology,Psychology
3004,33,0.6328625203953694,0.6545280553119511,0.02166553491658174,Pharmacology,Social Sciences
3004,34,0.509457740866484,0.38622104435846044,-0.12323669650802355,Pharmacology,Veterinary
3004,35,0.18390400860816575,0.2630043261953599,0.07910031758719416,Pharmacology,Dentistry
3004,36,1.4320664949199682,1.2503730659672543,-0.1816934289527139,Pharmacology,Health Professions
3005,11,4.446191399546983,5.459969389909225,1.0137779903622421,Toxicology,Agricultural and Biological Sciences
3005,12,0.13406033358500927,0.1215695587924847,-0.01249077479252457,Toxicology,Arts and Humanities
3005,13,19.140490939666417,17.159409964112307,-1.9810809755541108,Toxicology,"Biochemistry, Genetics and Molecular Biology"
3005,14,0.08585223762783993,0.08715959468017732,0.0013073570523373934,Toxicology,"Business, Management and Accounting"
3005,15,0.30431695723797103,0.34945640700865527,0.04513944977068424,Toxicology,Chemical Engineering
3005,16,13.537626981947973,13.305071775385265,-0.2325552065627079,Toxicology,Chemistry
3005,17,0.7296635836364884,1.481502005488706,0.7518384218522176,Toxicology,Computer Science
3005,18,0.09732780218271674,0.10927274646400674,0.011944944281290004,Toxicology,Decision Sciences
3005,19,0.13888650559406962,0.15766835549926111,0.018781849905191494,Toxicology,Earth and Planetary Sciences
3005,20,0.7149169469421375,0.8246516782773907,0.10973473133525324,Toxicology,"Economics, Econometrics and Finance"
3005,21,0.130199395977761,0.2123443107451974,0.0821449147674364,Toxicology,Energy
3005,22,1.605506555014071,2.4467489972556473,0.8412424422415763,Toxicology,Engineering
3005,23,1.723211527901709,1.9424477517416086,0.2192362238398995,Toxicology,Environmental Science
3005,24,2.412013521861487,2.5450707198648934,0.13305719800340654,Toxicology,Immunology and Microbiology
3005,25,1.8398440181206672,2.704348743930758,0.8645047258100906,Toxicology,Materials Science
3005,26,0.22961853936440388,0.23126451340510873,0.0016459740407048506,Toxicology,Mathematics
3005,27,37.16452742123687,37.439571458729155,0.275044037492286,Toxicology,Medicine
3005,28,7.630231570457821,5.670149883892759,-1.9600816865650614,Toxicology,Neuroscience
3005,29,1.401895720365159,1.2755172049820562,-0.12637851538310274,Toxicology,Nursing
3005,30,0.0,0.0,0.0,Toxicology,"Pharmacology, Toxicology and Pharmaceutics"
3005,31,0.22886780149632782,0.15616423896981213,-0.07270356252651569,Toxicology,Physics and Astronomy
3005,32,3.408618041732445,3.299794173527549,-0.10882386820489609,Toxicology,Psychology
3005,33,0.7909559681515547,1.040083386109352,0.24912741795779725,Toxicology,Social Sciences
3005,34,0.25734221634978377,0.2724034198860038,0.015061203536220036,Toxicology,Veterinary
3005,35,0.18328728807742467,0.22187038209837448,0.03858309402094981,Toxicology,Dentistry
3005,36,1.6645467259249092,1.4864893392442475,-0.17805738668066162,Toxicology,Health Professions
3102,11,1.5993005337073534,0.8127842998672754,-0.786516233840078,Acoustics and Ultrasonics,Agricultural and Biological Sciences
3102,12,0.08075435496700001,0.06060954713368206,-0.02014480783331795,Acoustics and Ultrasonics,Arts and Humanities
3102,13,3.7608456741774288,4.602011004228286,0.8411653300508575,Acoustics and Ultrasonics,"Biochemistry, Genetics and Molecular Biology"
3102,14,0.010321985221345866,0.013354645978607912,0.003032660757262046,Acoustics and Ultrasonics,"Business, Management and Accounting"
3102,15,0.4729897933781429,0.2734620584234943,-0.1995277349546486,Acoustics and Ultrasonics,Chemical Engineering
3102,16,3.673412387596617,2.269467991995431,-1.4039443956011861,Acoustics and Ultrasonics,Chemistry
3102,17,10.906695325355045,15.87230492971347,4.965609604358425,Acoustics and Ultrasonics,Computer Science
3102,18,0.08682611097955639,0.06697868598501815,-0.019847424994538246,Acoustics and Ultrasonics,Decision Sciences
3102,19,3.2848200027930075,1.729529382275714,-1.5552906205172934,Acoustics and Ultrasonics,Earth and Planetary Sciences
3102,20,0.2525850501223459,0.09964620460961288,-0.152938845512733,Acoustics and Ultrasonics,"Economics, Econometrics and Finance"
3102,21,0.3958784920186767,0.47398720419459156,0.07810871217591486,Acoustics and Ultrasonics,Energy
3102,22,44.9419236537399,50.23812361060318,5.296199956863283,Acoustics and Ultrasonics,Engineering
3102,23,2.525850501223459,1.5951610981217204,-0.9306894031017385,Acoustics and Ultrasonics,Environmental Science
3102,24,0.013357863227624061,0.01766922391015816,0.004311360682534097,Acoustics and Ultrasonics,Immunology and Microbiology
3102,25,19.813961395775273,16.163436212047124,-3.650525183728149,Acoustics and Ultrasonics,Materials Science
3102,26,1.4311128921595413,0.8974322097624516,-0.5336806823970897,Acoustics and Ultrasonics,Mathematics
3102,27,4.998269549536421,3.1519019070434457,-1.8463676424929756,Acoustics and Ultrasonics,Medicine
3102,28,1.5525480124106694,1.4770238452340352,-0.07552416717663424,Acoustics and Ultrasonics,Neuroscience
3102,29,0.012143512025112782,0.007396419311228998,-0.004747092713883784,Acoustics and Ultrasonics,Nursing
3102,30,0.02064397044269173,0.016025575174329492,-0.0046183952683622395,Acoustics and Ultrasonics,"Pharmacology, Toxicology and Pharmaceutics"
3102,31,0.0,0.0,0.0,Acoustics and Ultrasonics,Physics and Astronomy
3102,32,0.05100275050547369,0.03472207954438057,-0.01628067096109312,Acoustics and Ultrasonics,Psychology
3102,33,0.04857404810045113,0.06780051035293247,0.01922646225248134,Acoustics and Ultrasonics,Social Sciences
3102,34,0.0006071756012556392,0.0012327365518714996,0.0006255609506158604,Acoustics and Ultrasonics,Veterinary
3102,35,0.017000916835157896,0.013560102070586496,-0.0034408147645713996,Acoustics and Ultrasonics,Dentistry
3102,36,0.04857404810045113,0.04437851586737398,-0.00419553223307715,Acoustics and Ultrasonics,Health Professions
3103,11,0.9485579502970416,0.9802324898555824,0.031674539558540826,Astronomy and Astrophysics,Agricultural and Biological Sciences
3103,12,1.0809078372355732,0.8419461263983096,-0.23896171083726359,Astronomy and Astrophysics,Arts and Humanities
3103,13,10.409781097522892,8.477884863853795,-1.9318962336690966,Astronomy and Astrophysics,"Biochemistry, Genetics and Molecular Biology"
3103,14,0.2000160358615461,0.17649466774610406,-0.023521368115442032,Astronomy and Astrophysics,"Business, Management and Accounting"
3103,15,0.47740186193209655,0.526037848229401,0.04863598629730448,Astronomy and Astrophysics,Chemical Engineering
3103,16,6.401550507885127,6.019455853197662,-0.3820946546874655,Astronomy and Astrophysics,Chemistry
3103,17,4.636525154150662,4.99834187339213,0.3618167192414683,Astronomy and Astrophysics,Computer Science
3103,18,0.4397327154700031,0.38021503363114484,-0.05951768183885825,Astronomy and Astrophysics,Decision Sciences
3103,19,26.22371237110528,26.322386834871953,0.09867446376667388,Astronomy and Astrophysics,Earth and Planetary Sciences
3103,20,0.6058832593601778,0.5630115486988403,-0.04287171066133755,Astronomy and Astrophysics,"Economics, Econometrics and Finance"
3103,21,0.33781206445724765,0.4187776155377145,0.08096555108046682,Astronomy and Astrophysics,Energy
3103,22,24.641629831370597,26.55998902383526,1.9183591924646635,Astronomy and Astrophysics,Engineering
3103,23,8.60611407203041,9.108574173226081,0.5024601011956715,Astronomy and Astrophysics,Environmental Science
3103,24,0.04655154416485903,0.049674016281096314,0.003122472116237285,Astronomy and Astrophysics,Immunology and Microbiology
3103,25,3.9600581699797,4.362241778585292,0.4021836086055921,Astronomy and Astrophysics,Materials Science
3103,26,5.861150618450448,5.257769710745208,-0.6033809077052394,Astronomy and Astrophysics,Mathematics
3103,27,1.9124601885964276,2.0608865808119594,0.14842639221553178,Astronomy and Astrophysics,Medicine
3103,28,0.8690269927637634,0.8748510021064488,0.0058240093426854544,Astronomy and Astrophysics,Neuroscience
3103,29,0.029694439035522893,0.028320738048310368,-0.0013737009872125255,Astronomy and Astrophysics,Nursing
3103,30,0.056147127084634985,0.06746304696572493,0.011315919881089945,Astronomy and Astrophysics,"Pharmacology, Toxicology and Pharmaceutics"
3103,31,0.0,0.0,0.0,Astronomy and Astrophysics,Physics and Astronomy
3103,32,0.5971953667165969,0.4479679441022922,-0.14922742261430472,Astronomy and Astrophysics,Psychology
3103,33,1.4342586947543499,1.2736065643992434,-0.1606521303551065,Astronomy and Astrophysics,Social Sciences
3103,34,0.011972866976477207,0.015148052079668663,0.003175185103191456,Astronomy and Astrophysics,Veterinary
3103,35,0.01350729577671165,0.0124319236770066,-0.0010753720997050513,Astronomy and Astrophysics,Dentistry
3103,36,0.19835193702185525,0.17629068972376974,-0.022061247298085507,Astronomy and Astrophysics,Health Professions
3104,11,0.374505301763128,0.4474233913885821,0.0729180896254541,Condensed Matter Physics,Agricultural and Biological Sciences
3104,12,0.06216400229982945,0.06620743356999252,0.004043431270163073,Condensed Matter Physics,Arts and Humanities
3104,13,3.265638504693248,3.5705090896527714,0.30487058495952324,Condensed Matter Physics,"Biochemistry, Genetics and Molecular Biology"
3104,14,0.7238049500025727,0.4743814106269409,-0.24942353937563183,Condensed Matter Physics,"Business, Management and Accounting"
3104,15,1.4969473567248759,1.3095069622448208,-0.18744039448005512,Condensed Matter Physics,Chemical Engineering
3104,16,5.253141571505381,4.19876547885282,-1.0543760926525607,Condensed Matter Physics,Chemistry
3104,17,3.180759585046336,3.026216216934486,-0.15454336811184977,Condensed Matter Physics,Computer Science
3104,18,0.1667152633655215,0.15453107331119553,-0.012184190054325972,Condensed Matter Physics,Decision Sciences
3104,19,3.6318662101808465,2.633730378614833,-0.9981358315660134,Condensed Matter Physics,Earth and Planetary Sciences
3104,20,1.1556270130032833,0.751361355056547,-0.4042656579467363,Condensed Matter Physics,"Economics, Econometrics and Finance"
3104,21,0.8430321655459597,1.464278880459871,0.6212467149139113,Condensed Matter Physics,Energy
3104,22,26.197995628534294,30.76326905930299,4.565273430768695,Condensed Matter Physics,Engineering
3104,23,1.2139281370411992,1.392133374260357,0.17820523721915782,Condensed Matter Physics,Environmental Science
3104,24,0.04893476284686671,0.08462791621653584,0.035693153369669134,Condensed Matter Physics,Immunology and Microbiology
3104,25,46.9540608321296,44.40405170890256,-2.550009123227042,Condensed Matter Physics,Materials Science
3104,26,3.8166132102979264,3.069335759721165,-0.7472774505767616,Condensed Matter Physics,Mathematics
3104,27,0.9167997172194138,1.2026880948869125,0.28588837766749875,Condensed Matter Physics,Medicine
3104,28,0.3254512222131906,0.5985411110623885,0.2730898888491979,Condensed Matter Physics,Neuroscience
3104,29,0.01959776847936082,0.02262281096897386,0.0030250424896130397,Condensed Matter Physics,Nursing
3104,30,0.04718975606445786,0.06304322983314264,0.015853473768684782,Condensed Matter Physics,"Pharmacology, Toxicology and Pharmaceutics"
3104,31,0.0,0.0,0.0,Condensed Matter Physics,Physics and Astronomy
3104,32,0.03773390734610569,0.054065528417041056,0.016331621070935366,Condensed Matter Physics,Psychology
3104,33,0.2183197374435949,0.19668723648245517,-0.021632500961139722,Condensed Matter Physics,Social Sciences
3104,34,0.0029381738131157393,0.0028486138628333463,-8.955995028239305e-05,Condensed Matter Physics,Veterinary
3104,35,0.028576350385430237,0.028145633764263003,-0.00043071662116723336,Condensed Matter Physics,Dentistry
3104,36,0.01765887205446211,0.021028251605521957,0.003369379551059846,Condensed Matter Physics,Health Professions
3105,11,0.9232807165658959,0.9140509774588184,-0.009229739107077584,Instrumentation,Agricultural and Biological Sciences
3105,12,0.24673881218571359,0.17027311496436157,-0.07646569722135202,Instrumentation,Arts and Humanities
3105,13,4.237767525420067,5.161320439109023,0.9235529136889555,Instrumentation,"Biochemistry, Genetics and Molecular Biology"
3105,14,0.06225322565515124,0.06902062949926145,0.0067674038441102105,Instrumentation,"Business, Management and Accounting"
3105,15,0.7933733004727266,0.761338666779293,-0.03203463369343362,Instrumentation,Chemical Engineering
3105,16,5.838727191583591,4.555472691282172,-1.2832545003014193,Instrumentation,Chemistry
3105,17,15.042255442893326,15.967105723821899,0.9248502809285721,Instrumentation,Computer Science
3105,18,0.5548780661134942,0.38078047772056317,-0.17409758839293105,Instrumentation,Decision Sciences
3105,19,7.877449266463704,7.548256089875752,-0.32919317658795233,Instrumentation,Earth and Planetary Sciences
3105,20,0.23622114392434101,0.20750646582145107,-0.02871467810288994,Instrumentation,"Economics, Econometrics and Finance"
3105,21,0.061684703046428396,0.08169108322376355,0.02000638017733515,Instrumentation,Energy
3105,22,38.34486012922519,40.62503125934307,2.2801711301178784,Instrumentation,Engineering
3105,23,16.50534837644156,14.497888813434237,-2.0074595630073233,Instrumentation,Environmental Science
3105,24,0.03070022087103349,0.03801136117350631,0.007311140302472818,Instrumentation,Immunology and Microbiology
3105,25,1.8025009309557718,1.9651429149379092,0.16264198398213736,Instrumentation,Materials Science
3105,26,1.262688713973433,1.144230886787273,-0.11845782718616005,Instrumentation,Mathematics
3105,27,4.718737652399592,4.635385465211269,-0.08335218718832316,Instrumentation,Medicine
3105,28,0.6603390100315815,0.5843968919599303,-0.07594211807165119,Instrumentation,Neuroscience
3105,29,0.0034111356523370546,0.00611293820041768,0.0027018025480806253,Instrumentation,Nursing
3105,30,0.017339939566046694,0.008446969149668066,-0.008892970416378628,Instrumentation,"Pharmacology, Toxicology and Pharmaceutics"
3105,31,0.0,0.0,0.0,Instrumentation,Physics and Astronomy
3105,32,0.20353109392277757,0.1925019811476986,-0.01102911277507898,Instrumentation,Psychology
3105,33,0.43605684089042007,0.3259863225786374,-0.11007051831178266,Instrumentation,Social Sciences
3105,34,0.027004823914335015,0.039122804482673156,0.01211798056833814,Instrumentation,Veterinary
3105,35,0.028426130436142123,0.02045055688867006,-0.007975573547472064,Instrumentation,Dentistry
3105,36,0.08442560739534209,0.10047447514868334,0.016048867753341245,Instrumentation,Health Professions
3106,11,0.8303263718016975,0.7976426608761775,-0.032683710925520026,Nuclear and High Energy Physics,Agricultural and Biological Sciences
3106,12,0.18971927013725837,0.2161172878059421,0.026398017668683743,Nuclear and High Energy Physics,Arts and Humanities
3106,13,5.39968964008325,4.029065438087831,-1.370624201995419,Nuclear and High Energy Physics,"Biochemistry, Genetics and Molecular Biology"
3106,14,0.03453931176223256,0.03817299377546489,0.003633682013232331,Nuclear and High Energy Physics,"Business, Management and Accounting"
3106,15,0.9338126033257175,0.7579305867145442,-0.1758820166111733,Nuclear and High Energy Physics,Chemical Engineering
3106,16,12.103444086319962,8.987260404610934,-3.1161836817090283,Nuclear and High Energy Physics,Chemistry
3106,17,3.2679325373816437,4.5572360244375565,1.2893034870559128,Nuclear and High Energy Physics,Computer Science
3106,18,0.30532224782762873,0.3416378437445788,0.03631559591695005,Nuclear and High Energy Physics,Decision Sciences
3106,19,8.668741659447655,9.71828558605616,1.0495439266085054,Nuclear and High Energy Physics,Earth and Planetary Sciences
3106,20,0.37578376086021,0.42347511810541866,0.047691357245208676,Nuclear and High Energy Physics,"Economics, Econometrics and Finance"
3106,21,0.2347948829137087,0.28438785357759233,0.04959297066388363,Nuclear and High Energy Physics,Energy
3106,22,33.74566488833661,38.34700486406405,4.601339975727434,Nuclear and High Energy Physics,Engineering
3106,23,2.544220361467562,3.1215400380361866,0.5773196765686248,Nuclear and High Energy Physics,Environmental Science
3106,24,0.1532373278755294,0.0906347338521491,-0.06260259402338031,Nuclear and High Energy Physics,Immunology and Microbiology
3106,25,11.356848381640628,10.649885243506269,-0.7069631381343591,Nuclear and High Energy Physics,Materials Science
3106,26,9.910016696744513,9.177137321882322,-0.7328793748621916,Nuclear and High Energy Physics,Mathematics
3106,27,8.245017728972753,6.950183008058511,-1.294834720914242,Nuclear and High Energy Physics,Medicine
3106,28,0.6696477813348769,0.592925968523336,-0.07672181281154089,Nuclear and High Energy Physics,Neuroscience
3106,29,0.20710416681071764,0.18408161458272965,-0.02302255222798799,Nuclear and High Energy Physics,Nursing
3106,30,0.2056554254212627,0.1447115582846892,-0.06094386713657349,Nuclear and High Energy Physics,"Pharmacology, Toxicology and Pharmaceutics"
3106,31,0.0,0.0,0.0,Nuclear and High Energy Physics,Physics and Astronomy
3106,32,0.09528767229733177,0.09194580232925566,-0.0033418699680761166,Nuclear and High Energy Physics,Psychology
3106,33,0.2587978936617235,0.22795490608474483,-0.030842987576978675,Nuclear and High Energy Physics,Social Sciences
3106,34,0.011326523590284082,0.010678557741070816,-0.000647965849213266,Nuclear and High Energy Physics,Veterinary
3106,35,0.0317735327460004,0.034334793306254385,0.002561260560253985,Nuclear and High Energy Physics,Dentistry
3106,36,0.22129524723924218,0.2257697919562339,0.004474544716991713,Nuclear and High Energy Physics,Health Professions
3107,11,0.6646374040342714,0.61838697231359,-0.04625043172068144,"Atomic and Molecular Physics, and Optics",Agricultural and Biological Sciences
3107,12,0.15305062800064934,0.16576709080165786,0.012716462801008521,"Atomic and Molecular Physics, and Optics",Arts and Humanities
3107,13,6.1433465700191805,5.336931424741777,-0.8064151452774038,"Atomic and Molecular Physics, and Optics","Biochemistry, Genetics and Molecular Biology"
3107,14,0.03615026424478795,0.03583883951797704,-0.0003114247268109077,"Atomic and Molecular Physics, and Optics","Business, Management and Accounting"
3107,15,2.2825912573788347,2.001518925551549,-0.28107233182728564,"Atomic and Molecular Physics, and Optics",Chemical Engineering
3107,16,14.597921493316463,10.91095349316298,-3.686968000153483,"Atomic and Molecular Physics, and Optics",Chemistry
3107,17,5.786167474301783,7.159400347785816,1.3732328734840333,"Atomic and Molecular Physics, and Optics",Computer Science
3107,18,0.18240099937575593,0.17510160186953166,-0.00729939750622427,"Atomic and Molecular Physics, and Optics",Decision Sciences
3107,19,3.4082679820588173,2.7130177517929757,-0.6952502302658417,"Atomic and Molecular Physics, and Optics",Earth and Planetary Sciences
3107,20,0.10257632907179891,0.07975260364896258,-0.022823725422836325,"Atomic and Molecular Physics, and Optics","Economics, Econometrics and Finance"
3107,21,1.0378414221088916,1.5236967123627245,0.4858552902538329,"Atomic and Molecular Physics, and Optics",Energy
3107,22,34.13127034069621,35.52340429321773,1.3921339525215188,"Atomic and Molecular Physics, and Optics",Engineering
3107,23,1.1587105237687896,1.439353191752847,0.28064266798405746,"Atomic and Molecular Physics, and Optics",Environmental Science
3107,24,0.1281225645757551,0.13746668536961704,0.009344120793861932,"Atomic and Molecular Physics, and Optics",Immunology and Microbiology
3107,25,23.557619819489364,25.752694619095433,2.1950747996060684,"Atomic and Molecular Physics, and Optics",Materials Science
3107,26,1.4838653795324175,1.4540462465436916,-0.02981913298872585,"Atomic and Molecular Physics, and Optics",Mathematics
3107,27,3.0981870146846227,3.075914363812887,-0.02227265087173569,"Atomic and Molecular Physics, and Optics",Medicine
3107,28,1.3515290029147728,1.19401798218703,-0.1575110207277428,"Atomic and Molecular Physics, and Optics",Neuroscience
3107,29,0.057204693162424235,0.057024914047537935,-0.00017977911488629983,"Atomic and Molecular Physics, and Optics",Nursing
3107,30,0.22561817756579636,0.22929350665158132,0.0036753290857849674,"Atomic and Molecular Physics, and Optics","Pharmacology, Toxicology and Pharmaceutics"
3107,31,0.0,0.0,0.0,"Atomic and Molecular Physics, and Optics",Physics and Astronomy
3107,32,0.2498841750361923,0.22804876380813696,-0.02183541122805535,"Atomic and Molecular Physics, and Optics",Psychology
3107,33,0.0778055520338849,0.08421628965484045,0.0064107376209555506,"Atomic and Molecular Physics, and Optics",Social Sciences
3107,34,0.0055123391902150605,0.005040466335378465,-0.0004718728548365955,"Atomic and Molecular Physics, and Optics",Veterinary
3107,35,0.0403348137030534,0.05171090115883013,0.011376087455776736,"Atomic and Molecular Physics, and Optics",Dentistry
3107,36,0.03938377973526579,0.047402012814913845,0.008018233079648052,"Atomic and Molecular Physics, and Optics",Health Professions
3108,11,0.9625069635625259,0.8339268402112153,-0.12858012335131053,Radiation,Agricultural and Biological Sciences
3108,12,0.6909786833154132,0.6690835730891954,-0.021895110226217818,Radiation,Arts and Humanities
3108,13,5.408930630603388,5.8172354397336905,0.40830480913030254,Radiation,"Biochemistry, Genetics and Molecular Biology"
3108,14,0.032920076227434085,0.033100427638700206,0.0001803514112661206,Radiation,"Business, Management and Accounting"
3108,15,0.7782044155922699,0.768682916728109,-0.009521498864160982,Radiation,Chemical Engineering
3108,16,5.915700288892373,4.529064057955554,-1.3866362309368192,Radiation,Chemistry
3108,17,2.0790773899242745,2.4275634006532236,0.34848601072894914,Radiation,Computer Science
3108,18,0.4467591026660586,0.3876828759408522,-0.059076226725206404,Radiation,Decision Sciences
3108,19,3.852677670991895,3.322875062357441,-0.529802608634454,Radiation,Earth and Planetary Sciences
3108,20,0.0929618061649701,0.11853404324076718,0.025572237075797075,Radiation,"Economics, Econometrics and Finance"
3108,21,0.7447232017018681,1.1701550229506756,0.4254318212488075,Radiation,Energy
3108,22,23.465436569777935,23.682195107411673,0.2167585376337371,Radiation,Engineering
3108,23,2.8307524637840196,2.637068713977793,-0.1936837498062265,Radiation,Environmental Science
3108,24,0.12709768066216737,0.1937708446413388,0.06667316397917145,Radiation,Immunology and Microbiology
3108,25,16.118398799913585,16.98525697540528,0.8668581754916964,Radiation,Materials Science
3108,26,0.41935688012447275,0.36639506536942273,-0.05296181475505002,Radiation,Mathematics
3108,27,33.11606914338283,33.40190821612226,0.285839072739428,Radiation,Medicine
3108,28,0.3515839201638273,0.3600102909386403,0.008426370774813008,Radiation,Neuroscience
3108,29,0.2035059257695925,0.14666156303043043,-0.056844362739162074,Radiation,Nursing
3108,30,0.12659889162841836,0.1188634787765078,-0.007735412851910567,Radiation,"Pharmacology, Toxicology and Pharmaceutics"
3108,31,0.0,0.0,0.0,Radiation,Physics and Astronomy
3108,32,0.06290976688159278,0.047642653430678916,-0.01526711345091386,Radiation,Psychology
3108,33,0.27293112440453166,0.2734942442905684,0.0005631198860367448,Radiation,Social Sciences
3108,34,0.021853194541128117,0.02139762241667634,-0.0004555721244517766,Radiation,Veterinary
3108,35,0.2664780412804039,0.2527241181324456,-0.013753923147958313,Radiation,Dentistry
3108,36,1.6115873680430228,1.4347074455568558,-0.17687992248616702,Radiation,Health Professions
3109,11,0.9686737200271038,0.881792836168479,-0.0868808838586248,Statistical and Nonlinear Physics,Agricultural and Biological Sciences
3109,12,0.4061320612321748,0.41650540793279334,0.010373346700618513,Statistical and Nonlinear Physics,Arts and Humanities
3109,13,5.231458851137774,4.400214432339177,-0.8312444187985975,Statistical and Nonlinear Physics,"Biochemistry, Genetics and Molecular Biology"
3109,14,1.4550797900120367,1.6413498809860414,0.1862700909740047,Statistical and Nonlinear Physics,"Business, Management and Accounting"
3109,15,1.1357411662095744,0.7640890001156384,-0.37165216609393603,Statistical and Nonlinear Physics,Chemical Engineering
3109,16,3.365031456952,2.0704551941354628,-1.2945762628165371,Statistical and Nonlinear Physics,Chemistry
3109,17,19.798767913016082,20.29134857754757,0.49258066453148786,Statistical and Nonlinear Physics,Computer Science
3109,18,2.3166648076846488,2.6031136805559734,0.2864488728713246,Statistical and Nonlinear Physics,Decision Sciences
3109,19,3.441223736446143,2.5858882398433733,-0.8553354966027698,Statistical and Nonlinear Physics,Earth and Planetary Sciences
3109,20,3.2558026812709424,2.75290884018708,-0.5028938410838624,Statistical and Nonlinear Physics,"Economics, Econometrics and Finance"
3109,21,0.35440181194764675,0.8541332033905443,0.4997313914428976,Statistical and Nonlinear Physics,Energy
3109,22,20.24519287800604,22.322687248962765,2.0774943709567246,Statistical and Nonlinear Physics,Engineering
3109,23,3.2763672269454225,3.4484637139440513,0.17209648699862878,Statistical and Nonlinear Physics,Environmental Science
3109,24,0.09848589103511945,0.10354648897123947,0.005060597936120015,Statistical and Nonlinear Physics,Immunology and Microbiology
3109,25,5.393934351904304,4.732564505164624,-0.6613698467396798,Statistical and Nonlinear Physics,Materials Science
3109,26,16.44344473572433,14.7492485175894,-1.6941962181349304,Statistical and Nonlinear Physics,Mathematics
3109,27,2.7117280128370385,3.1482718076953673,0.43654379485832884,Statistical and Nonlinear Physics,Medicine
3109,28,3.524516524129752,3.2900123860076214,-0.23450413812213045,Statistical and Nonlinear Physics,Neuroscience
3109,29,0.042135350992575926,0.03691738806972794,-0.005217962922847985,Statistical and Nonlinear Physics,Nursing
3109,30,0.0560954319638801,0.057825877999496,0.0017304460356158957,Statistical and Nonlinear Physics,"Pharmacology, Toxicology and Pharmaceutics"
3109,31,0.0,0.0,0.0,Statistical and Nonlinear Physics,Physics and Astronomy
3109,32,1.434855388442442,1.870808526225516,0.4359531377830741,Statistical and Nonlinear Physics,Psychology
3109,33,4.717132619210234,6.587170288554541,1.870037669344307,Statistical and Nonlinear Physics,Social Sciences
3109,34,0.016015118271648435,0.018094399693056953,0.002079281421408518,Statistical and Nonlinear Physics,Veterinary
3109,35,0.011097201421859049,0.014063766883705883,0.002966565461846834,Statistical and Nonlinear Physics,Dentistry
3109,36,0.30002127317922633,0.35852579103675497,0.05850451785752864,Statistical and Nonlinear Physics,Health Professions
3200,11,0.9798066091584701,0.9692456599632792,-0.010560949195190905,General Psychology,Agricultural and Biological Sciences
3200,12,11.157018545259353,10.58809890349872,-0.5689196417606333,General Psychology,Arts and Humanities
3200,13,0.8939979284952863,1.0013291741595602,0.10733124566427399,General Psychology,"Biochemistry, Genetics and Molecular Biology"
3200,14,9.07644154803396,8.987967334129578,-0.08847421390438193,General Psychology,"Business, Management and Accounting"
3200,15,0.011718366081756394,0.012132421334728112,0.0004140552529717182,General Psychology,Chemical Engineering
3200,16,0.07787043267231668,0.11970655716931737,0.04183612449700069,General Psychology,Chemistry
3200,17,3.47997671447256,4.202670750349818,0.7226940358772582,General Psychology,Computer Science
3200,18,4.346757792713444,3.751614286060926,-0.5951435066525184,General Psychology,Decision Sciences
3200,19,0.1160496253902972,0.12186343207326904,0.0058138066829718366,General Psychology,Earth and Planetary Sciences
3200,20,1.6178905429005601,1.5354253222505911,-0.08246522064996897,General Psychology,"Economics, Econometrics and Finance"
3200,21,0.017766555027179047,0.03585804527819642,0.018091490251017375,General Psychology,Energy
3200,22,1.2761678674841803,1.3725812670022404,0.09641339951806005,General Psychology,Engineering
3200,23,0.8894617867862192,1.400890250116606,0.5114284633303868,General Psychology,Environmental Science
3200,24,0.04460539347249208,0.06740234074848951,0.02279694727599743,General Psychology,Immunology and Microbiology
3200,25,0.031374980154380026,0.03720609209316621,0.005831111938786181,General Psychology,Materials Science
3200,26,0.8342720626592375,0.7627248879099073,-0.07154717474933014,General Psychology,Mathematics
3200,27,9.750814615448586,11.079057553510719,1.3282429380621323,General Psychology,Medicine
3200,28,9.827929024502726,10.075571504447206,0.24764247994447963,General Psychology,Neuroscience
3200,29,0.33529647466186846,0.37907076436950504,0.04377428970763658,General Psychology,Nursing
3200,30,0.11000143644487453,0.08330929316513304,-0.026692143279741495,General Psychology,"Pharmacology, Toxicology and Pharmaceutics"
3200,31,0.6418640518329793,0.6341212217617893,-0.007742830071190032,General Psychology,Physics and Astronomy
3200,32,0.0,0.0,0.0,General Psychology,Psychology
3200,33,37.43035132417536,35.34039530124802,-2.089956022927339,General Psychology,Social Sciences
3200,34,0.10244120026309622,0.12186343207326904,0.019422231810172816,General Psychology,Veterinary
3200,35,0.041581298999780754,0.10137312048572823,0.05979182148594748,General Psychology,Dentistry
3200,36,6.908543822909027,7.2185210848002335,0.30997726189120645,General Psychology,Health Professions
3202,11,0.8939475403543321,1.1511699374582796,0.25722239710394745,Applied Psychology,Agricultural and Biological Sciences
3202,12,2.5383233052758056,2.355782624683663,-0.18254068059214257,Applied Psychology,Arts and Humanities
3202,13,1.546768169801722,1.263834641816801,-0.282933527984921,Applied Psychology,"Biochemistry, Genetics and Molecular Biology"
3202,14,11.841838887654644,10.971850148674513,-0.8699887389801315,Applied Psychology,"Business, Management and Accounting"
3202,15,0.005586966724026192,0.0073997653523682465,0.0018127986283420546,Applied Psychology,Chemical Engineering
3202,16,0.024023956913312623,0.03126728548247066,0.007243328569158037,Applied Psychology,Chemistry
3202,17,1.8948361967085536,3.2375939537839966,1.342757757075443,Applied Psychology,Computer Science
3202,18,4.502240702301436,3.632093199389239,-0.870147502912197,Applied Psychology,Decision Sciences
3202,19,0.01830553214872111,0.030623827625742988,0.012318295477021877,Applied Psychology,Earth and Planetary Sciences
3202,20,1.9012776406962542,2.103940369092193,0.2026627283959388,Applied Psychology,"Economics, Econometrics and Finance"
3202,21,0.04502437889362284,0.08743877319754942,0.04241439430392658,Applied Psychology,Energy
3202,22,1.1147313194837905,1.4647841472956062,0.3500528278118158,Applied Psychology,Engineering
3202,23,1.83669887826854,3.541294146273223,1.704595268004683,Applied Psychology,Environmental Science
3202,24,0.11095058623713192,0.14714927912463038,0.03619869288749847,Applied Psychology,Immunology and Microbiology
3202,25,0.008183263025191305,0.017385278017882887,0.009202014992691581,Applied Psychology,Materials Science
3202,26,0.3402791380033364,0.47097540346595,0.1306962654626136,Applied Psychology,Mathematics
3202,27,27.864602161958935,26.564216259989387,-1.3003859019695483,Applied Psychology,Medicine
3202,28,5.843671412740124,5.953426996965501,0.10975558422537635,Applied Psychology,Neuroscience
3202,29,0.6763844832187238,0.5858445467780754,-0.0905399364406484,Applied Psychology,Nursing
3202,30,0.15702662945527732,0.11531003110284625,-0.041716598352431064,Applied Psychology,"Pharmacology, Toxicology and Pharmaceutics"
3202,31,0.16320515736184746,0.18244413415476687,0.019238976792919416,Applied Psychology,Physics and Astronomy
3202,32,0.0,0.0,0.0,Applied Psychology,Psychology
3202,33,25.230741725702284,24.597773302170907,-0.6329684235313771,Applied Psychology,Social Sciences
3202,34,0.08002508219413985,0.09879461278016931,0.018769530586029454,Applied Psychology,Veterinary
3202,35,0.10424622616830048,0.12848900127952786,0.024242775111227383,Applied Psychology,Dentistry
3202,36,11.25708065870995,11.259118334044711,0.0020376753347601806,Applied Psychology,Health Professions
3203,11,0.6854789621545412,0.735170477641523,0.04969151548698181,Clinical Psychology,Agricultural and Biological Sciences
3203,12,3.1466196745053505,2.4128699739602033,-0.7337497005451472,Clinical Psychology,Arts and Humanities
3203,13,2.085589684187303,2.004605697479832,-0.08098398670747109,Clinical Psychology,"Biochemistry, Genetics and Molecular Biology"
3203,14,2.322342630927192,2.4817088874575286,0.15936625653033643,Clinical Psychology,"Business, Management and Accounting"
3203,15,0.0047464856595337045,0.006144245249271671,0.001397759589737966,Clinical Psychology,Chemical Engineering
3203,16,0.16403209854876202,0.27201241766643963,0.10798031911767761,Clinical Psychology,Chemistry
3203,17,0.7677074313118334,1.4519501597758402,0.6842427284640068,Clinical Psychology,Computer Science
3203,18,0.722557218957874,0.6631620802467189,-0.05939513871115509,Clinical Psychology,Decision Sciences
3203,19,0.0223260621763252,0.025595529697599782,0.0032694675212745807,Clinical Psychology,Earth and Planetary Sciences
3203,20,0.9161889294667837,1.3559998764560341,0.4398109469892505,Clinical Psychology,"Economics, Econometrics and Finance"
3203,21,0.005969731192160446,0.011051253400567134,0.0050815222084066875,Clinical Psychology,Energy
3203,22,0.31890084283814646,0.47546152913098716,0.1565606862928407,Clinical Psychology,Engineering
3203,23,0.444565515639011,0.8531214128924121,0.4085558972534011,Clinical Psychology,Environmental Science
3203,24,0.20512435865676212,0.24739349642874356,0.042269137771981435,Clinical Psychology,Immunology and Microbiology
3203,25,0.022355361470519856,0.05942632521199518,0.037070963741475324,Clinical Psychology,Materials Science
3203,26,0.24454655899566707,0.5894251457925146,0.3448785867968475,Clinical Psychology,Mathematics
3203,27,36.535392155670664,36.203501716509194,-0.33189043916146943,Clinical Psychology,Medicine
3203,28,9.741736976427106,9.582793764648565,-0.15894321177854032,Clinical Psychology,Neuroscience
3203,29,0.7146171102311231,0.7810650837940544,0.0664479735629313,Clinical Psychology,Nursing
3203,30,0.5240178766713599,0.40817740026768057,-0.11584047640367934,Clinical Psychology,"Pharmacology, Toxicology and Pharmaceutics"
3203,31,0.057580437916040825,0.07669372141716432,0.0191132835011235,Clinical Psychology,Physics and Astronomy
3203,32,0.0,0.0,0.0,Clinical Psychology,Psychology
3203,33,27.510499035833476,26.10615811848172,-1.4043409173517567,Clinical Psychology,Social Sciences
3203,34,0.05046803425028893,0.05182016300434001,0.0013521287540510796,Clinical Psychology,Veterinary
3203,35,0.14175731013727744,0.22353249525348817,0.08177518511621074,Clinical Psychology,Dentistry
3203,36,12.644879516174894,12.921159028135582,0.2762795119606878,Clinical Psychology,Health Professions
3204,11,1.1025042703822483,0.8192343710798842,-0.2832698993023641,Developmental and Educational Psychology,Agricultural and Biological Sciences
3204,12,7.5014394507273305,7.178797468460658,-0.3226419822666724,Developmental and Educational Psychology,Arts and Humanities
3204,13,2.1777785490590627,2.026736663608172,-0.1510418854508906,Developmental and Educational Psychology,"Biochemistry, Genetics and Molecular Biology"
3204,14,2.448836891362068,2.349943038417867,-0.09889385294420139,Developmental and Educational Psychology,"Business, Management and Accounting"
3204,15,0.00565763040097362,0.007317829515653004,0.0016601991146793843,Developmental and Educational Psychology,Chemical Engineering
3204,16,0.14441771766674807,0.16561792323086605,0.021200205564117974,Developmental and Educational Psychology,Chemistry
3204,17,9.593577559552203,11.355874978440935,1.762297418888732,Developmental and Educational Psychology,Computer Science
3204,18,2.0242324352091976,1.8731629478553624,-0.15106948735383519,Developmental and Educational Psychology,Decision Sciences
3204,19,0.056675065637683375,0.06838478114352432,0.011709715505840948,Developmental and Educational Psychology,Earth and Planetary Sciences
3204,20,0.5360075724772788,0.6463993224092685,0.11039174993198964,Developmental and Educational Psychology,"Economics, Econometrics and Finance"
3204,21,0.009735074754792515,0.01675715823033936,0.007022083475546845,Developmental and Educational Psychology,Energy
3204,22,2.521313817471299,2.8079451756269016,0.2866313581556028,Developmental and Educational Psychology,Engineering
3204,23,0.5995112992473095,0.895158530706049,0.2956472314587395,Developmental and Educational Psychology,Environmental Science
3204,24,0.04533158722775123,0.05070785901993317,0.00537627179218194,Developmental and Educational Psychology,Immunology and Microbiology
3204,25,0.019004558977834082,0.03632060337585574,0.01731604439802166,Developmental and Educational Psychology,Materials Science
3204,26,3.751911919301027,3.0191820452420446,-0.7327298740589825,Developmental and Educational Psychology,Mathematics
3204,27,13.942940892717642,16.17929138838494,2.2363504956672973,Developmental and Educational Psychology,Medicine
3204,28,20.310864921887312,17.36896905947831,-2.9418958624090017,Developmental and Educational Psychology,Neuroscience
3204,29,0.2912480408162056,0.2689403051078383,-0.022307735708367304,Developmental and Educational Psychology,Nursing
3204,30,0.03778337709178892,0.023544612946234025,-0.014238764145554892,Developmental and Educational Psychology,"Pharmacology, Toxicology and Pharmaceutics"
3204,31,0.18189070107070304,0.18128076383638758,-0.0006099372343154608,Developmental and Educational Psychology,Physics and Astronomy
3204,32,0.0,0.0,0.0,Developmental and Educational Psychology,Psychology
3204,33,27.91422637265612,27.39166977226847,-0.5225566003876487,Developmental and Educational Psychology,Social Sciences
3204,34,0.18805624841540494,0.13765575815499928,-0.05040049026040566,Developmental and Educational Psychology,Veterinary
3204,35,0.053303061483487124,0.08050283827724328,0.027199776793756153,Developmental and Educational Psychology,Dentistry
3204,36,4.5417509844065265,5.0506048051822585,0.508853820775732,Developmental and Educational Psychology,Health Professions
3205,11,1.6792464780527199,1.4525588311332662,-0.22668764691945364,Experimental and Cognitive Psychology,Agricultural and Biological Sciences
3205,12,6.924516592186487,5.884514566724396,-1.0400020254620914,Experimental and Cognitive Psychology,Arts and Humanities
3205,13,2.8445462156481653,2.576182180316983,-0.26836403533118247,Experimental and Cognitive Psychology,"Biochemistry, Genetics and Molecular Biology"
3205,14,3.8039040972853155,4.055864694453513,0.2519605971681975,Experimental and Cognitive Psychology,"Business, Management and Accounting"
3205,15,0.0063120627626558476,0.007974903474381592,0.001662840711725744,Experimental and Cognitive Psychology,Chemical Engineering
3205,16,0.09987974655771008,0.12282252469584304,0.02294277813813296,Experimental and Cognitive Psychology,Chemistry
3205,17,7.524562462724783,7.654046524595638,0.12948406187085482,Experimental and Cognitive Psychology,Computer Science
3205,18,1.7019223473610283,1.5667216018868713,-0.13520074547415706,Experimental and Cognitive Psychology,Decision Sciences
3205,19,0.1023332367068931,0.10843165368049003,0.006098416973596935,Experimental and Cognitive Psychology,Earth and Planetary Sciences
3205,20,0.7438722732483323,0.842014639039198,0.09814236579086577,Experimental and Cognitive Psychology,"Economics, Econometrics and Finance"
3205,21,0.010246293662667369,0.02099607355402159,0.01074977989135422,Experimental and Cognitive Psychology,Energy
3205,22,2.0030531361116353,2.4258394802417484,0.4227863441301132,Experimental and Cognitive Psychology,Engineering
3205,23,1.178140029653725,1.692941345350897,0.514801315697172,Experimental and Cognitive Psychology,Environmental Science
3205,24,0.13468255836550433,0.15707856487421776,0.02239600650871343,Experimental and Cognitive Psychology,Immunology and Microbiology
3205,25,0.12549548071437852,0.12709382892957963,0.0015983482152011064,Experimental and Cognitive Psychology,Materials Science
3205,26,1.1029248845076256,0.9838237418373259,-0.1191011426702997,Experimental and Cognitive Psychology,Mathematics
3205,27,21.224116489550617,22.33944379148358,1.115327301932961,Experimental and Cognitive Psychology,Medicine
3205,28,24.82653176145677,23.66863041530864,-1.1579013461481296,Experimental and Cognitive Psychology,Neuroscience
3205,29,0.4810461941395956,0.4763675675363937,-0.004678626603201896,Experimental and Cognitive Psychology,Nursing
3205,30,0.13457447509902049,0.11192348994752152,-0.022650985151498965,Experimental and Cognitive Psychology,"Pharmacology, Toxicology and Pharmaceutics"
3205,31,0.499528432708331,0.571647388876929,0.07211895616859798,Experimental and Cognitive Psychology,Physics and Astronomy
3205,32,0.0,0.0,0.0,Experimental and Cognitive Psychology,Psychology
3205,33,17.840332049087962,17.57708825550834,-0.2632437935796226,Experimental and Cognitive Psychology,Social Sciences
3205,34,0.11684881939567186,0.13281142921714473,0.015962609821472865,Experimental and Cognitive Psychology,Veterinary
3205,35,0.2253644189454402,0.25001547671945457,0.024651057774014357,Experimental and Cognitive Psychology,Dentistry
3205,36,4.666019464066961,5.193167030613627,0.5271475665466658,Experimental and Cognitive Psychology,Health Professions
3206,11,0.4289608565842836,0.3768541534969194,-0.0521067030873642,Neuropsychology and Physiological Psychology,Agricultural and Biological Sciences
3206,12,2.119235777026894,1.8976189097002376,-0.22161686732665653,Neuropsychology and Physiological Psychology,Arts and Humanities
3206,13,1.439703562676275,1.5064092070280068,0.06670564435173176,Neuropsychology and Physiological Psychology,"Biochemistry, Genetics and Molecular Biology"
3206,14,2.2053819738099825,2.600201313490774,0.3948193396807915,Neuropsychology and Physiological Psychology,"Business, Management and Accounting"
3206,15,0.0017701273311593547,0.0016790115994516346,-9.111573170772014e-05,Neuropsychology and Physiological Psychology,Chemical Engineering
3206,16,0.022224932046778566,0.0193086333936938,-0.002916298653084768,Neuropsychology and Physiological Psychology,Chemistry
3206,17,1.5632191142282834,1.9220485284722588,0.3588294142439754,Neuropsychology and Physiological Psychology,Computer Science
3206,18,0.8811300492882121,0.8175946983529735,-0.06353535093523865,Neuropsychology and Physiological Psychology,Decision Sciences
3206,19,0.01711123086787376,0.017461720634297,0.0003504897664232398,Neuropsychology and Physiological Psychology,Earth and Planetary Sciences
3206,20,1.7730775433779538,1.7635498334840245,-0.00952770989392926,Neuropsychology and Physiological Psychology,"Economics, Econometrics and Finance"
3206,21,0.01317761457640853,0.020316040353364782,0.007138425776956253,Neuropsychology and Physiological Psychology,Energy
3206,22,0.5556233011694641,0.6334910764731018,0.07786777530363764,Neuropsychology and Physiological Psychology,Engineering
3206,23,0.9806505414622826,1.6070659524151325,0.6264154109528499,Neuropsychology and Physiological Psychology,Environmental Science
3206,24,0.12331887073743504,0.13213821287684366,0.008819342139408617,Neuropsychology and Physiological Psychology,Immunology and Microbiology
3206,25,0.010424083172382866,0.01586665961481795,0.005442576442435086,Neuropsychology and Physiological Psychology,Materials Science
3206,26,0.3829375459741404,0.28358505914738114,-0.09935248682675929,Neuropsychology and Physiological Psychology,Mathematics
3206,27,27.416125466625235,25.800531742973547,-1.6155937236516884,Neuropsychology and Physiological Psychology,Medicine
3206,28,7.324590215522836,7.088199318824994,-0.2363908966978414,Neuropsychology and Physiological Psychology,Neuroscience
3206,29,0.7778726216372498,0.6757182181993104,-0.10215440343793936,Neuropsychology and Physiological Psychology,Nursing
3206,30,0.045629948980996704,0.03425183662881335,-0.011378112352183355,Neuropsychology and Physiological Psychology,"Pharmacology, Toxicology and Pharmaceutics"
3206,31,0.06313454147801699,0.056918493221410425,-0.006216048256606564,Neuropsychology and Physiological Psychology,Physics and Astronomy
3206,32,0.0,0.0,0.0,Neuropsychology and Physiological Psychology,Psychology
3206,33,36.18041924482435,38.43307921492776,2.2526599701034087,Neuropsychology and Physiological Psychology,Social Sciences
3206,34,0.025568505894524016,0.036854304607963385,0.01128579871343937,Neuropsychology and Physiological Psychology,Veterinary
3206,35,0.23228004201102198,0.2390912517619128,0.0068112097508908065,Neuropsychology and Physiological Psychology,Dentistry
3206,36,15.416432288695967,14.020166608321013,-1.3962656803749542,Neuropsychology and Physiological Psychology,Health Professions
3207,11,3.07114058484426,2.8633267484914233,-0.20781383635283657,Social Psychology,Agricultural and Biological Sciences
3207,12,2.904017133992026,3.030889652649322,0.12687251865729587,Social Psychology,Arts and Humanities
3207,13,4.357247389842348,3.4890069692872325,-0.8682404205551153,Social Psychology,"Biochemistry, Genetics and Molecular Biology"
3207,14,7.352243005801438,7.708206213606885,0.35596320780544666,Social Psychology,"Business, Management and Accounting"
3207,15,0.012366239258771203,0.012750716439563901,0.0003844771807926979,Social Psychology,Chemical Engineering
3207,16,0.10715615149013481,0.09179874559883852,-0.015357405891296291,Social Psychology,Chemistry
3207,17,3.3250965417961265,4.282172606651513,0.9570760648553867,Social Psychology,Computer Science
3207,18,2.217254751040422,2.0384873909522496,-0.1787673600881723,Social Psychology,Decision Sciences
3207,19,0.5418682926220209,0.5073673596836027,-0.03450093293841816,Social Psychology,Earth and Planetary Sciences
3207,20,1.1065932187725724,1.3087921052865026,0.20219888651393014,Social Psychology,"Economics, Econometrics and Finance"
3207,21,0.02863351921125139,0.07750094935656977,0.048867430145318386,Social Psychology,Energy
3207,22,2.6960373013568275,3.7242699787320617,1.0282326773752342,Social Psychology,Engineering
3207,23,3.216058571288352,4.108017913420604,0.8919593421322523,Social Psychology,Environmental Science
3207,24,0.4295923985981822,0.3401063899258866,-0.08948600867229561,Social Psychology,Immunology and Microbiology
3207,25,0.0725426296228303,0.11358344617129545,0.041040816548465156,Social Psychology,Materials Science
3207,26,0.3598934066020065,0.3702116544113364,0.010318247809329884,Social Psychology,Mathematics
3207,27,17.587444694683228,16.747617149745675,-0.8398275449375525,Social Psychology,Medicine
3207,28,15.436256726233507,12.348376827384477,-3.08787989884903,Social Psychology,Neuroscience
3207,29,0.5758067492544263,0.49115909356407317,-0.08464765569035315,Social Psychology,Nursing
3207,30,0.12462421119672758,0.09131778814722043,-0.03330642304950715,Social Psychology,"Pharmacology, Toxicology and Pharmaceutics"
3207,31,0.4199682384793994,0.3369614625894728,-0.08300677588992661,Social Psychology,Physics and Astronomy
3207,32,0.0,0.0,0.0,Social Psychology,Psychology
3207,33,26.2560828306238,27.439613921559257,1.1835310909354568,Social Psychology,Social Sciences
3207,34,0.4901033345653772,0.45636449392534706,-0.03373884064003013,Social Psychology,Veterinary
3207,35,0.08308081612160924,0.09787484140428032,0.014794025282671083,Social Psychology,Dentistry
3207,36,7.228891262702353,7.924225581015305,0.6953343183129519,Social Psychology,Health Professions
3300,11,2.9367372461080685,2.5204407233176145,-0.41629652279045404,General Social Sciences,Agricultural and Biological Sciences
3300,12,12.70128077968002,8.530475689078342,-4.170805090601679,General Social Sciences,Arts and Humanities
3300,13,1.411013842770279,1.4429744861278582,0.0319606433575792,General Social Sciences,"Biochemistry, Genetics and Molecular Biology"
3300,14,9.887015395230497,10.651253804625746,0.764238409395249,General Social Sciences,"Business, Management and Accounting"
3300,15,0.00862477899003838,0.016605434128318493,0.007980655138280113,General Social Sciences,Chemical Engineering
3300,16,0.08279787830436845,0.08963160466990096,0.006833726365532505,General Social Sciences,Chemistry
3300,17,7.507438871878907,15.169630170564227,7.66219129868532,General Social Sciences,Computer Science
3300,18,2.848333261460175,3.519597242743142,0.671263981282967,General Social Sciences,Decision Sciences
3300,19,0.3756091250161715,0.34475145627770326,-0.030857668738468236,General Social Sciences,Earth and Planetary Sciences
3300,20,5.410323860451076,5.536968791218745,0.12664493076766892,General Social Sciences,"Economics, Econometrics and Finance"
3300,21,0.2798740782267454,0.2985204180795438,0.0186463398527984,General Social Sciences,Energy
3300,22,1.9185820863340377,3.054833785265319,1.1362516989312812,General Social Sciences,Engineering
3300,23,3.7992151451119067,4.644992801166909,0.8457776560550023,General Social Sciences,Environmental Science
3300,24,2.1458450127215487,1.4403327125165348,-0.7055123002050139,General Social Sciences,Immunology and Microbiology
3300,25,0.06468584242528785,0.1271825295737121,0.06249668714842424,General Social Sciences,Materials Science
3300,26,0.8176290482556384,0.8631051784423724,0.04547613018673402,General Social Sciences,Mathematics
3300,27,17.693302859114233,15.644017231911869,-2.049285627202364,General Social Sciences,Medicine
3300,28,1.1091465781189356,1.2171028423597077,0.10795626424077209,General Social Sciences,Neuroscience
3300,29,0.6597955927379361,0.519674608970331,-0.14012098376760507,General Social Sciences,Nursing
3300,30,0.10737849842597784,0.09623603869820944,-0.011142459727768395,General Social Sciences,"Pharmacology, Toxicology and Pharmaceutics"
3300,31,0.7033507266376299,1.2467284464295485,0.5433777197919186,General Social Sciences,Physics and Astronomy
3300,32,16.067100780542496,13.020169941522456,-3.0469308390200407,General Social Sciences,Psychology
3300,33,0.0,0.0,0.0,General Social Sciences,Social Sciences
3300,34,0.04916124024321877,0.05623203829816944,0.007070798054950665,General Social Sciences,Veterinary
3300,35,0.09487256889042218,0.10604834068312491,0.011175771792702724,General Social Sciences,Dentistry
3300,36,11.320884902324378,9.842493683330597,-1.4783912189937816,General Social Sciences,Health Professions
3302,11,3.8897358403095383,3.1724998051290045,-0.7172360351805338,Archeology,Agricultural and Biological Sciences
3302,12,19.236495582479694,20.657494738483123,1.420999156003429,Archeology,Arts and Humanities
3302,13,2.321538420391024,2.2527087068360747,-0.06882971355494938,Archeology,"Biochemistry, Genetics and Molecular Biology"
3302,14,1.1812743498533438,0.6800997739496453,-0.5011745759036985,Archeology,"Business, Management and Accounting"
3302,15,0.08380361425374665,0.09275859381089718,0.008954979557150536,Archeology,Chemical Engineering
3302,16,0.8790464218531296,0.6793202899680412,-0.19972613188508848,Archeology,Chemistry
3302,17,1.9711679905854662,2.4853846753449216,0.5142166847594554,Archeology,Computer Science
3302,18,0.2665668155518111,0.17226595993452334,-0.09430085561728777,Archeology,Decision Sciences
3302,19,33.580286537038525,35.84612986203133,2.265843324992808,Archeology,Earth and Planetary Sciences
3302,20,1.196430322643915,0.94590381167667,-0.250526510967245,Archeology,"Economics, Econometrics and Finance"
3302,21,0.41901807126873325,0.3749317951516096,-0.044086276117123624,Archeology,Energy
3302,22,8.883183110897145,9.128147166575728,0.24496405567858304,Archeology,Engineering
3302,23,9.07931922936336,8.358016992750798,-0.7213022366125621,Archeology,Environmental Science
3302,24,0.05884083553986466,0.07599968820640736,0.017158852666542698,Archeology,Immunology and Microbiology
3302,25,5.7940392450542495,5.375711279133214,-0.41832796592103527,Archeology,Materials Science
3302,26,0.45467918371713606,0.47236729285213186,0.0176881091349958,Archeology,Mathematics
3302,27,1.576221170219405,1.212487333385299,-0.3637338368341061,Archeology,Medicine
3302,28,0.8629989212513484,0.8660067035622419,0.003007782310893492,Archeology,Neuroscience
3302,29,0.20683445220073643,0.1383584067347416,-0.06847604546599484,Archeology,Nursing
3302,30,0.031203473392352476,0.04949723283186531,0.018293759439512832,Archeology,"Pharmacology, Toxicology and Pharmaceutics"
3302,31,1.8980627100662406,1.4919323407903968,-0.4061303692758438,Archeology,Physics and Astronomy
3302,32,4.133122932769888,3.742692337672461,-0.39043059509742717,Archeology,Psychology
3302,33,0.0,0.0,0.0,Archeology,Social Sciences
3302,34,0.05616625210623445,0.04988697482266739,-0.0062792772835670585,Archeology,Veterinary
3302,35,0.23625486997066875,0.14615324655078338,-0.09010162341988537,Archeology,Dentistry
3302,36,1.7037096472224451,1.5332449918154183,-0.17046465540702682,Archeology,Health Professions
3303,11,5.273975607616039,5.095262697299749,-0.17871291031629077,Development,Agricultural and Biological Sciences
3303,12,3.422391857506361,2.89415138702909,-0.5282404704772712,Development,Arts and Humanities
3303,13,0.39440203562340964,0.378836603650243,-0.015565431973166621,Development,"Biochemistry, Genetics and Molecular Biology"
3303,14,18.846406949197156,21.152009109791972,2.305602160594816,Development,"Business, Management and Accounting"
3303,15,0.014916206019127841,0.021087481416657002,0.006171275397529161,Development,Chemical Engineering
3303,16,0.059884180047380886,0.08466623788787786,0.024782057840496974,Development,Chemistry
3303,17,12.149688514521365,7.2124458315321105,-4.937242682989255,Development,Computer Science
3303,18,2.3811090637887165,2.347352993895174,-0.033756069893542406,Development,Decision Sciences
3303,19,0.4582346231464421,0.4837468236981116,0.02551220055166953,Development,Earth and Planetary Sciences
3303,20,36.58638238132842,32.21587254726232,-4.370509834066098,Development,"Economics, Econometrics and Finance"
3303,21,1.4014652978854083,2.2740739959722913,0.872608698086883,Development,Energy
3303,22,4.352241818022287,6.29187183028795,1.9396300122656633,Development,Engineering
3303,23,6.474510836184962,9.973746085636263,3.499235249451301,Development,Environmental Science
3303,24,0.08335526893042029,0.09900572525120462,0.015650456320784323,Development,Immunology and Microbiology
3303,25,0.06756163902781433,0.14908849361576498,0.08152685458795066,Development,Materials Science
3303,26,0.2461173993156094,0.3545860000210875,0.10846860070547809,Development,Mathematics
3303,27,2.467096604369571,3.218160538996025,0.7510639346264538,Development,Medicine
3303,28,0.1449942967447574,0.15077549212909755,0.00578119538434016,Development,Neuroscience
3303,29,0.5639642011055541,0.6192338918001328,0.055269690694578655,Development,Nursing
3303,30,0.04694217776607879,0.04333477431123014,-0.003607403454848654,Development,"Pharmacology, Toxicology and Pharmaceutics"
3303,31,0.3016144599455997,0.3841084740044073,0.08249401405880757,Development,Physics and Astronomy
3303,32,1.5045626041940863,1.6896344485096422,0.1850718443155559,Development,Psychology
3303,33,0.0,0.0,0.0,Development,Social Sciences
3303,34,0.007896814951302974,0.016237360690825892,0.008340545739522918,Development,Veterinary
3303,35,0.00899359480565061,0.01412861254916019,0.005135017743509581,Development,Dentistry
3303,36,2.7412915679564795,2.8365825627616164,0.09529099480513681,Development,Health Professions
3304,11,2.295855251227784,1.698947094830169,-0.5969081563976149,Education,Agricultural and Biological Sciences
3304,12,7.961425256647892,7.36081808547447,-0.6006071711734213,Education,Arts and Humanities
3304,13,0.9651319791700691,0.9828432619940655,0.017711282823996366,Education,"Biochemistry, Genetics and Molecular Biology"
3304,14,6.630263970854816,6.217282180371811,-0.41298179048300554,Education,"Business, Management and Accounting"
3304,15,0.012564736865751418,0.016007959480889723,0.003443222615138304,Education,Chemical Engineering
3304,16,0.23954345452923098,0.27720352944589893,0.03766007491666795,Education,Chemistry
3304,17,7.555374009291148,10.575791346263049,3.020417336971901,Education,Computer Science
3304,18,3.3999377019321533,3.151834570818891,-0.24810313111326243,Education,Decision Sciences
3304,19,0.13350658653768538,0.11773169803756368,-0.015774888500121695,Education,Earth and Planetary Sciences
3304,20,2.48143541356068,2.0015498495204245,-0.47988556404025573,Education,"Economics, Econometrics and Finance"
3304,21,0.042775169927428636,0.0649514103731049,0.02217624044567626,Education,Energy
3304,22,2.917747152691713,3.4426572853365136,0.5249101326448007,Education,Engineering
3304,23,1.7117576777863335,2.5108978583844688,0.7991401805981353,Education,Environmental Science
3304,24,0.06860546563550725,0.0799605239174188,0.01135505828191155,Education,Immunology and Microbiology
3304,25,0.055853008597458745,0.06385743625209328,0.008004427654634536,Education,Materials Science
3304,26,3.0744934965597777,3.0330828872482094,-0.04141060931156826,Education,Mathematics
3304,27,10.237795153991238,10.956182531326107,0.718387377334869,Education,Medicine
3304,28,4.029951629517471,4.132183360421084,0.10223173090361293,Education,Neuroscience
3304,29,0.7733820805076754,0.7610730395785568,-0.012309040929118664,Education,Nursing
3304,30,0.05312480876007447,0.04482122956666417,-0.0083035791934103,Education,"Pharmacology, Toxicology and Pharmaceutics"
3304,31,0.22010815935740632,0.21615765953379687,-0.003950499823609455,Education,Physics and Astronomy
3304,32,36.71682674817226,34.10720639861764,-2.6096203495546177,Education,Psychology
3304,33,0.0,0.0,0.0,Education,Social Sciences
3304,34,0.0276949827528963,0.028205506685212434,0.0005105239323161329,Education,Veterinary
3304,35,0.10712564499086867,0.18774075688317154,0.08061511189230287,Education,Dentistry
3304,36,8.28772046013468,7.971012539638725,-0.316707920495956,Education,Health Professions
3305,11,7.369138684579564,6.948512569341594,-0.4206261152379698,"Geography, Planning and Development",Agricultural and Biological Sciences
3305,12,9.454252200612451,8.922848028967024,-0.531404171645427,"Geography, Planning and Development",Arts and Humanities
3305,13,3.8064564926755278,4.259273842881325,0.4528173502057973,"Geography, Planning and Development","Biochemistry, Genetics and Molecular Biology"
3305,14,3.1034461611424784,4.168751889402326,1.065305728259848,"Geography, Planning and Development","Business, Management and Accounting"
3305,15,0.01257200796431594,0.011558696585484817,-0.001013311378831122,"Geography, Planning and Development",Chemical Engineering
3305,16,0.1632316806423785,0.15902734203326363,-0.0042043386091148716,"Geography, Planning and Development",Chemistry
3305,17,15.754361362437702,11.90736276270631,-3.8469985997313927,"Geography, Planning and Development",Computer Science
3305,18,1.2935880715153052,1.2593475136947268,-0.03424055782057844,"Geography, Planning and Development",Decision Sciences
3305,19,14.063681819854368,12.648050814231846,-1.4156310056225223,"Geography, Planning and Development",Earth and Planetary Sciences
3305,20,2.6358287917380445,2.622045863891902,-0.013782927846142545,"Geography, Planning and Development","Economics, Econometrics and Finance"
3305,21,0.19420174904227874,0.20136688996544244,0.007165140923163699,"Geography, Planning and Development",Energy
3305,22,7.987109092321468,9.006426296585147,1.0193172042636789,"Geography, Planning and Development",Engineering
3305,23,20.39005932352376,21.99590322534208,1.605843901818318,"Geography, Planning and Development",Environmental Science
3305,24,0.2733134089152912,0.36551731729849973,0.09220390838320852,"Geography, Planning and Development",Immunology and Microbiology
3305,25,0.10987730537918403,0.1217262003050141,0.011848894925830078,"Geography, Planning and Development",Materials Science
3305,26,0.8536700042111116,0.6666361821921555,-0.18703382201895613,"Geography, Planning and Development",Mathematics
3305,27,2.2339333826673915,2.834166999032118,0.6002336163647266,"Geography, Planning and Development",Medicine
3305,28,0.8624601886414464,0.9423089787785718,0.07984879013712542,"Geography, Planning and Development",Neuroscience
3305,29,0.20697817990032338,0.2830822174745476,0.07610403757422421,"Geography, Planning and Development",Nursing
3305,30,0.04957255172921325,0.04877515921787,-0.0007973925113432534,"Geography, Planning and Development","Pharmacology, Toxicology and Pharmaceutics"
3305,31,1.0156751474911179,0.9371858934787782,-0.07848925401233964,"Geography, Planning and Development",Physics and Astronomy
3305,32,5.526777354849524,6.23174636239774,0.7049690075482156,"Geography, Planning and Development",Psychology
3305,33,0.0,0.0,0.0,"Geography, Planning and Development",Social Sciences
3305,34,0.3285075902220441,0.6009675433493461,0.272459953127302,"Geography, Planning and Development",Veterinary
3305,35,0.03628506363684682,0.04119638013800999,0.004911316501163172,"Geography, Planning and Development",Dentistry
3305,36,2.275022384306863,2.8162150307088742,0.5411926464020111,"Geography, Planning and Development",Health Professions
3306,11,0.8868218961884333,0.9213844053508785,0.03456250916244519,Health,Agricultural and Biological Sciences
3306,12,1.4030994637045204,1.2094897843579153,-0.1936096793466051,Health,Arts and Humanities
3306,13,1.399526526691141,1.628051106223197,0.22852457953205607,Health,"Biochemistry, Genetics and Molecular Biology"
3306,14,2.022495306083576,2.2364289696603867,0.21393366357681076,Health,"Business, Management and Accounting"
3306,15,0.0036439225169566623,0.004973612132568197,0.001329689615611535,Health,Chemical Engineering
3306,16,0.024797602582925855,0.048362378207535014,0.02356477562460916,Health,Chemistry
3306,17,0.6289552235274354,1.333432860746391,0.7044776372189556,Health,Computer Science
3306,18,0.6806326701315479,0.6288847034779617,-0.051747966653586275,Health,Decision Sciences
3306,19,0.07626209267630729,0.0852548289346382,0.008992736258330913,Health,Earth and Planetary Sciences
3306,20,3.155258310332058,3.4021906899442746,0.24693237961221648,Health,"Economics, Econometrics and Finance"
3306,21,0.028417863265356825,0.0574406685726387,0.029022805307281876,Health,Energy
3306,22,0.6411883919772184,0.7813205362265577,0.14013214424933929,Health,Engineering
3306,23,1.8813761249723453,2.92353224444054,1.0421561194681948,Health,Environmental Science
3306,24,1.0540164189469774,1.196066824492648,0.1420504055456706,Health,Immunology and Microbiology
3306,25,0.012422463125988622,0.03405393332032967,0.021631470194341043,Health,Materials Science
3306,26,0.5305456537350798,1.6777210230612576,1.147175369326178,Health,Mathematics
3306,27,35.00643010353235,35.36493113533331,0.35850103180095516,Health,Medicine
3306,28,1.8300536058861179,2.261777012858484,0.4317234069723661,Health,Neuroscience
3306,29,0.8104888180085491,0.8317600802332185,0.02127126222466935,Health,Nursing
3306,30,0.22523700285006798,0.18553807655936602,-0.03969892629070196,Health,"Pharmacology, Toxicology and Pharmaceutics"
3306,31,0.06573257631237409,0.1054885754639714,0.03975599915159732,Health,Physics and Astronomy
3306,32,26.43315590901078,24.97860560604705,-1.4545503029637281,Health,Psychology
3306,33,0.0,0.0,0.0,Health,Social Sciences
3306,34,0.03861611394593034,0.0396564880853025,0.0010403741393721563,Health,Veterinary
3306,35,0.49760838007531566,0.5424961226928047,0.04488774261748901,Health,Dentistry
3306,36,20.66321755992064,17.52115833357677,-3.142059226343868,Health,Health Professions
3307,11,1.204744567576426,1.1373645526066245,-0.0673800149698014,Human Factors and Ergonomics,Agricultural and Biological Sciences
3307,12,7.950871225207508,7.645960847223211,-0.30491037798429677,Human Factors and Ergonomics,Arts and Humanities
3307,13,0.22987589359270777,0.24437689513907368,0.01450100154636591,Human Factors and Ergonomics,"Biochemistry, Genetics and Molecular Biology"
3307,14,13.352290343440787,17.40042203739866,4.048131693957872,Human Factors and Ergonomics,"Business, Management and Accounting"
3307,15,0.0026575247814185866,0.0052473566440905395,0.002589831862671953,Human Factors and Ergonomics,Chemical Engineering
3307,16,0.04517792128411598,0.04703880420238305,0.0018608829182670747,Human Factors and Ergonomics,Chemistry
3307,17,17.695128757075658,15.70177772946878,-1.9933510276068773,Human Factors and Ergonomics,Computer Science
3307,18,4.973114707627982,4.19882234324459,-0.7742923643833919,Human Factors and Ergonomics,Decision Sciences
3307,19,0.04827836686243766,0.07421261539499477,0.02593424853255711,Human Factors and Ergonomics,Earth and Planetary Sciences
3307,20,0.9496221885602417,1.3995449792167196,0.4499227906564779,Human Factors and Ergonomics,"Economics, Econometrics and Finance"
3307,21,0.02746108940799206,0.03991739161397446,0.012456302205982397,Human Factors and Ergonomics,Energy
3307,22,3.7037037037037033,4.2436122803137915,0.5399085766100882,Human Factors and Ergonomics,Engineering
3307,23,0.9979005554226794,1.9004801331329344,0.902579577710255,Human Factors and Ergonomics,Environmental Science
3307,24,0.007086732750449565,0.01424282517681718,0.007156092426367615,Human Factors and Ergonomics,Immunology and Microbiology
3307,25,0.011515940719480542,0.035607062942042945,0.024091122222562406,Human Factors and Ergonomics,Materials Science
3307,26,1.3774836783686342,0.9604536714630005,-0.41703000690563363,Human Factors and Ergonomics,Mathematics
3307,27,5.347382781011099,6.114482329526501,0.767099548515402,Human Factors and Ergonomics,Medicine
3307,28,4.259569303817091,4.822320755919206,0.5627514521021144,Human Factors and Ergonomics,Neuroscience
3307,29,0.855722979616785,0.7724858602479001,-0.0832371193688849,Human Factors and Ergonomics,Nursing
3307,30,0.01638806948541462,0.014992447554544399,-0.0013956219308702209,Human Factors and Ergonomics,"Pharmacology, Toxicology and Pharmaceutics"
3307,31,0.1824833683240763,0.09895015385999303,-0.08353321446408327,Human Factors and Ergonomics,Physics and Astronomy
3307,32,26.291335583370984,21.96224901705766,-4.329086566313325,Human Factors and Ergonomics,Psychology
3307,33,0.0,0.0,0.0,Human Factors and Ergonomics,Social Sciences
3307,34,0.009744257531868151,0.009932496504885664,0.00018823897301751234,Human Factors and Ergonomics,Veterinary
3307,35,0.02613232701728277,0.05472243357408706,0.028590106556804287,Human Factors and Ergonomics,Dentistry
3307,36,10.434328133443177,11.100782980573536,0.6664548471303586,Human Factors and Ergonomics,Health Professions
3308,11,3.5605748847812224,3.3268734916489766,-0.2337013931322458,Law,Agricultural and Biological Sciences
3308,12,8.757899857593975,8.415484471619065,-0.3424153859749097,Law,Arts and Humanities
3308,13,0.6317057752926253,0.8521048409195205,0.22039906562689526,Law,"Biochemistry, Genetics and Molecular Biology"
3308,14,18.720382162902876,16.763041561983115,-1.9573406009197605,Law,"Business, Management and Accounting"
3308,15,0.022060913576371067,0.02368792031614707,0.0016270067397760046,Law,Chemical Engineering
3308,16,0.11030456788185532,0.1126620600402117,0.0023574921583563863,Law,Chemistry
3308,17,4.488688832228167,8.159621917681587,3.67093308545342,Law,Computer Science
3308,18,3.6657884726069923,3.2601016187020675,-0.40568685390492476,Law,Decision Sciences
3308,19,2.2090610960031567,1.5530857024004858,-0.6559753936026709,Law,Earth and Planetary Sciences
3308,20,20.38753671515825,15.189156710036745,-5.198380005121507,Law,"Economics, Econometrics and Finance"
3308,21,0.6315643591799562,0.5917027900573463,-0.03986156912260996,Law,Energy
3308,22,3.9774695849295676,4.746332911847921,0.7688633269183538,Law,Engineering
3308,23,7.132180226350631,9.072556017392051,1.9403757910414203,Law,Environmental Science
3308,24,0.06886964686982505,0.07939992802833966,0.010530281158514607,Law,Immunology and Microbiology
3308,25,0.13010282365552167,0.136267444048637,0.006164620393115328,Law,Materials Science
3308,26,0.51843146904472,0.4674031106283654,-0.05102835841635461,Law,Mathematics
3308,27,5.881354709792924,7.103734932997026,1.2223802232041017,Law,Medicine
3308,28,2.409871975993201,2.4736131424213514,0.06374116642815064,Law,Neuroscience
3308,29,0.20505336337011565,0.26048458716989603,0.05543122379978038,Law,Nursing
3308,30,0.16121436844271161,0.09037725695533465,-0.07083711148737697,Law,"Pharmacology, Toxicology and Pharmaceutics"
3308,31,0.32992379085688267,0.33303400165732905,0.003110210800446378,Law,Physics and Astronomy
3308,32,9.617426990396432,10.196287847023907,0.5788608566274753,Law,Psychology
3308,33,0.0,0.0,0.0,Law,Social Sciences
3308,34,0.03917226320932554,0.06206730340676864,0.022895040197443095,Law,Veterinary
3308,35,0.05501086782825861,0.07717144771985196,0.022160579891593347,Law,Dentistry
3308,36,6.288350282054436,6.653746983297953,0.3653967012435171,Law,Health Professions
3309,11,0.633957479566192,0.6591553231407927,0.025197843574600753,Library and Information Sciences,Agricultural and Biological Sciences
3309,12,11.089727624697172,9.750608758133408,-1.3391188665637639,Library and Information Sciences,Arts and Humanities
3309,13,0.3230164300646788,0.31485769031176397,-0.008158739752914812,Library and Information Sciences,"Biochemistry, Genetics and Molecular Biology"
3309,14,9.410495015131962,9.06201349247535,-0.3484815226566127,Library and Information Sciences,"Business, Management and Accounting"
3309,15,0.020377204700341885,0.011476587760967626,-0.008900616939374259,Library and Information Sciences,Chemical Engineering
3309,16,0.06264103667142135,0.1422098918206858,0.07956885514926446,Library and Information Sciences,Chemistry
3309,17,48.515105546373235,43.08560536505529,-5.429500181317948,Library and Information Sciences,Computer Science
3309,18,8.419559097667188,9.8044988224023,1.384939724735112,Library and Information Sciences,Decision Sciences
3309,19,0.24679059025969613,0.26096762604287255,0.014177035783176417,Library and Information Sciences,Earth and Planetary Sciences
3309,20,1.064897623414163,1.125703564727955,0.06080594131379202,Library and Information Sciences,"Economics, Econometrics and Finance"
3309,21,0.018113070844748343,0.0304379066703924,0.012324835825644056,Library and Information Sciences,Energy
3309,22,1.865646297009079,2.2164783840964435,0.35083208708736446,Library and Information Sciences,Engineering
3309,23,0.6875419808152391,0.9824957087541416,0.2949537279389025,Library and Information Sciences,Environmental Science
3309,24,0.033962007833903136,0.017464372679733345,-0.01649763515416979,Library and Information Sciences,Immunology and Microbiology
3309,25,0.05433921253424503,0.040417548201668596,-0.013921664332576432,Library and Information Sciences,Materials Science
3309,26,0.2905638448011713,0.35777014889625164,0.06720630409508033,Library and Information Sciences,Mathematics
3309,27,1.979607701073954,2.810766037283941,0.831158336209987,Library and Information Sciences,Medicine
3309,28,0.24754530154489401,0.4550716538261945,0.2075263522813005,Library and Information Sciences,Neuroscience
3309,29,0.3781103538841217,0.3048780487804878,-0.07323230510363388,Library and Information Sciences,Nursing
3309,30,0.036226141689496685,0.02345215759849906,-0.012773984090997625,Library and Information Sciences,"Pharmacology, Toxicology and Pharmaceutics"
3309,31,0.3773556425989238,0.39818769709792023,0.020832054498996444,Library and Information Sciences,Physics and Astronomy
3309,32,9.286722364359514,11.771985150293402,2.4852627859338874,Library and Information Sciences,Psychology
3309,33,0.0,0.0,0.0,Library and Information Sciences,Social Sciences
3309,34,0.0030188451407913903,0.006486766995329528,0.0034679218545381374,Library and Information Sciences,Veterinary
3309,35,0.04301854325627731,0.08831982755179434,0.045301284295517025,Library and Information Sciences,Dentistry
3309,36,4.911661044067592,6.2786914694024185,1.3670304253348267,Library and Information Sciences,Health Professions
3310,11,0.6902965690435946,0.5762465278946292,-0.11405004114896544,Linguistics and Language,Agricultural and Biological Sciences
3310,12,49.46111760129545,50.621743081029166,1.1606254797337172,Linguistics and Language,Arts and Humanities
3310,13,0.5918456817185445,0.5965678901766276,0.0047222084580831325,Linguistics and Language,"Biochemistry, Genetics and Molecular Biology"
3310,14,1.004528487404115,0.9207389209744935,-0.08378956642962143,Linguistics and Language,"Business, Management and Accounting"
3310,15,0.0022807155364876477,0.0012296365712037235,-0.0010510789652839242,Linguistics and Language,Chemical Engineering
3310,16,0.03433743946600847,0.018056242282412573,-0.0162811971835959,Linguistics and Language,Chemistry
3310,17,11.567789201065349,10.92124371914583,-0.6465454819195191,Linguistics and Language,Computer Science
3310,18,0.37986584324388706,0.39911414392701916,0.019248300683132102,Linguistics and Language,Decision Sciences
3310,19,0.18701867399198707,0.14736223540162519,-0.03965643859036189,Linguistics and Language,Earth and Planetary Sciences
3310,20,0.4603244191144235,0.4189824822091004,-0.04134193690532312,Linguistics and Language,"Economics, Econometrics and Finance"
3310,21,0.014951357405863466,0.014885074282992444,-6.62831228710227e-05,Linguistics and Language,Energy
3310,22,0.33906637642449694,0.33504360679587775,-0.004022769628619194,Linguistics and Language,Engineering
3310,23,0.4007724023283571,0.4505647267747539,0.04979232444639681,Linguistics and Language,Environmental Science
3310,24,0.013557586800232125,0.008024996569961144,-0.0055325902302709815,Linguistics and Language,Immunology and Microbiology
3310,25,0.032056723929520824,0.06853605941603912,0.03647933548651829,Linguistics and Language,Materials Science
3310,26,0.5274788210221154,0.44545202734711736,-0.08202679367499804,Linguistics and Language,Mathematics
3310,27,1.218282215740485,1.212745247778241,-0.005536967962243899,Linguistics and Language,Medicine
3310,28,2.968351270738673,3.544006751351953,0.5756554806132801,Linguistics and Language,Neuroscience
3310,29,0.04117958607547141,0.04070744227827064,-0.00047214379720077193,Linguistics and Language,Nursing
3310,30,0.007222265865544217,0.004853828570541015,-0.0023684372950032026,Linguistics and Language,"Pharmacology, Toxicology and Pharmaceutics"
3310,31,0.1421646017743967,0.15493420797166918,0.012769606197272493,Linguistics and Language,Physics and Astronomy
3310,32,28.15720718780172,27.04197332076947,-1.1152338670322521,Linguistics and Language,Psychology
3310,33,0.0,0.0,0.0,Linguistics and Language,Social Sciences
3310,34,0.008616036471175556,0.008542738284152186,-7.329818702337017e-05,Linguistics and Language,Veterinary
3310,35,0.01267064186937582,0.01384959085461036,0.0011789489852345406,Linguistics and Language,Dentistry
3310,36,1.737018293872731,2.0345955013422454,0.29757720746951444,Linguistics and Language,Health Professions
3311,11,3.532450838617178,3.113228029749557,-0.41922280886762087,Safety Research,Agricultural and Biological Sciences
3311,12,1.8674787751759168,1.8760139313038593,0.008535156127942534,Safety Research,Arts and Humanities
3311,13,1.2691960164789593,1.5134418698755365,0.24424585339657723,Safety Research,"Biochemistry, Genetics and Molecular Biology"
3311,14,12.275530124580984,11.392097635344477,-0.8834324892365064,Safety Research,"Business, Management and Accounting"
3311,15,0.030314207410327518,0.026399852509478322,-0.003914354900849196,Safety Research,Chemical Engineering
3311,16,0.42690340371303503,0.47085239695869474,0.04394899324565971,Safety Research,Chemistry
3311,17,3.9416601126829827,6.161770477912608,2.2201103652296252,Safety Research,Computer Science
3311,18,9.022802659063395,7.012957718503351,-2.0098449405600434,Safety Research,Decision Sciences
3311,19,0.11751634267544349,0.12596387855698063,0.008447535881537141,Safety Research,Earth and Planetary Sciences
3311,20,11.690127651436054,8.707896923565361,-2.982230727870693,Safety Research,"Economics, Econometrics and Finance"
3311,21,0.20647488051583593,0.28222353583169174,0.07574865531585581,Safety Research,Energy
3311,22,1.7886358151301722,2.558672648696278,0.7700368335661059,Safety Research,Engineering
3311,23,2.387243833563292,3.2226705398776443,0.8354267063143523,Safety Research,Environmental Science
3311,24,0.22683613999959668,0.20236365182728183,-0.024472488172314844,Safety Research,Immunology and Microbiology
3311,25,0.1554416279119691,0.33666085051106626,0.18121922259909715,Safety Research,Materials Science
3311,26,0.6165623558692793,0.6492726107671251,0.032710254897845736,Safety Research,Mathematics
3311,27,10.624088866164074,11.743721483801135,1.1196326176370608,Safety Research,Medicine
3311,28,2.751274530276152,3.5557260078298873,0.8044514775537355,Safety Research,Neuroscience
3311,29,1.593252291617471,2.382220207786253,0.7889679161687819,Safety Research,Nursing
3311,30,0.18630877687377254,0.20466158796367465,0.01835281108990211,Safety Research,"Pharmacology, Toxicology and Pharmaceutics"
3311,31,0.5572675059668898,0.5920619248886557,0.034794418921765935,Safety Research,Physics and Astronomy
3311,32,26.048816282242182,25.41410393961341,-0.6347123426287737,Safety Research,Psychology
3311,33,0.0,0.0,0.0,Safety Research,Social Sciences
3311,34,0.044593109827853035,0.04459845018734783,5.340359494794555e-06,Safety Research,Veterinary
3311,35,0.03877096055054764,0.05139981288988976,0.01262885233934212,Safety Research,Dentistry
3311,36,8.600452891656632,8.359020033248758,-0.2414328584078742,Safety Research,Health Professions
3312,11,3.406628564222242,3.220240050998007,-0.18638851322423466,Sociology and Political Science,Agricultural and Biological Sciences
3312,12,6.6129334475495645,4.9503592570910095,-1.662574190458555,Sociology and Political Science,Arts and Humanities
3312,13,2.071441034079644,1.7282317440438053,-0.3432092900358388,Sociology and Political Science,"Biochemistry, Genetics and Molecular Biology"
3312,14,14.739283130908658,14.921397025952956,0.18211389504429754,Sociology and Political Science,"Business, Management and Accounting"
3312,15,0.01865559061987691,0.01986450693608914,0.0012089163162122309,Sociology and Political Science,Chemical Engineering
3312,16,0.06202663997867991,0.06556622849984811,0.003539588521168202,Sociology and Political Science,Chemistry
3312,17,6.459988313257717,6.877901886972998,0.41791357371528104,Sociology and Political Science,Computer Science
3312,18,4.700098201595946,4.269215252398162,-0.4308829491977839,Sociology and Political Science,Decision Sciences
3312,19,0.5397684219351053,0.716607079365383,0.1768386574302777,Sociology and Political Science,Earth and Planetary Sciences
3312,20,7.690259258457418,6.370803095068517,-1.3194561633889013,Sociology and Political Science,"Economics, Econometrics and Finance"
3312,21,0.22929742533912356,0.4362570971568242,0.20695967181770064,Sociology and Political Science,Energy
3312,22,2.185437184937399,3.2129455306538666,1.0275083457164675,Sociology and Political Science,Engineering
3312,23,5.441833224752166,7.733825663045679,2.291992438293513,Sociology and Political Science,Environmental Science
3312,24,0.3630444470342191,0.309044904725492,-0.05399954230872711,Sociology and Political Science,Immunology and Microbiology
3312,25,0.05413959878657283,0.08225092164025519,0.028111322853682355,Sociology and Political Science,Materials Science
3312,26,0.4987875401536637,0.6547254281852999,0.15593788803163616,Sociology and Political Science,Mathematics
3312,27,11.963597389527555,12.411514414111648,0.4479170245840933,Sociology and Political Science,Medicine
3312,28,1.8491503312531712,2.1309564379062005,0.2818061066530293,Sociology and Political Science,Neuroscience
3312,29,0.44768811169033007,0.4652309162512662,0.017542804560936154,Sociology and Political Science,Nursing
3312,30,0.1026543706619674,0.07953855422096123,-0.023115816441006173,Sociology and Political Science,"Pharmacology, Toxicology and Pharmaceutics"
3312,31,0.7992423527048995,0.8820948809691994,0.0828525282642999,Sociology and Political Science,Physics and Astronomy
3312,32,20.503799214868337,19.822452474697453,-0.6813467401708841,Sociology and Political Science,Psychology
3312,33,0.0,0.0,0.0,Sociology and Political Science,Social Sciences
3312,34,0.05322857131597253,0.060153278023690145,0.006924706707717616,Sociology and Political Science,Veterinary
3312,35,0.06451917019318748,0.09632341444202291,0.031804244248835434,Sociology and Political Science,Dentistry
3312,36,9.142498464176583,8.482499956643366,-0.6599985075332171,Sociology and Political Science,Health Professions
3313,11,1.4590908877086852,1.2643541527011277,-0.1947367350075575,Transportation,Agricultural and Biological Sciences
3313,12,0.5091000606827515,0.3908232319331034,-0.11827682874964807,Transportation,Arts and Humanities
3313,13,0.3592160164831288,0.3146253431524079,-0.044590673330720865,Transportation,"Biochemistry, Genetics and Molecular Biology"
3313,14,7.468564923487989,6.5581727927860225,-0.9103921307019665,Transportation,"Business, Management and Accounting"
3313,15,0.0782054840272649,0.06132149069610508,-0.01688399333115982,Transportation,Chemical Engineering
3313,16,0.04492405247881984,0.03566145005629983,-0.009262602422520007,Transportation,Chemistry
3313,17,8.46565544427771,9.343718968217727,0.8780635239400176,Transportation,Computer Science
3313,18,2.936704126897512,2.0576223660568926,-0.8790817608406192,Transportation,Decision Sciences
3313,19,0.7879349518536465,0.8283988623536473,0.040463910500000866,Transportation,Earth and Planetary Sciences
3313,20,8.815874890041913,6.3157782989250855,-2.5000965911168276,Transportation,"Economics, Econometrics and Finance"
3313,21,1.1425644813035973,1.0554559993161048,-0.08710848198749255,Transportation,Energy
3313,22,35.987047290209375,39.76732195919788,3.780274668988504,Transportation,Engineering
3313,23,9.140280645965538,13.571940515080966,4.431659869115428,Transportation,Environmental Science
3313,24,0.04492405247881984,0.04082977615141575,-0.004094276327404084,Transportation,Immunology and Microbiology
3313,25,0.1131921479341992,0.098170258909391,-0.015021889024808194,Transportation,Materials Science
3313,26,0.9285872208711031,0.8706254833956351,-0.05796173747546807,Transportation,Mathematics
3313,27,9.698420837233808,7.3070073701726965,-2.3914134670611116,Transportation,Medicine
3313,28,0.41425386088126415,0.41068636627703536,-0.0035674946042287825,Transportation,Neuroscience
3313,29,0.19374967659386302,0.172803681412646,-0.020945995181217036,Transportation,Nursing
3313,30,0.0307529835686162,0.016482769708748065,-0.014270213859868135,Transportation,"Pharmacology, Toxicology and Pharmaceutics"
3313,31,0.9652203160207169,1.0166935536027353,0.05147323758201838,Transportation,Physics and Astronomy
3313,32,4.6549315319807505,4.017214157693451,-0.6377173742872992,Transportation,Psychology
3313,33,0.0,0.0,0.0,Transportation,Social Sciences
3313,34,0.01869875482757161,0.01768405631463987,-0.0010146985129317401,Transportation,Veterinary
3313,35,0.014994284531543271,0.018955185165060274,0.003960900633517003,Transportation,Dentistry
3313,36,5.72711107765981,4.447651910723173,-1.279459166936637,Transportation,Health Professions
3314,11,5.949990149824318,5.258633228680079,-0.691356921144239,Anthropology,Agricultural and Biological Sciences
3314,12,22.051856939630284,21.425553351753795,-0.6263035878764889,Anthropology,Arts and Humanities
3314,13,3.26033554490349,3.649320214759433,0.38898466985594293,Anthropology,"Biochemistry, Genetics and Molecular Biology"
3314,14,6.684372780987758,5.220794256772657,-1.4635785242151007,Anthropology,"Business, Management and Accounting"
3314,15,0.009003108976825706,0.008110250479103074,-0.000892858497722632,Anthropology,Chemical Engineering
3314,16,0.40983507369238314,0.34781008612022374,-0.06202498757215941,Anthropology,Chemistry
3314,17,1.4898693242295444,1.6717752381023292,0.18190591387278476,Anthropology,Computer Science
3314,18,0.7929028395128059,0.5547677237558277,-0.2381351157569782,Anthropology,Decision Sciences
3314,19,27.35192910971353,30.330847696675566,2.9789185869620347,Anthropology,Earth and Planetary Sciences
3314,20,2.926155628903465,2.5583984568719482,-0.3677571720315167,Anthropology,"Economics, Econometrics and Finance"
3314,21,0.11060270974218678,0.1167876068990843,0.0061848971568975175,Anthropology,Energy
3314,22,1.4668291098587432,1.768087786414825,0.30125867655608185,Anthropology,Engineering
3314,23,14.063146644671976,13.457883735171869,-0.605262909500107,Anthropology,Environmental Science
3314,24,0.12226802836269751,0.13300810785729045,0.010740079494592936,Anthropology,Immunology and Microbiology
3314,25,0.2110406190266671,0.18967349727030242,-0.021367121756364682,Anthropology,Materials Science
3314,26,0.9998775383563905,1.1988013847521442,0.19892384639575367,Anthropology,Mathematics
3314,27,2.479340043069712,2.5725714519714957,0.09323140890178383,Anthropology,Medicine
3314,28,0.7936773005000598,0.7884493014947058,-0.005227999005353978,Anthropology,Neuroscience
3314,29,0.1758026441066181,0.18552530358263003,0.009722659476011919,Anthropology,Nursing
3314,30,0.04680648591715301,0.04368898864644706,-0.0031174972707059476,Anthropology,"Pharmacology, Toxicology and Pharmaceutics"
3314,31,0.4777940253239062,0.413011181775177,-0.06478284354872921,Anthropology,Physics and Astronomy
3314,32,5.656421031843416,5.5380247099388855,-0.11839632190453031,Anthropology,Psychology
3314,33,0.0,0.0,0.0,Anthropology,Social Sciences
3314,34,0.08882099447567297,0.11178850168573551,0.022967507210062535,Anthropology,Veterinary
3314,35,0.1603134243615416,0.18799826520412702,0.027684840842585406,Anthropology,Dentistry
3314,36,2.2210089000088575,2.2686896733643156,0.04768077335545806,Anthropology,Health Professions
3315,11,0.7007708479327259,0.7880973363114576,0.08732648837873169,Communication,Agricultural and Biological Sciences
3315,12,9.841668376650778,8.928437267621616,-0.9132311090291623,Communication,Arts and Humanities
3315,13,0.3936028526406672,0.40410545746461246,0.010502604823945272,Communication,"Biochemistry, Genetics and Molecular Biology"
3315,14,29.597211628924413,26.50401749013695,-3.0931941387874637,Communication,"Business, Management and Accounting"
3315,15,0.005129952339839016,0.005146709822781625,1.6757482942608704e-05,Communication,Chemical Engineering
3315,16,0.02966661117284261,0.0316295883361752,0.001962977163332588,Communication,Chemistry
3315,17,16.796625459275923,18.34105964247917,1.544434183203247,Communication,Computer Science
3315,18,10.454891264368706,8.943502732390217,-1.5113885319784899,Communication,Decision Sciences
3315,19,0.11827927847704299,0.20231893786107077,0.08403965938402778,Communication,Earth and Planetary Sciences
3315,20,2.564201837490853,3.14467914010902,0.5804773026181671,Communication,"Economics, Econometrics and Finance"
3315,21,0.04244309624564922,0.08991952793825368,0.04747643169260446,Communication,Energy
3315,22,2.649281613089315,2.8651201165167777,0.21583850342746258,Communication,Engineering
3315,23,1.2241711739266783,2.3245381123721973,1.100366938445519,Communication,Environmental Science
3315,24,0.02153612067196568,0.038708779241840345,0.017172658569874665,Communication,Immunology and Microbiology
3315,25,0.029811798503215414,0.04210048073424816,0.012288682231032744,Communication,Materials Science
3315,26,0.1745151711081084,0.36070350987862637,0.18618833877051796,Communication,Mathematics
3315,27,2.0561429727396265,2.911085559416793,0.8549425866771663,Communication,Medicine
3315,28,0.653778548668729,0.9996645764977565,0.34588602782902755,Communication,Neuroscience
3315,29,0.16038360428515566,0.1580296265125362,-0.0023539777726194755,Communication,Nursing
3315,30,0.059430013899267095,0.044269592153811294,-0.015160421745455802,Communication,"Pharmacology, Toxicology and Pharmaceutics"
3315,31,1.7059027361036365,2.5985363230524685,0.892633586948832,Communication,Physics and Astronomy
3315,32,17.381246442910406,16.54513398305451,-0.8361124598558973,Communication,Psychology
3315,33,0.0,0.0,0.0,Communication,Social Sciences
3315,34,0.010211508902887098,0.013921751474650681,0.0037102425717635834,Communication,Veterinary
3315,35,0.02555297014561321,0.04284981013373361,0.0172968399881204,Communication,Dentistry
3315,36,3.3035441195259536,3.672423948488731,0.36887982896277727,Communication,Health Professions
3316,11,3.5361546381087967,3.669634081766673,0.13347944365787612,Cultural Studies,Agricultural and Biological Sciences
3316,12,25.27610429402521,22.301323909130232,-2.974780384894977,Cultural Studies,Arts and Humanities
3316,13,2.9157204573331432,3.2046571983899272,0.288936741056784,Cultural Studies,"Biochemistry, Genetics and Molecular Biology"
3316,14,5.34006886597735,6.090599030002185,0.750530164024835,Cultural Studies,"Business, Management and Accounting"
3316,15,0.013300296054738106,0.012592468067075039,-0.0007078279876630671,Cultural Studies,Chemical Engineering
3316,16,0.2535676812657941,0.12970242109087293,-0.12386526017492117,Cultural Studies,Chemistry
3316,17,7.072309276217593,8.080523796301717,1.008214520084124,Cultural Studies,Computer Science
3316,18,1.1840958015398786,1.194647445523409,0.010551643983530479,Cultural Studies,Decision Sciences
3316,19,2.0451668201947752,2.1424825169321475,0.09731569673737228,Cultural Studies,Earth and Planetary Sciences
3316,20,4.249937193046408,3.3173597875902487,-0.9325774054561595,Cultural Studies,"Economics, Econometrics and Finance"
3316,21,0.14273188080964322,0.14487634511169833,0.0021444643020551157,Cultural Studies,Energy
3316,22,1.5311350078570267,2.031291023899875,0.5001560160428482,Cultural Studies,Engineering
3316,23,3.439358039043758,4.688868447115727,1.249510408071969,Cultural Studies,Environmental Science
3316,24,0.3045521494756235,0.28843048107635383,-0.01612166839926965,Cultural Studies,Immunology and Microbiology
3316,25,0.12253513494874461,0.14519115681337522,0.0226560218646306,Cultural Studies,Materials Science
3316,26,0.6544238262488732,0.5666610630183768,-0.08776276323049637,Cultural Studies,Mathematics
3316,27,8.3592360704029,8.193856008905394,-0.1653800614975065,Cultural Studies,Medicine
3316,28,4.373457535110319,4.441993110660721,0.0685355755504018,Cultural Studies,Neuroscience
3316,29,0.29679364344369297,0.41127000707067085,0.11447636362697788,Cultural Studies,Nursing
3316,30,0.09396412860893683,0.08392879966705515,-0.01003532894188168,Cultural Studies,"Pharmacology, Toxicology and Pharmaceutics"
3316,31,0.9204297473436353,0.9791273545554197,0.05869760721178441,Cultural Studies,Physics and Astronomy
3316,32,23.390541026487295,23.119645446469104,-0.27089558001819114,Cultural Studies,Psychology
3316,33,0.0,0.0,0.0,Cultural Studies,Social Sciences
3316,34,0.10837278266823643,0.1125137021793155,0.004140919511079075,Cultural Studies,Veterinary
3316,35,0.7371812239227992,0.706815232604922,-0.030365991317877206,Cultural Studies,Dentistry
3316,36,3.6388624798648292,3.9420091660575056,0.3031466861926764,Cultural Studies,Health Professions
3317,11,2.7187889196191555,2.824664280234197,0.10587536061504155,Demography,Agricultural and Biological Sciences
3317,12,3.009549267746235,2.505130216330816,-0.5044190514154194,Demography,Arts and Humanities
3317,13,1.2775451810241552,1.1084573821227812,-0.16908779890137393,Demography,"Biochemistry, Genetics and Molecular Biology"
3317,14,10.9893260687082,13.897431234357265,2.908105165649065,Demography,"Business, Management and Accounting"
3317,15,0.007668160537941835,0.008297560501615607,0.000629399963673772,Demography,Chemical Engineering
3317,16,0.05697406235436978,0.0925677097313696,0.03559364737699982,Demography,Chemistry
3317,17,2.5948388463826655,4.282804569210779,1.687965722828113,Demography,Computer Science
3317,18,4.255125257735396,3.884256517523216,-0.3708687402121802,Demography,Decision Sciences
3317,19,0.5931896362032011,0.6274952144755622,0.03430557827236114,Demography,Earth and Planetary Sciences
3317,20,14.729054623234008,11.824772366877573,-2.904282256356435,Demography,"Economics, Econometrics and Finance"
3317,21,0.16021639771303595,0.23234729096347312,0.07213089325043717,Demography,Energy
3317,22,1.4257592405038908,2.230094160155083,0.8043349196511924,Demography,Engineering
3317,23,3.434002327860909,4.993836877758998,1.5598345498980888,Demography,Environmental Science
3317,24,0.11435561150061085,0.11926963375160629,0.004914022250995437,Demography,Immunology and Microbiology
3317,25,0.032858253126349796,0.06486758294402126,0.03200932981767146,Demography,Materials Science
3317,26,1.2585785230752362,1.1511773411715127,-0.1074011819037235,Demography,Mathematics
3317,27,14.923722176987072,14.540741723924253,-0.38298045306281914,Demography,Medicine
3317,28,1.1980111681016374,1.4815668601672332,0.2835556920655957,Demography,Neuroscience
3317,29,0.5173230044075253,0.4842687143132763,-0.03305429009424904,Demography,Nursing
3317,30,0.05752972616146702,0.05472958609054354,-0.002800140070923475,Demography,"Pharmacology, Toxicology and Pharmaceutics"
3317,31,0.23200816158999862,0.2413623097039502,0.009354148113951577,Demography,Physics and Astronomy
3317,32,21.38798151047204,19.606917108462373,-1.7810644020096689,Demography,Psychology
3317,33,0.0,0.0,0.0,Demography,Social Sciences
3317,34,0.025486446618859824,0.02498626301426354,-0.000500183604596284,Demography,Veterinary
3317,35,0.11620782419093498,0.11262534658301934,-0.003582477607915635,Demography,Dentistry
3317,36,14.883899604145103,13.605332149631218,-1.278567454513885,Demography,Health Professions
3318,11,2.295109524452705,1.805864144993236,-0.4892453794594689,Gender Studies,Agricultural and Biological Sciences
3318,12,6.403531521372631,5.427713359732662,-0.9758181616399693,Gender Studies,Arts and Humanities
3318,13,1.8240721269678475,1.2917127684354814,-0.532359358532366,Gender Studies,"Biochemistry, Genetics and Molecular Biology"
3318,14,16.15972559937653,17.178162991963735,1.018437392587206,Gender Studies,"Business, Management and Accounting"
3318,15,0.0031722993512484305,0.0031916609179440773,1.9361566695646863e-05,Gender Studies,Chemical Engineering
3318,16,0.017398590256331597,0.019849891147564483,0.002451300891232886,Gender Studies,Chemistry
3318,17,2.482013553240177,3.6826167587955454,1.2006032055553684,Gender Studies,Computer Science
3318,18,2.5839195818844045,2.2392301041937306,-0.34468947769067393,Gender Studies,Decision Sciences
3318,19,0.06995410631258138,0.05974565262186545,-0.010208453690715928,Gender Studies,Earth and Planetary Sciences
3318,20,11.66794594271089,8.560734507565916,-3.1072114351449738,Gender Studies,"Economics, Econometrics and Finance"
3318,21,0.1457622495723119,0.15294775083095172,0.007185501258639815,Gender Studies,Energy
3318,22,0.9839360647593843,1.064264932493572,0.08032886773418768,Gender Studies,Engineering
3318,23,1.5851031438794734,1.7543916134349886,0.16928846955551524,Gender Studies,Environmental Science
3318,24,0.1876889275960283,0.16880806583108612,-0.018880861764942164,Gender Studies,Immunology and Microbiology
3318,25,0.015599863820056716,0.0205918123258585,0.004991948505801785,Gender Studies,Materials Science
3318,26,0.39006200373546424,0.370078682840735,-0.019983320894729262,Gender Studies,Mathematics
3318,27,14.503785338024846,17.976344193192915,3.472558855168069,Gender Studies,Medicine
3318,28,1.0481669505929092,1.1226107338356373,0.07444378324272805,Gender Studies,Neuroscience
3318,29,0.7138327622649433,0.7539039052491063,0.04007114298416303,Gender Studies,Nursing
3318,30,0.08741810480295933,0.08702875406516812,-0.00038935073779121365,Gender Studies,"Pharmacology, Toxicology and Pharmaceutics"
3318,31,0.12986804869904658,0.16746420860247807,0.037596159903431486,Gender Studies,Physics and Astronomy
3318,32,23.757317137382476,23.618094813607,-0.13922232377547417,Gender Studies,Psychology
3318,33,0.0,0.0,0.0,Gender Studies,Social Sciences
3318,34,0.041272595683252776,0.03789397414418692,-0.0033786215390658528,Gender Studies,Veterinary
3318,35,0.08548856189859173,0.09615578440946435,0.010667222510872612,Gender Studies,Dentistry
3318,36,12.817855401362912,12.34059893476917,-0.477256466593742,Gender Studies,Health Professions
3319,11,0.915470662726889,0.9408634369681426,0.025392774241253524,Life-span and Life-course Studies,Agricultural and Biological Sciences
3319,12,4.764668636555509,4.523335810341108,-0.24133282621440078,Life-span and Life-course Studies,Arts and Humanities
3319,13,1.5407344871253694,0.8545676822398542,-0.6861668048855152,Life-span and Life-course Studies,"Biochemistry, Genetics and Molecular Biology"
3319,14,6.643098353735753,13.50888127142412,6.8657829176883665,Life-span and Life-course Studies,"Business, Management and Accounting"
3319,15,0.013191219924018574,0.0,-0.013191219924018574,Life-span and Life-course Studies,Chemical Engineering
3319,16,0.013191219924018574,0.008389865043028022,-0.004801354880990552,Life-span and Life-course Studies,Chemistry
3319,17,1.5037990713381173,4.531725675384136,3.0279266040460184,Life-span and Life-course Studies,Computer Science
3319,18,0.8917264668636555,1.875734113191265,0.9840076463276095,Life-span and Life-course Studies,Decision Sciences
3319,19,0.1978682988602786,0.09228851547330824,-0.10557978338697036,Life-span and Life-course Studies,Earth and Planetary Sciences
3319,20,2.646158716758126,3.19773713354268,0.5515784167845541,Life-span and Life-course Studies,"Economics, Econometrics and Finance"
3319,21,0.036935415787252006,0.0779058896852602,0.040970473898008196,Life-span and Life-course Studies,Energy
3319,22,1.3692486281131278,1.6731788000095882,0.30393017189646043,Life-span and Life-course Studies,Engineering
3319,23,0.7518995356690586,1.3255986767984274,0.5736991411293687,Life-span and Life-course Studies,Environmental Science
3319,24,0.07914731954411143,0.0719131289402402,-0.007234190603871232,Life-span and Life-course Studies,Immunology and Microbiology
3319,25,0.013191219924018574,0.013184073639044034,-7.146284974540035e-06,Life-span and Life-course Studies,Materials Science
3319,26,0.07650907555930772,0.13543639283745237,0.05892731727814465,Life-span and Life-course Studies,Mathematics
3319,27,24.087167581257916,17.675048541362035,-6.412119039895881,Life-span and Life-course Studies,Medicine
3319,28,0.7545377796538624,0.5836948965649496,-0.17084288308891282,Life-span and Life-course Studies,Neuroscience
3319,29,0.6964964119881807,0.6292398782271016,-0.0672565337610791,Life-span and Life-course Studies,Nursing
3319,30,0.031658927817644573,0.026368147278088068,-0.0052907805395565055,Life-span and Life-course Studies,"Pharmacology, Toxicology and Pharmaceutics"
3319,31,0.06595609962009286,0.046743533811156125,-0.01921256580893673,Life-span and Life-course Studies,Physics and Astronomy
3319,32,31.809307724778385,30.65536831507539,-1.1539394097029962,Life-span and Life-course Studies,Psychology
3319,33,0.0,0.0,0.0,Life-span and Life-course Studies,Social Sciences
3319,34,0.039573659772055715,0.05872905530119615,0.01915539552914043,Life-span and Life-course Studies,Veterinary
3319,35,0.07123258758970029,0.1210537670494043,0.04982117945970402,Life-span and Life-course Studies,Dentistry
3319,36,20.98723089911355,17.373013399813026,-3.6142174993005227,Life-span and Life-course Studies,Health Professions
3320,11,3.1543712210276134,3.6403751600411307,0.48600393901351735,Political Science and International Relations,Agricultural and Biological Sciences
3320,12,12.496659665444318,10.274443702236981,-2.2222159632073364,Political Science and International Relations,Arts and Humanities
3320,13,0.6014258038137767,0.5546779778067829,-0.0467478260069939,Political Science and International Relations,"Biochemistry, Genetics and Molecular Biology"
3320,14,21.85649999172081,19.139864832417658,-2.716635159303152,Political Science and International Relations,"Business, Management and Accounting"
3320,15,0.015819620660271736,0.014978249143038342,-0.0008413715172333937,Political Science and International Relations,Chemical Engineering
3320,16,0.09873888837232407,0.09009817041766574,-0.00864071795465833,Political Science and International Relations,Chemistry
3320,17,3.827762287909454,5.584053894255848,1.756291606346394,Political Science and International Relations,Computer Science
3320,18,3.9658846441413274,3.9655645097564425,-0.00032013438488487367,Political Science and International Relations,Decision Sciences
3320,19,0.6259322049010254,0.7086528544934874,0.08272064959246195,Political Science and International Relations,Earth and Planetary Sciences
3320,20,24.853209969163203,19.935998792593047,-4.917211176570156,Political Science and International Relations,"Economics, Econometrics and Finance"
3320,21,0.5948024521685744,0.8696912651272058,0.27488881295863143,Political Science and International Relations,Energy
3320,22,3.3907484514731223,5.065252570884977,1.6745041194118544,Political Science and International Relations,Engineering
3320,23,5.555336192413461,9.014288919373318,3.458952726959857,Political Science and International Relations,Environmental Science
3320,24,0.06669205618130661,0.06110719116031758,-0.005584865020989031,Political Science and International Relations,Immunology and Microbiology
3320,25,0.11471135560902354,0.1251744603955528,0.01046310478652926,Political Science and International Relations,Materials Science
3320,26,0.4829187582234643,0.6005782442646264,0.11765948604116205,Political Science and International Relations,Mathematics
3320,27,3.4582302149659725,3.700847141314127,0.24261692634815457,Political Science and International Relations,Medicine
3320,28,0.7729196625657081,1.024187013921514,0.2512673513558058,Political Science and International Relations,Neuroscience
3320,29,0.2930578358707988,0.4867994492476193,0.1937416133768205,Political Science and International Relations,Nursing
3320,30,0.07756963753708122,0.057829508141739205,-0.019740129395342018,Political Science and International Relations,"Pharmacology, Toxicology and Pharmaceutics"
3320,31,0.7927897175013151,0.8879344930910761,0.09514477558976098,Political Science and International Relations,Physics and Astronomy
3320,32,6.440266921071301,7.506961265155156,1.0666943440838548,Political Science and International Relations,Psychology
3320,33,0.0,0.0,0.0,Political Science and International Relations,Social Sciences
3320,34,0.019487938494537647,0.02672963205848403,0.007241693563946383,Political Science and International Relations,Veterinary
3320,35,0.022748665458329567,0.028533628138476774,0.005784962680147207,Political Science and International Relations,Dentistry
3320,36,6.4214158433118795,6.635377074563731,0.21396123125185174,Political Science and International Relations,Health Professions
3321,11,1.388579771559821,1.5143306864366368,0.1257509148768159,Public Administration,Agricultural and Biological Sciences
3321,12,2.256469949344325,1.8884889015852928,-0.3679810477590322,Public Administration,Arts and Humanities
3321,13,0.11751404381849422,0.1509721284850775,0.033458084666583274,Public Administration,"Biochemistry, Genetics and Molecular Biology"
3321,14,35.867266997249104,35.213551868287205,-0.653715128961899,Public Administration,"Business, Management and Accounting"
3321,15,0.003894878346256911,0.0034712777375008395,-0.00042360060875607126,Public Administration,Chemical Engineering
3321,16,0.009570272507945551,0.006999461667419726,-0.002570810840525826,Public Administration,Chemistry
3321,17,1.4778281268083364,2.2464288518948052,0.7686007250864688,Public Administration,Computer Science
3321,18,5.744389149536621,5.671669479729445,-0.07271966980717615,Public Administration,Decision Sciences
3321,19,0.08168116303293065,0.11170685571662538,0.030025692683694732,Public Administration,Earth and Planetary Sciences
3321,20,16.60408895457014,12.633743778730514,-3.9703451758396273,Public Administration,"Economics, Econometrics and Finance"
3321,21,0.13587561316513394,0.21180484817996925,0.07592923501483531,Public Administration,Energy
3321,22,1.9219555405200885,2.909784336911974,0.9878287963918855,Public Administration,Engineering
3321,23,3.231191076054733,5.225695649749214,1.9945045736944813,Public Administration,Environmental Science
3321,24,0.016358489054279023,0.024697287509432203,0.00833879845515318,Public Administration,Immunology and Microbiology
3321,25,0.011907199515699698,0.012121018985043915,0.00021381946934421678,Public Administration,Materials Science
3321,26,0.1486730705885495,0.2280231130191125,0.07935004243056298,Public Administration,Mathematics
3321,27,2.7208507304566134,3.302550876981331,0.5817001465247178,Public Administration,Medicine
3321,28,0.2303542336214801,0.2796370295422807,0.04928279592080059,Public Administration,Neuroscience
3321,29,0.521913698398426,0.48148329404909185,-0.040430404349334204,Public Administration,Nursing
3321,30,0.05397188565527433,0.04137080188791984,-0.012601083767354491,Public Administration,"Pharmacology, Toxicology and Pharmaceutics"
3321,31,0.1500084574501233,0.19638327003467862,0.04637481258455531,Public Administration,Physics and Astronomy
3321,32,9.429389194049516,10.065794939673745,0.6364057456242289,Public Administration,Psychology
3321,33,0.0,0.0,0.0,Public Administration,Social Sciences
3321,34,0.008680014600229687,0.015250859568036474,0.006570844967806787,Public Administration,Veterinary
3321,35,0.010126683700267968,0.01621826483914327,0.006091581138875301,Public Administration,Dentistry
3321,36,17.857460806395615,17.547821118798506,-0.3096396875971088,Public Administration,Health Professions
3322,11,8.68591580701248,7.976780730675342,-0.7091350763371373,Urban Studies,Agricultural and Biological Sciences
3322,12,12.004470520963432,8.70842239191605,-3.2960481290473815,Urban Studies,Arts and Humanities
3322,13,0.3158639199683726,0.38390480375668085,0.06804088378830825,Urban Studies,"Biochemistry, Genetics and Molecular Biology"
3322,14,16.93339771904937,13.938739965810706,-2.9946577532386645,Urban Studies,"Business, Management and Accounting"
3322,15,0.013269294169307985,0.013390422856669559,0.00012112868736157377,Urban Studies,Chemical Engineering
3322,16,0.05895944110280146,0.08991369849461277,0.030954257391811305,Urban Studies,Chemistry
3322,17,2.9073433915495115,6.055692195132052,3.148348803582541,Urban Studies,Computer Science
3322,18,2.3726045162111102,1.716550976787633,-0.6560535394234772,Urban Studies,Decision Sciences
3322,19,0.7860346834726153,1.0511712018479704,0.2651365183753551,Urban Studies,Earth and Planetary Sciences
3322,20,22.482288228220916,17.03040914414031,-5.4518790840806055,Urban Studies,"Economics, Econometrics and Finance"
3322,21,0.3279020425137241,0.3918194179537501,0.06391737544002596,Urban Studies,Energy
3322,22,5.7725533541902925,8.661256813125377,2.888703458935084,Urban Studies,Engineering
3322,23,11.042104701570839,16.931108345086383,5.889003643515544,Urban Studies,Environmental Science
3322,24,0.06908240778866528,0.06455932394469893,-0.004523083843966352,Urban Studies,Immunology and Microbiology
3322,25,0.17113285572994114,0.1820361265325937,0.010903270802652576,Urban Studies,Materials Science
3322,26,0.24007846667150012,0.36250773630530164,0.12242926963380152,Urban Studies,Mathematics
3322,27,2.55003002690794,3.09107098074494,0.5410409538370002,Urban Studies,Medicine
3322,28,0.4915110716528205,0.9360411743999044,0.44453010274708393,Urban Studies,Neuroscience
3322,29,0.6667478327959497,0.9470388069179251,0.28029097412197534,Urban Studies,Nursing
3322,30,0.042270225755836784,0.01932638350447153,-0.022943842251365254,Urban Studies,"Pharmacology, Toxicology and Pharmaceutics"
3322,31,0.26743783609275373,0.39927388016261767,0.13183604406986393,Urban Studies,Physics and Astronomy
3322,32,5.327553210553603,5.2188137741896155,-0.10873943636398753,Urban Studies,Psychology
3322,33,0.0,0.0,0.0,Urban Studies,Social Sciences
3322,34,0.020519527065940187,0.014586818025993984,-0.005932709039946202,Urban Studies,Veterinary
3322,35,0.032284055917079224,0.05291747864319585,0.020633422726116624,Urban Studies,Dentistry
3322,36,6.418644863073196,5.762667409045208,-0.6559774540279877,Urban Studies,Health Professions
3402,11,19.5802044814743,19.79405258555012,0.21384810407581867,Equine,Agricultural and Biological Sciences
3402,12,0.14822343624274764,0.17356220190048774,0.025338765657740098,Equine,Arts and Humanities
3402,13,14.514306347752242,15.634316566677528,1.1200102189252856,Equine,"Biochemistry, Genetics and Molecular Biology"
3402,14,0.02986757963387697,0.030498933149768134,0.0006313535158911643,Equine,"Business, Management and Accounting"
3402,15,0.07333159477272777,0.033928532058175795,-0.039403062714551976,Equine,Chemical Engineering
3402,16,0.332778331293868,0.2710607994395055,-0.06171753185436252,Equine,Chemistry
3402,17,0.09094009321359554,0.13853129876460948,0.04759120555101394,Equine,Computer Science
3402,18,0.06664482321290457,0.06822452114225241,0.0015796979293478397,Equine,Decision Sciences
3402,19,0.40254364790135677,0.5385695142953032,0.13602586639394643,Equine,Earth and Planetary Sciences
3402,20,0.04457847706548801,0.03686818826538236,-0.007710288800105651,Equine,"Economics, Econometrics and Finance"
3402,21,0.004680740091876241,0.011513653478225722,0.0068329133863494805,Equine,Energy
3402,22,3.2843192977998292,2.9138117297182093,-0.3705075680816199,Equine,Engineering
3402,23,2.7097027284256887,2.874616313622122,0.1649135851964334,Equine,Environmental Science
3402,24,3.3957654904635497,3.1557209384362497,-0.24004455202730002,Equine,Immunology and Microbiology
3402,25,0.40945331184650735,0.4231880081624454,0.013734696315938044,Equine,Materials Science
3402,26,0.1283860139486055,0.18887291131302195,0.06048689736441645,Equine,Mathematics
3402,27,48.3458041622924,46.98477013113316,-1.3610340311592424,Equine,Medicine
3402,28,2.1716405102452487,1.663355470577716,-0.5082850396675327,Equine,Neuroscience
3402,29,0.7894848288297927,0.6865322100580338,-0.10295261877175887,Equine,Nursing
3402,30,0.29912158110942455,0.32262726874092074,0.023505687631496186,Equine,"Pharmacology, Toxicology and Pharmaceutics"
3402,31,0.38315201037786945,0.26628385810279487,-0.11686815227507458,Equine,Physics and Astronomy
3402,32,0.7752197161688366,0.889001031329386,0.11378131516054946,Equine,Psychology
3402,33,0.3153927252383277,0.3888920190783688,0.07349929384004111,Equine,Social Sciences
3402,34,0.0,0.0,0.0,Equine,Veterinary
3402,35,0.3804773017539402,0.41816609547513417,0.03768879372119399,Equine,Dentistry
3402,36,1.3239807688449938,2.093035219531076,0.7690544506860821,Equine,Health Professions
3404,11,19.019304185577962,20.400252259721224,1.3809480741432623,Small Animals,Agricultural and Biological Sciences
3404,12,0.13480395970771647,0.15163927062320653,0.016835310915490065,Small Animals,Arts and Humanities
3404,13,13.434527672636328,13.973778958431557,0.5392512857952294,Small Animals,"Biochemistry, Genetics and Molecular Biology"
3404,14,0.09259842233163688,0.14436352124000026,0.05176509890836338,Small Animals,"Business, Management and Accounting"
3404,15,0.1594617608973716,0.12793930784973642,-0.03152245304763518,Small Animals,Chemical Engineering
3404,16,0.989496016089335,0.9828968010238183,-0.00659921506551675,Small Animals,Chemistry
3404,17,0.3061397685566113,0.5629025861935886,0.2567628176369773,Small Animals,Computer Science
3404,18,0.11318648934435865,0.1596742286377039,0.04648773929334524,Small Animals,Decision Sciences
3404,19,0.30163912134917914,0.3264344045007912,0.024795283151612058,Small Animals,Earth and Planetary Sciences
3404,20,0.1462470946287409,0.17364366745345988,0.027396572824718995,Small Animals,"Economics, Econometrics and Finance"
3404,21,0.027458735887897497,0.04929794712516795,0.02183921123727045,Small Animals,Energy
3404,22,1.146539876093352,1.4883905612146122,0.34185068512126016,Small Animals,Engineering
3404,23,9.857758002593618,10.876448158830494,1.0186901562368753,Small Animals,Environmental Science
3404,24,8.423799135157548,7.871576317043499,-0.5522228181140489,Small Animals,Immunology and Microbiology
3404,25,0.4575578195513382,0.5962571520616436,0.13869933251030547,Small Animals,Materials Science
3404,26,0.16152056759864378,0.1635588461344766,0.002038278535832827,Small Animals,Mathematics
3404,27,35.9119807468058,32.771607520518245,-3.140373226287558,Small Animals,Medicine
3404,28,3.2966762002184726,2.7080718808609325,-0.5886043193575401,Small Animals,Neuroscience
3404,29,1.1886975342438206,1.135852033274596,-0.05284550096922458,Small Animals,Nursing
3404,30,0.895676673504618,0.9039264498923569,0.008249776387738939,Small Animals,"Pharmacology, Toxicology and Pharmaceutics"
3404,31,0.049459240056143175,0.0509175922052556,0.0014583521491124268,Small Animals,Physics and Astronomy
3404,32,2.1710116664915087,2.3059823362519842,0.13497066976047556,Small Animals,Psychology
3404,33,0.5404606986967514,0.6816048556959501,0.1411441569991987,Small Animals,Social Sciences
3404,34,0.0,0.0,0.0,Small Animals,Veterinary
3404,35,0.4768770870853689,0.508353446035324,0.03147635894995504,Small Animals,Dentistry
3404,36,0.6971215248958806,0.8846298971803751,0.18750837228449446,Small Animals,Health Professions
3500,11,1.123262402002767,1.0917209949690945,-0.031541407033672586,General Dentistry,Agricultural and Biological Sciences
3500,12,1.6740233216944462,1.1197510160882655,-0.5542723056061807,General Dentistry,Arts and Humanities
3500,13,5.802094999670597,3.8861852268901336,-1.9159097727804637,General Dentistry,"Biochemistry, Genetics and Molecular Biology"
3500,14,0.3755188088806904,0.40321346472003,0.02769465583933961,General Dentistry,"Business, Management and Accounting"
3500,15,0.12846696093286777,0.10003817882186922,-0.028428782110998557,General Dentistry,Chemical Engineering
3500,16,3.6794255221029055,2.183441989938189,-1.4959835321647166,General Dentistry,Chemistry
3500,17,0.9928190262863167,2.496927168661792,1.5041081423754754,General Dentistry,Computer Science
3500,18,0.46445747414190663,0.3627793537952487,-0.10167812034665791,General Dentistry,Decision Sciences
3500,19,1.5791554120824824,0.801916351328929,-0.7772390607535534,General Dentistry,Earth and Planetary Sciences
3500,20,0.6719810264180776,0.7783969083208889,0.10641588190281137,General Dentistry,"Economics, Econometrics and Finance"
3500,21,0.15218393833585875,0.39129265114061246,0.2391087128047537,General Dentistry,Energy
3500,22,11.50075762566704,13.378052493463688,1.877294867796648,General Dentistry,Engineering
3500,23,2.87897753475196,2.682988515745945,-0.19598901900601495,General Dentistry,Environmental Science
3500,24,2.382238619144871,1.6510326807493358,-0.7312059383955352,General Dentistry,Immunology and Microbiology
3500,25,2.293299953883655,2.816372754175104,0.5230728002914491,General Dentistry,Materials Science
3500,26,0.07971539627116411,0.6150495438677885,0.5353341475966245,General Dentistry,Mathematics
3500,27,35.2348639567824,41.981239216899205,6.746375260116807,General Dentistry,Medicine
3500,28,0.6219118519006522,0.6147273597169934,-0.007184492183658797,General Dentistry,Neuroscience
3500,29,0.9783253178733776,0.8183477430194777,-0.15997757485389996,General Dentistry,Nursing
3500,30,0.26681599578364845,0.26274117497337957,-0.0040748208102688865,General Dentistry,"Pharmacology, Toxicology and Pharmaceutics"
3500,31,0.3102971210224652,0.20507021198106204,-0.10522690904140317,General Dentistry,Physics and Astronomy
3500,32,1.7543975228934712,3.5182509266821635,1.7638534037886924,General Dentistry,Psychology
3500,33,4.2308452467224456,4.83727284003718,0.6064275933147343,General Dentistry,Social Sciences
3500,34,0.146254693985111,0.08908391769483684,-0.05717077629027417,General Dentistry,Veterinary
3500,35,0.0,0.0,0.0,General Dentistry,Dentistry
3500,36,20.677910270768827,12.914107316318788,-7.763802954450039,General Dentistry,Health Professions
3504,11,0.5525334941413154,0.723490037943048,0.17095654380173264,Oral Surgery,Agricultural and Biological Sciences
3504,12,0.7819629648874112,1.1169016477664977,0.33493868287908646,Oral Surgery,Arts and Humanities
3504,13,10.69185243623361,9.976071529870117,-0.7157809063634932,Oral Surgery,"Biochemistry, Genetics and Molecular Biology"
3504,14,0.04702023443520465,0.05468695647520323,0.007666722039998582,Oral Surgery,"Business, Management and Accounting"
3504,15,0.05964434406955921,0.057479837738615744,-0.0021645063309434637,Oral Surgery,Chemical Engineering
3504,16,0.6791770983282751,0.7432408928657437,0.06406379453746858,Oral Surgery,Chemistry
3504,17,0.3727588546236808,0.634703171910371,0.26194431728669015,Oral Surgery,Computer Science
3504,18,0.1335228291471298,0.13283746033105176,-0.0006853688160780302,Oral Surgery,Decision Sciences
3504,19,0.4285610783697408,0.4392349311512959,0.010673852781555138,Oral Surgery,Earth and Planetary Sciences
3504,20,0.0870514690438536,0.07562520403084678,-0.011426265013006809,Oral Surgery,"Economics, Econometrics and Finance"
3504,21,0.09239384587462393,0.1169999839451137,0.024606138070489766,Oral Surgery,Energy
3504,22,13.43044261957959,15.876643618985439,2.446200999405848,Oral Surgery,Engineering
3504,23,0.840143644071828,0.7801002360068287,-0.060043408064999304,Oral Surgery,Environmental Science
3504,24,0.6719319571468195,0.7841139575829903,0.11218200043617077,Oral Surgery,Immunology and Microbiology
3504,25,4.5552178555406675,5.020195709064054,0.4649778535233864,Oral Surgery,Materials Science
3504,26,0.08233114978926885,0.07641122450617845,-0.005919925283090405,Oral Surgery,Mathematics
3504,27,53.95277338881599,51.37954955340658,-2.573223835409415,Oral Surgery,Medicine
3504,28,0.8373260891679285,0.7880942314793508,-0.04923185768857774,Oral Surgery,Neuroscience
3504,29,0.21252414132269934,0.23440134004784355,0.02187719872514421,Oral Surgery,Nursing
3504,30,0.2776938203336717,0.3486251665694454,0.07093134623577374,Oral Surgery,"Pharmacology, Toxicology and Pharmaceutics"
3504,31,0.20659629853787198,0.18849439952049407,-0.01810189901737791,Oral Surgery,Physics and Astronomy
3504,32,0.6153613093360597,0.6469282988777634,0.03156698954170367,Oral Surgery,Psychology
3504,33,0.3610495355425403,0.3631749072830316,0.0021253717404912664,Oral Surgery,Social Sciences
3504,34,0.4135585132970296,0.39117061527675945,-0.022387898020270136,Oral Surgery,Veterinary
3504,35,0.0,0.0,0.0,Oral Surgery,Dentistry
3504,36,9.61657102836363,9.05082508736534,-0.5657459409982906,Oral Surgery,Health Professions
3505,11,0.7419658749582824,0.9046358117191236,0.16266993676084118,Orthodontics,Agricultural and Biological Sciences
3505,12,1.368686728223384,1.4486298345484392,0.07994310632505508,Orthodontics,Arts and Humanities
3505,13,11.389267437979752,9.97685668667935,-1.4124107513004027,Orthodontics,"Biochemistry, Genetics and Molecular Biology"
3505,14,0.08395678050951162,0.06931779792284909,-0.014638982586662533,Orthodontics,"Business, Management and Accounting"
3505,15,0.1757356213149405,0.16355215515972532,-0.012183466155215178,Orthodontics,Chemical Engineering
3505,16,2.728595366559128,2.594756518606467,-0.13383884795266088,Orthodontics,Chemistry
3505,17,0.4678461174769162,0.5274881164482934,0.05964199897137723,Orthodontics,Computer Science
3505,18,0.1550506174212927,0.14935917833527945,-0.005691439086013245,Orthodontics,Decision Sciences
3505,19,1.0790097619312493,0.901131372997038,-0.17787838893421126,Orthodontics,Earth and Planetary Sciences
3505,20,0.08360913338524864,0.07639676414146157,-0.00721236924378707,Orthodontics,"Economics, Econometrics and Finance"
3505,21,0.23049004338636112,0.3319754801431493,0.1014854367567882,Orthodontics,Energy
3505,22,19.704899738569363,24.303703070308853,4.598803331739489,Orthodontics,Engineering
3505,23,2.042426855045055,1.5681662393587716,-0.4742606156862834,Orthodontics,Environmental Science
3505,24,0.3503413894760262,0.4196565369697258,0.0693151474936996,Orthodontics,Immunology and Microbiology
3505,25,8.434006146401158,9.377562620815524,0.9435564744143665,Orthodontics,Materials Science
3505,26,0.22527533652241627,0.18983544557536575,-0.03543989094705052,Orthodontics,Mathematics
3505,27,30.415386166425627,29.250498681630155,-1.1648874847954716,Orthodontics,Medicine
3505,28,0.6719149794192902,0.6174120140570046,-0.054502965362285605,Orthodontics,Neuroscience
3505,29,0.349733007008566,0.3458180130953866,-0.003914993913179399,Orthodontics,Nursing
3505,30,0.23500945600177994,0.2912889465797379,0.056279490577957975,Orthodontics,"Pharmacology, Toxicology and Pharmaceutics"
3505,31,0.36398653910334855,0.2856468002371804,-0.07833973886616813,Orthodontics,Physics and Astronomy
3505,32,0.9773229780843252,0.9405563086204988,-0.03676666946382645,Orthodontics,Psychology
3505,33,0.6357596784959394,0.5883952614381375,-0.04736441705780192,Orthodontics,Social Sciences
3505,34,0.15018355768161085,0.10232961068489348,-0.04785394699671737,Orthodontics,Veterinary
3505,35,0.0,0.0,0.0,Orthodontics,Dentistry
3505,36,16.939540688619424,14.575030733927594,-2.3645099546918296,Orthodontics,Health Professions
3506,11,2.9776898801352902,3.863915096525399,0.886225216390109,Periodontics,Agricultural and Biological Sciences
3506,12,0.3816825401317993,0.3693056858247308,-0.01237685430706853,Periodontics,Arts and Humanities
3506,13,16.56778181886796,17.147941134465434,0.5801593155974736,Periodontics,"Biochemistry, Genetics and Molecular Biology"
3506,14,0.11645651425309803,0.12449600978288171,0.008039495529783683,Periodontics,"Business, Management and Accounting"
3506,15,0.06680771172089117,0.07868033754363836,0.011872625822747188,Periodontics,Chemical Engineering
3506,16,0.904763926430145,1.120939354355471,0.21617542792532607,Periodontics,Chemistry
3506,17,0.14387538976078948,0.4066140911232848,0.26273870136249533,Periodontics,Computer Science
3506,18,0.18114147432178085,0.1402748512594676,-0.040866623062313256,Periodontics,Decision Sciences
3506,19,0.19364212294034125,0.2697136306615208,0.07607150772117957,Periodontics,Earth and Planetary Sciences
3506,20,0.4434192340168594,0.4265277494928314,-0.016891484524028,Periodontics,"Economics, Econometrics and Finance"
3506,21,0.0363226393822321,0.091821451002301,0.05549881162006891,Periodontics,Energy
3506,22,1.8825858888904614,3.0172994560339452,1.1347135671434838,Periodontics,Engineering
3506,23,2.8470227228771305,2.9620022209194645,0.11497949804233398,Periodontics,Environmental Science
3506,24,4.736389623989925,4.485991169076702,-0.2503984549132223,Periodontics,Immunology and Microbiology
3506,25,0.7923760195104462,1.610154730076064,0.8177787105656177,Periodontics,Materials Science
3506,26,0.060085664822231336,0.0498079092393434,-0.010277755582887939,Periodontics,Mathematics
3506,27,51.73977187495578,48.84851290359912,-2.891258971356656,Periodontics,Medicine
3506,28,0.8812957276085079,1.1682758787852288,0.2869801511767208,Periodontics,Neuroscience
3506,29,1.625261216383869,1.7340566569720262,0.10879544058815727,Periodontics,Nursing
3506,30,0.7827057064281637,1.116519377676789,0.33381367124862527,Periodontics,"Pharmacology, Toxicology and Pharmaceutics"
3506,31,0.08361282896754077,0.08464492972831164,0.001032100760770871,Periodontics,Physics and Astronomy
3506,32,0.6482647684549669,0.7759197769480156,0.12765500849304867,Periodontics,Psychology
3506,33,1.241279028628844,1.2191531372210276,-0.0221258914078164,Periodontics,Social Sciences
3506,34,0.27188910745368866,0.2223058162853328,-0.04958329116835586,Periodontics,Veterinary
3506,35,0.0,0.0,0.0,Periodontics,Dentistry
3506,36,10.393876569067263,8.665126645401667,-1.728749923665596,Periodontics,Health Professions
3600,11,1.3200154221001432,1.4353560296085892,0.11534060750844599,General Health Professions,Agricultural and Biological Sciences
3600,12,1.4048597866457389,1.1887934549263275,-0.21606633171941136,General Health Professions,Arts and Humanities
3600,13,1.668102032249528,1.7484475928489234,0.08034556059939546,General Health Professions,"Biochemistry, Genetics and Molecular Biology"
3600,14,3.684359115921265,3.754506720368759,0.0701476044474938,General Health Professions,"Business, Management and Accounting"
3600,15,0.030519104240621268,0.026286798974023206,-0.004232305266598062,General Health Professions,Chemical Engineering
3600,16,0.10779500469963407,0.1115526523316834,0.0037576476320493324,General Health Professions,Chemistry
3600,17,1.2564962174789884,1.671016662193553,0.4145204447145645,General Health Professions,Computer Science
3600,18,1.393886369236104,1.1851293167110533,-0.20875705252505083,General Health Professions,Decision Sciences
3600,19,0.512676464415101,0.4008544589372922,-0.11182200547780874,General Health Professions,Earth and Planetary Sciences
3600,20,5.773916802788754,5.047146828306128,-0.7267699744826261,General Health Professions,"Economics, Econometrics and Finance"
3600,21,0.06140322860297674,0.09945647259385203,0.038053243990875285,General Health Professions,Energy
3600,22,1.3152074226841755,1.4799589960315573,0.16475157334738189,General Health Professions,Engineering
3600,23,2.186191060657219,2.7949435616409604,0.6087525009837416,General Health Professions,Environmental Science
3600,24,0.9411188323006305,0.8444436261705055,-0.09667520613012504,General Health Professions,Immunology and Microbiology
3600,25,0.16202900997417483,0.18747269142668108,0.02544368145250625,General Health Professions,Materials Science
3600,26,0.33352002591642865,0.4551492971210323,0.12162927120460365,General Health Professions,Mathematics
3600,27,37.651357874852856,37.72767925744475,0.07632138259189247,General Health Professions,Medicine
3600,28,1.5097688510079117,1.5986567178830255,0.08888786687511385,General Health Professions,Neuroscience
3600,29,1.6690488031902757,1.799214001640177,0.13016519844990126,General Health Professions,Nursing
3600,30,0.32785651059014626,0.2662154740356678,-0.061641036554478446,General Health Professions,"Pharmacology, Toxicology and Pharmaceutics"
3600,31,0.14904227845559986,0.12288207722076293,-0.026160201234836936,General Health Professions,Physics and Astronomy
3600,32,13.68015568108192,14.857894994212698,1.1777393131307772,General Health Professions,Psychology
3600,33,22.051903579934844,20.393627511761093,-1.6582760681737518,General Health Professions,Social Sciences
3600,34,0.058135157825575136,0.058180634142901304,4.547631732616797e-05,General Health Professions,Veterinary
3600,35,0.7506353631493936,0.7451341714680071,-0.005501191681386519,General Health Professions,Dentistry
3600,36,0.0,0.0,0.0,General Health Professions,Health Professions
3603,11,2.1766135492671097,2.9436889477379125,0.7670753984708027,Complementary and Manual Therapy,Agricultural and Biological Sciences
3603,12,0.8847186437742223,0.7986530657038564,-0.08606557807036586,Complementary and Manual Therapy,Arts and Humanities
3603,13,9.314444540671618,8.84148981168619,-0.4729547289854281,Complementary and Manual Therapy,"Biochemistry, Genetics and Molecular Biology"
3603,14,0.0683363284040964,0.05845686021586023,-0.009879468188236165,Complementary and Manual Therapy,"Business, Management and Accounting"
3603,15,0.041001797042457835,0.07516669856058254,0.03416490151812471,Complementary and Manual Therapy,Chemical Engineering
3603,16,0.47131768679498565,0.8851802484195967,0.4138625616246111,Complementary and Manual Therapy,Chemistry
3603,17,0.4284214172819192,0.4374337879549088,0.0090123706729896,Complementary and Manual Therapy,Computer Science
3603,18,0.11948708511052894,0.09391701221472638,-0.025570072895802556,Complementary and Manual Therapy,Decision Sciences
3603,19,0.946694957455561,1.0112485337530464,0.06455357629748537,Complementary and Manual Therapy,Earth and Planetary Sciences
3603,20,0.24019204538073485,0.17195140580476623,-0.06824063957596863,Complementary and Manual Therapy,"Economics, Econometrics and Finance"
3603,21,0.2304490441033191,0.736335846794496,0.5058868026911769,Complementary and Manual Therapy,Energy
3603,22,2.3433271266806677,3.2107154733654553,0.8673883466847876,Complementary and Manual Therapy,Engineering
3603,23,1.8706562452638187,2.638169131138039,0.7675128858742204,Complementary and Manual Therapy,Environmental Science
3603,24,0.76387836404183,0.8619078002959241,0.0980294362540941,Complementary and Manual Therapy,Immunology and Microbiology
3603,25,1.467404247948557,3.653774355416607,2.18637010746805,Complementary and Manual Therapy,Materials Science
3603,26,0.140867560135969,0.1334029668510999,-0.007464593284869092,Complementary and Manual Therapy,Mathematics
3603,27,44.93864615584472,42.700916504301816,-2.2377296515429066,Complementary and Manual Therapy,Medicine
3603,28,2.863359819862732,2.053986564848787,-0.809373255013945,Complementary and Manual Therapy,Neuroscience
3603,29,1.4614501916123586,1.681572246888689,0.22012205527633033,Complementary and Manual Therapy,Nursing
3603,30,0.37686470218892765,0.5379685579299213,0.16110385574099362,Complementary and Manual Therapy,"Pharmacology, Toxicology and Pharmaceutics"
3603,31,0.081732955160543,0.07428433085921106,-0.007448624301331946,Complementary and Manual Therapy,Physics and Astronomy
3603,32,1.9471117413990948,1.5940524005089056,-0.3530593408901892,Complementary and Manual Therapy,Psychology
3603,33,0.5645527962413666,0.5547335442559793,-0.009819251985387245,Complementary and Manual Therapy,Social Sciences
3603,34,0.15710589559832852,0.1420611999208075,-0.015044695677521008,Complementary and Manual Therapy,Veterinary
3603,35,26.101365102734537,24.108932704572815,-1.9924323981617214,Complementary and Manual Therapy,Dentistry
3603,36,0.0,0.0,0.0,Complementary and Manual Therapy,Health Professions
3604,11,1.1649034346715847,1.2185861291653464,0.05368269449376162,Emergency Medical Services,Agricultural and Biological Sciences
3604,12,0.32478437244874214,0.312985780278181,-0.011798592170561117,Emergency Medical Services,Arts and Humanities
3604,13,5.231490294116403,4.997518580747775,-0.23397171336862854,Emergency Medical Services,"Biochemistry, Genetics and Molecular Biology"
3604,14,1.3967109836451597,1.7566361903516365,0.3599252067064769,Emergency Medical Services,"Business, Management and Accounting"
3604,15,0.0417084385561943,0.03956531081477697,-0.002143127741417332,Emergency Medical Services,Chemical Engineering
3604,16,0.2758848237966523,0.24298952944123475,-0.03289529435541755,Emergency Medical Services,Chemistry
3604,17,0.5293503043531597,0.7915097677338149,0.2621594633806552,Emergency Medical Services,Computer Science
3604,18,0.8799380718518801,0.953282273303173,0.07334420145129283,Emergency Medical Services,Decision Sciences
3604,19,0.1526489370552263,0.19796649568769917,0.04531755863247286,Emergency Medical Services,Earth and Planetary Sciences
3604,20,2.3978263107208173,2.5881438157065633,0.19031750498574596,Emergency Medical Services,"Economics, Econometrics and Finance"
3604,21,0.017343265525395193,0.026856067887457938,0.009512802362062745,Emergency Medical Services,Energy
3604,22,1.9143299083908976,2.4714325097854175,0.55710260139452,Emergency Medical Services,Engineering
3604,23,1.2690476291192017,1.7918887550679539,0.5228411259487522,Emergency Medical Services,Environmental Science
3604,24,3.9576485915999373,2.819022034570413,-1.1386265570295242,Emergency Medical Services,Immunology and Microbiology
3604,25,0.3345699222655099,0.3887069153166224,0.05413699305111247,Emergency Medical Services,Materials Science
3604,26,0.18279519859449048,0.5651478464067,0.38235264781220957,Emergency Medical Services,Mathematics
3604,27,62.509246216559575,58.60309517772648,-3.9061510388330944,Emergency Medical Services,Medicine
3604,28,0.9832644537787874,0.8557048025799128,-0.12755965119887458,Emergency Medical Services,Neuroscience
3604,29,1.6692399560637272,1.8565672245799556,0.18732726851622838,Emergency Medical Services,Nursing
3604,30,0.6486945315132775,0.5648170753195026,-0.08387745619377485,Emergency Medical Services,"Pharmacology, Toxicology and Pharmaceutics"
3604,31,0.08025842875654426,0.0918780304515496,0.011619601695005338,Emergency Medical Services,Physics and Astronomy
3604,32,3.634048637284637,4.765495385043626,1.131446747758989,Emergency Medical Services,Psychology
3604,33,5.209268353898498,7.241940348996574,2.0326719950980765,Emergency Medical Services,Social Sciences
3604,34,0.14548602739107935,0.11555360711595475,-0.029932420275124605,Emergency Medical Services,Veterinary
3604,35,5.049512908042622,4.742710345921675,-0.30680256212094736,Emergency Medical Services,Dentistry
3604,36,0.0,0.0,0.0,Emergency Medical Services,Health Professions
3605,11,1.0352851351597012,0.8256081210169933,-0.2096770141427079,Health Information Management,Agricultural and Biological Sciences
3605,12,1.0050880562978584,0.6704511437718743,-0.33463691252598404,Health Information Management,Arts and Humanities
3605,13,4.652874984093512,3.881342373486275,-0.7715326106072373,Health Information Management,"Biochemistry, Genetics and Molecular Biology"
3605,14,8.439730064373304,6.575713437731684,-1.8640166266416198,Health Information Management,"Business, Management and Accounting"
3605,15,0.018178843461978948,0.018764594921435604,0.0005857514594566557,Health Information Management,Chemical Engineering
3605,16,0.16017580961499228,0.1898255028894411,0.02964969327444883,Health Information Management,Chemistry
3605,17,7.512811034961955,13.66583559830962,6.153024563347665,Health Information Management,Computer Science
3605,18,3.6141560673909923,3.139817346590923,-0.47433872080006934,Health Information Management,Decision Sciences
3605,19,0.1180614889280744,0.1310116091883172,0.012950120260242795,Health Information Management,Earth and Planetary Sciences
3605,20,5.555959529854711,4.1453408123809545,-1.4106187174737563,Health Information Management,"Economics, Econometrics and Finance"
3605,21,0.01939076635944421,0.050504345314862066,0.031113578955417855,Health Information Management,Energy
3605,22,2.074812000460531,3.451595688706609,1.376783688246078,Health Information Management,Engineering
3605,23,1.1593052450003132,1.3798277539597212,0.22052250895940806,Health Information Management,Environmental Science
3605,24,0.9077302502014821,0.8487658788147723,-0.058964371386709846,Health Information Management,Immunology and Microbiology
3605,25,0.0600911769993193,0.11817267582101913,0.058081498821699835,Health Information Management,Materials Science
3605,26,0.5885905538689629,0.6324111210364051,0.043820567167442204,Health Information Management,Mathematics
3605,27,45.62596827589829,44.48193201086644,-1.1440362650318505,Health Information Management,Medicine
3605,28,0.8691507046321714,1.272314457830915,0.40316375319874354,Health Information Management,Neuroscience
3605,29,2.6315895782710306,2.1932439966067077,-0.4383455816643229,Health Information Management,Nursing
3605,30,0.8668278524120295,0.5447521966665769,-0.3220756557454526,Health Information Management,"Pharmacology, Toxicology and Pharmaceutics"
3605,31,0.15027843928569265,0.19496788734159498,0.04468944805590233,Health Information Management,Physics and Astronomy
3605,32,4.4846196884954175,4.266271985822003,-0.2183477026734142,Health Information Management,Psychology
3605,33,7.97212981310129,6.821458114597527,-1.1506716985037633,Health Information Management,Social Sciences
3605,34,0.11432472666088984,0.07911098730035374,-0.03521373936053611,Health Information Management,Veterinary
3605,35,0.3628699142160576,0.42096035902697915,0.05809044481092157,Health Information Management,Dentistry
3605,36,0.0,0.0,0.0,Health Information Management,Health Professions
3607,11,0.7556157594355672,0.7329012396090864,-0.022714519826480872,Medical Laboratory Technology,Agricultural and Biological Sciences
3607,12,0.2965968401522787,0.24623897802162448,-0.05035786213065424,Medical Laboratory Technology,Arts and Humanities
3607,13,1.532737999704687,1.2403515154214892,-0.2923864842831978,Medical Laboratory Technology,"Biochemistry, Genetics and Molecular Biology"
3607,14,6.559476654233566,6.629272988697754,0.06979633446418809,Medical Laboratory Technology,"Business, Management and Accounting"
3607,15,0.24459609545025582,0.2144382657846609,-0.03015782966559491,Medical Laboratory Technology,Chemical Engineering
3607,16,0.19644725776319757,0.17199607007540604,-0.02445118768779153,Medical Laboratory Technology,Chemistry
3607,17,2.807398229406742,3.737759200552367,0.9303609711456251,Medical Laboratory Technology,Computer Science
3607,18,6.966173836563586,8.051148414047749,1.0849745774841626,Medical Laboratory Technology,Decision Sciences
3607,19,0.10143355139406934,0.14959945951163015,0.0481659081175608,Medical Laboratory Technology,Earth and Planetary Sciences
3607,20,1.7445928855277435,1.5881795391495226,-0.1564133463782209,Medical Laboratory Technology,"Economics, Econometrics and Finance"
3607,21,0.05521066721449344,0.13338975794337246,0.07817909072887902,Medical Laboratory Technology,Energy
3607,22,10.635115268317422,15.225859299790386,4.590744031472964,Medical Laboratory Technology,Engineering
3607,23,1.1610289727605976,1.2810613766119991,0.12003240385140157,Medical Laboratory Technology,Environmental Science
3607,24,0.3919315387726541,0.3783913541658933,-0.013540184606760763,Medical Laboratory Technology,Immunology and Microbiology
3607,25,0.31393042171961966,0.4070986119050978,0.09316819018547812,Medical Laboratory Technology,Materials Science
3607,26,1.1478682904594684,0.9652815414807501,-0.1825867489787183,Medical Laboratory Technology,Mathematics
3607,27,37.0081596230267,32.39774895503107,-4.61041066799563,Medical Laboratory Technology,Medicine
3607,28,1.2525117643660082,1.168583371073478,-0.0839283932925301,Medical Laboratory Technology,Neuroscience
3607,29,0.5135876019952879,0.40561375374617337,-0.10797384824911449,Medical Laboratory Technology,Nursing
3607,30,0.4509941130021121,0.3192445041687393,-0.13174960883337283,Medical Laboratory Technology,"Pharmacology, Toxicology and Pharmaceutics"
3607,31,0.18745947472828006,0.17521326275307553,-0.012246211975204535,Medical Laboratory Technology,Physics and Astronomy
3607,32,7.979546373750537,8.188621531928163,0.209075158177626,Medical Laboratory Technology,Psychology
3607,33,2.642087220014509,2.481445459922441,-0.160641760092068,Medical Laboratory Technology,Social Sciences
3607,34,0.07671714804804612,0.06422011537347895,-0.012497032674567171,Medical Laboratory Technology,Veterinary
3607,35,14.97878241219257,13.646341433234591,-1.3324409789579796,Medical Laboratory Technology,Dentistry
3607,36,0.0,0.0,0.0,Medical Laboratory Technology,Health Professions
3608,11,0.7052291994898342,0.676386592514655,-0.028842606975179153,Medical Terminology,Agricultural and Biological Sciences
3608,12,3.16352814664766,2.4293551781151357,-0.7341729685325245,Medical Terminology,Arts and Humanities
3608,13,3.2860679720909296,3.22598827596573,-0.0600796961251997,Medical Terminology,"Biochemistry, Genetics and Molecular Biology"
3608,14,5.514292144947108,6.658650232977605,1.144358088030497,Medical Terminology,"Business, Management and Accounting"
3608,15,0.017505689349038435,0.035698181271606795,0.01819249192256836,Medical Terminology,Chemical Engineering
3608,16,0.16255282966964263,0.3062528182774688,0.14369998860782618,Medical Terminology,Chemistry
3608,17,3.035986695676095,3.2297459792574776,0.19375928358138284,Medical Terminology,Computer Science
3608,18,4.546477605221697,3.953103862918984,-0.5933737423027132,Medical Terminology,Decision Sciences
3608,19,0.10503413609423062,0.090184879001954,-0.014849257092276621,Medical Terminology,Earth and Planetary Sciences
3608,20,8.035111411208643,5.860138283481136,-2.1749731277275064,Medical Terminology,"Economics, Econometrics and Finance"
3608,21,0.010003251056593393,0.024425071396362543,0.01442182033976915,Medical Terminology,Energy
3608,22,0.5551804336409333,0.7872388396212235,0.23205840598029026,Medical Terminology,Engineering
3608,23,0.4876584890089279,0.5598977904704644,0.07223930146153651,Medical Terminology,Environmental Science
3608,24,0.6602145697351639,0.7402675484743725,0.08005297873920858,Medical Terminology,Immunology and Microbiology
3608,25,0.05501788081126366,0.15970238989929356,0.1046845090880299,Medical Terminology,Materials Science
3608,26,0.21256908495260962,0.24425071396362544,0.031681629011015816,Medical Terminology,Mathematics
3608,27,42.20371620776752,47.90320156320457,5.699485355437048,Medical Terminology,Medicine
3608,28,1.9131217645734864,2.1794679092138884,0.26634614464040207,Medical Terminology,Neuroscience
3608,29,0.6727186335559057,0.6801442958064031,0.007425662250497456,Medical Terminology,Nursing
3608,30,8.84287393402856,5.241996091988577,-3.600877842039983,Medical Terminology,"Pharmacology, Toxicology and Pharmaceutics"
3608,31,0.05001625528296697,0.06951751089733954,0.01950125561437257,Medical Terminology,Physics and Astronomy
3608,32,6.84472453547403,6.829625732752143,-0.015098802721887239,Medical Terminology,Psychology
3608,33,8.620301598019356,7.718322561250564,-0.9019790367687923,Medical Terminology,Social Sciences
3608,34,0.0775251956885988,0.10521569216894633,0.027690496480347535,Medical Terminology,Veterinary
3608,35,0.22257233600920298,0.29122200511047647,0.06864966910127349,Medical Terminology,Dentistry
3608,36,0.0,0.0,0.0,Medical Terminology,Health Professions
3609,11,1.1264728070717362,1.1181870823848974,-0.008285724686838858,Occupational Therapy,Agricultural and Biological Sciences
3609,12,0.6103975545812012,0.5763408113037166,-0.034056743277484536,Occupational Therapy,Arts and Humanities
3609,13,2.8299301023014123,2.979449516978068,0.14951941467665586,Occupational Therapy,"Biochemistry, Genetics and Molecular Biology"
3609,14,0.8947566719541684,1.1415987760340327,0.2468421040798643,Occupational Therapy,"Business, Management and Accounting"
3609,15,0.2729603889837816,0.17303012239003882,-0.0999302665937428,Occupational Therapy,Chemical Engineering
3609,16,0.3217747907115156,0.39439194847591186,0.07261715776439626,Occupational Therapy,Chemistry
3609,17,1.7916016605597909,2.456686727274754,0.6650850667149633,Occupational Therapy,Computer Science
3609,18,0.6322378662276561,0.5289927922149888,-0.10324507401266725,Occupational Therapy,Decision Sciences
3609,19,0.054470259325421516,0.06485760509522395,0.010387345769802436,Occupational Therapy,Earth and Planetary Sciences
3609,20,0.692799049119818,0.7628474128111148,0.07004836369129674,Occupational Therapy,"Economics, Econometrics and Finance"
3609,21,0.015488348498282796,0.05029907291004729,0.03481072441176449,Occupational Therapy,Energy
3609,22,4.43123390799747,5.512863643607132,1.0816297356096625,Occupational Therapy,Engineering
3609,23,1.2978017856847635,1.5159563480118752,0.21815456232711172,Occupational Therapy,Environmental Science
3609,24,0.7426576091732789,0.7678642043073581,0.02520659513407919,Occupational Therapy,Immunology and Microbiology
3609,25,0.592733876237654,1.2622640878391007,0.6695302116014468,Occupational Therapy,Materials Science
3609,26,0.19769397633763208,0.1356828968068942,-0.062011079530737895,Occupational Therapy,Mathematics
3609,27,57.80678024208811,54.60997233223095,-3.1968079098571565,Occupational Therapy,Medicine
3609,28,3.848071483078979,4.263354666173512,0.4152831830945334,Occupational Therapy,Neuroscience
3609,29,0.7062860941604575,0.5912272383579287,-0.11505885580252884,Occupational Therapy,Nursing
3609,30,0.3329124795192695,0.3400597686767278,0.007147289157458325,Occupational Therapy,"Pharmacology, Toxicology and Pharmaceutics"
3609,31,0.040983214284782,0.043249333225783816,0.0022661189410018157,Occupational Therapy,Physics and Astronomy
3609,32,12.36396574812639,12.280843266908391,-0.08312248121799826,Occupational Therapy,Psychology
3609,33,8.015916453411831,8.073952097182794,0.05803564377096215,Occupational Therapy,Social Sciences
3609,34,0.11894703593905943,0.08810535130984164,-0.030841684629217797,Occupational Therapy,Veterinary
3609,35,0.26112659462554305,0.2679228974889155,0.006796302863372461,Occupational Therapy,Dentistry
3609,36,0.0,0.0,0.0,Occupational Therapy,Health Professions
3611,11,1.5927876211235081,1.6836082034635012,0.09082058233999302,Pharmacy,Agricultural and Biological Sciences
3611,12,0.7849019142370027,0.7262447277027544,-0.05865718653424834,Pharmacy,Arts and Humanities
3611,13,5.347778233377215,6.0096870250788355,0.6619087917016202,Pharmacy,"Biochemistry, Genetics and Molecular Biology"
3611,14,1.310975390436728,1.2813635336021547,-0.029611856834573347,Pharmacy,"Business, Management and Accounting"
3611,15,0.014171540381696412,0.014636697763477311,0.0004651573817808993,Pharmacy,Chemical Engineering
3611,16,0.22286006143398723,0.19452700364929906,-0.02833305778468817,Pharmacy,Chemistry
3611,17,0.5747746581205804,0.9162749145692985,0.3415002564487182,Pharmacy,Computer Science
3611,18,0.3535331736337412,0.32810891396055286,-0.025424259673188343,Pharmacy,Decision Sciences
3611,19,0.02492608498608024,0.028003706082412018,0.0030776210963317785,Pharmacy,Earth and Planetary Sciences
3611,20,1.406471430318464,1.1828567941963906,-0.22361463612207344,Pharmacy,"Economics, Econometrics and Finance"
3611,21,0.01204940616210228,0.023436350997182345,0.011386944835080065,Pharmacy,Energy
3611,22,0.6548402644395048,0.8465125334219294,0.19167226898242462,Pharmacy,Engineering
3611,23,0.6671414492378301,0.7938909597758858,0.1267495105380556,Pharmacy,Environmental Science
3611,24,0.7452647632201768,0.7212365082270585,-0.024028254993118225,Pharmacy,Immunology and Microbiology
3611,25,0.23616836077720468,0.328249990565502,0.09208162978829734,Pharmacy,Materials Science
3611,26,0.08909366884635028,0.09443315243785663,0.00533948359150635,Pharmacy,Mathematics
3611,27,53.244779190136036,51.788322313487036,-1.4564568766489998,Pharmacy,Medicine
3611,28,5.129234377135623,4.870846131626588,-0.2583882455090345,Pharmacy,Neuroscience
3611,29,1.8807864125860545,1.9434007714774142,0.06261435889135969,Pharmacy,Nursing
3611,30,0.5661782161123939,0.5005397943596868,-0.06563842175270718,Pharmacy,"Pharmacology, Toxicology and Pharmaceutics"
3611,31,0.04226284250886621,0.045285590188686435,0.003022747679820227,Pharmacy,Physics and Astronomy
3611,32,14.26552574976081,14.956500792321483,0.6909750425606731,Pharmacy,Psychology
3611,33,5.788894404039969,5.882241947082871,0.09334754304290271,Pharmacy,Social Sciences
3611,34,0.2230039349404004,0.2637956166793459,0.04079168173894551,Pharmacy,Veterinary
3611,35,4.82159685204768,4.575996027282804,-0.24560082476487555,Pharmacy,Dentistry
3611,36,0.0,0.0,0.0,Pharmacy,Health Professions
3612,11,0.284605312320576,0.20340038828979864,-0.08120492403077736,"Physical Therapy, Sports Therapy and Rehabilitation",Agricultural and Biological Sciences
3612,12,0.5273018574206256,0.5009227330724331,-0.026379124348192562,"Physical Therapy, Sports Therapy and Rehabilitation",Arts and Humanities
3612,13,1.2622760270488675,1.2053682815372828,-0.05690774551158473,"Physical Therapy, Sports Therapy and Rehabilitation","Biochemistry, Genetics and Molecular Biology"
3612,14,0.2707694035252826,0.3297451581917321,0.0589757546664495,"Physical Therapy, Sports Therapy and Rehabilitation","Business, Management and Accounting"
3612,15,0.00942445961418535,0.008325042978034373,-0.0010994166361509763,"Physical Therapy, Sports Therapy and Rehabilitation",Chemical Engineering
3612,16,0.020386242427847742,0.02064120950142052,0.0002549670735727781,"Physical Therapy, Sports Therapy and Rehabilitation",Chemistry
3612,17,1.7751404144222307,2.9855807807078394,1.2104403662856087,"Physical Therapy, Sports Therapy and Rehabilitation",Computer Science
3612,18,0.23748301424964927,0.23699438524821975,-0.0004886290014295136,"Physical Therapy, Sports Therapy and Rehabilitation",Decision Sciences
3612,19,0.03321954913652566,0.03658121826230399,0.00336166912577833,"Physical Therapy, Sports Therapy and Rehabilitation",Earth and Planetary Sciences
3612,20,0.9288774131796722,0.899667806299756,-0.02920960687991625,"Physical Therapy, Sports Therapy and Rehabilitation","Economics, Econometrics and Finance"
3612,21,0.012031225039385552,0.017898842402773903,0.005867617363388351,"Physical Therapy, Sports Therapy and Rehabilitation",Energy
3612,22,11.24110775499346,11.260942840499768,0.019835085506308303,"Physical Therapy, Sports Therapy and Rehabilitation",Engineering
3612,23,0.43960759491132656,0.5953140291910287,0.15570643427970215,"Physical Therapy, Sports Therapy and Rehabilitation",Environmental Science
3612,24,0.06637225813394362,0.07264824269361173,0.006275984559668102,"Physical Therapy, Sports Therapy and Rehabilitation",Immunology and Microbiology
3612,25,0.053204750729727225,0.07911239371185018,0.025907642982122954,"Physical Therapy, Sports Therapy and Rehabilitation",Materials Science
3612,26,0.11743812441222454,0.11809318318546996,0.000655058773245426,"Physical Therapy, Sports Therapy and Rehabilitation",Mathematics
3612,27,53.50058518541789,54.06603668944382,0.5654515040259298,"Physical Therapy, Sports Therapy and Rehabilitation",Medicine
3612,28,7.8334637830048255,6.8626512372605415,-0.970812545744284,"Physical Therapy, Sports Therapy and Rehabilitation",Neuroscience
3612,29,0.2531904469399582,0.2397122669263427,-0.013478180013615476,"Physical Therapy, Sports Therapy and Rehabilitation",Nursing
3612,30,0.06884534328092844,0.0586670675746187,-0.010178275706309733,"Physical Therapy, Sports Therapy and Rehabilitation","Pharmacology, Toxicology and Pharmaceutics"
3612,31,0.10620898104213133,0.08224652753887489,-0.023962453503256445,"Physical Therapy, Sports Therapy and Rehabilitation",Physics and Astronomy
3612,32,10.80911993594041,10.489652094005406,-0.31946784193500477,"Physical Therapy, Sports Therapy and Rehabilitation",Psychology
3612,33,9.989793510758254,9.49165083888275,-0.4981426718755042,"Physical Therapy, Sports Therapy and Rehabilitation",Social Sciences
3612,34,0.09183835113397637,0.08033666473803171,-0.011501686395944663,"Physical Therapy, Sports Therapy and Rehabilitation",Veterinary
3612,35,0.06770906091609757,0.05781007785629164,-0.009898983059805931,"Physical Therapy, Sports Therapy and Rehabilitation",Dentistry
3612,36,0.0,0.0,0.0,"Physical Therapy, Sports Therapy and Rehabilitation",Health Professions
3614,11,2.25148333793793,1.8943387184772829,-0.35714461946064713,Radiological and Ultrasound Technology,Agricultural and Biological Sciences
3614,12,0.40465634359939134,0.32356152246166875,-0.0810948211377226,Radiological and Ultrasound Technology,Arts and Humanities
3614,13,1.212488981857889,0.8242709462926193,-0.3882180355652697,Radiological and Ultrasound Technology,"Biochemistry, Genetics and Molecular Biology"
3614,14,3.691296873698105,4.693829086822213,1.0025322131241077,Radiological and Ultrasound Technology,"Business, Management and Accounting"
3614,15,0.3582814768037959,0.2837501782994692,-0.07453129850432672,Radiological and Ultrasound Technology,Chemical Engineering
3614,16,2.616890976306061,2.220358209197872,-0.3965327671081891,Radiological and Ultrasound Technology,Chemistry
3614,17,2.2166747795275246,3.217112723392058,1.0004379438645334,Radiological and Ultrasound Technology,Computer Science
3614,18,4.477257677616836,6.404323391980713,1.9270657143638772,Radiological and Ultrasound Technology,Decision Sciences
3614,19,4.480601491889332,3.5878401407119087,-0.8927613511774233,Radiological and Ultrasound Technology,Earth and Planetary Sciences
3614,20,1.0187670205628132,1.0289984127718355,0.01023139220902225,Radiological and Ultrasound Technology,"Economics, Econometrics and Finance"
3614,21,0.11259335271649278,0.16238073773498032,0.04978738501848755,Radiological and Ultrasound Technology,Energy
3614,22,8.494329768059886,11.520593999964001,3.026264231904115,Radiological and Ultrasound Technology,Engineering
3614,23,13.677844873329736,13.864334474127368,0.186489600797632,Radiological and Ultrasound Technology,Environmental Science
3614,24,0.21323668065586998,0.16838050277643965,-0.04485617787943033,Radiological and Ultrasound Technology,Immunology and Microbiology
3614,25,1.6304109492924268,1.9092413606770366,0.27883041138460984,Radiological and Ultrasound Technology,Materials Science
3614,26,0.1445514465011643,0.1514456820949012,0.0068942355937368915,Radiological and Ultrasound Technology,Mathematics
3614,27,32.346743673064864,28.319568388515364,-4.0271752845495,Radiological and Ultrasound Technology,Medicine
3614,28,1.144132647467691,1.0328305207660577,-0.1113021267016332,Radiological and Ultrasound Technology,Neuroscience
3614,29,1.0586735253230892,0.9277959243789614,-0.13087760094412781,Radiological and Ultrasound Technology,Nursing
3614,30,0.09148895116057765,0.0628427002890919,-0.028646250871485743,Radiological and Ultrasound Technology,"Pharmacology, Toxicology and Pharmaceutics"
3614,31,2.713806773581017,1.7627890314230918,-0.9510177421579251,Radiological and Ultrasound Technology,Physics and Astronomy
3614,32,8.937686650616358,9.210490918194365,0.2728042675780067,Radiological and Ultrasound Technology,Psychology
3614,33,6.448079883174803,6.217653282868213,-0.23042660030659068,Radiological and Ultrasound Technology,Social Sciences
3614,34,0.04385330193436915,0.03234066898154376,-0.01151263295282539,Radiological and Ultrasound Technology,Veterinary
3614,35,0.21416856332197534,0.17892847680094076,-0.03524008652103458,Radiological and Ultrasound Technology,Dentistry
3614,36,0.0,0.0,0.0,Radiological and Ultrasound Technology,Health Professions
3616,11,0.930518479062018,1.0963342045861721,0.16581572552415413,Speech and Hearing,Agricultural and Biological Sciences
3616,12,1.4639864232934663,1.4437081821884972,-0.02027824110496912,Speech and Hearing,Arts and Humanities
3616,13,4.478888592965136,4.167098911612259,-0.3117896813528773,Speech and Hearing,"Biochemistry, Genetics and Molecular Biology"
3616,14,0.6050986974537481,0.67123463527725,0.06613593782350191,Speech and Hearing,"Business, Management and Accounting"
3616,15,0.1046434566096635,0.0702863492436911,-0.03435710736597239,Speech and Hearing,Chemical Engineering
3616,16,0.14725647711717962,0.14485992425740118,-0.002396552859778439,Speech and Hearing,Chemistry
3616,17,2.2885607576198645,2.1141578324656027,-0.1744029251542618,Speech and Hearing,Computer Science
3616,18,0.2715031619108967,0.2647935555871428,-0.006709606323753892,Speech and Hearing,Decision Sciences
3616,19,0.48109976277926086,0.5178606429413605,0.03676088016209961,Speech and Hearing,Earth and Planetary Sciences
3616,20,0.8141068917889417,0.8550177388494994,0.0409108470605577,Speech and Hearing,"Economics, Econometrics and Finance"
3616,21,0.07401534811988628,0.1819957531103823,0.10798040499049602,Speech and Hearing,Energy
3616,22,4.2901959084067816,6.5890554009806035,2.298859492573822,Speech and Hearing,Engineering
3616,23,6.372659535592401,10.086332650315873,3.7136731147234716,Speech and Hearing,Environmental Science
3616,24,0.8861092701900863,0.8050564627633912,-0.08105280742669518,Speech and Hearing,Immunology and Microbiology
3616,25,0.3651217382148365,0.5324975940209745,0.167375855806138,Speech and Hearing,Materials Science
3616,26,0.13437347091723287,0.15275808102808397,0.018384610110851102,Speech and Hearing,Mathematics
3616,27,44.2228698135061,39.85245663471134,-4.370413178794763,Speech and Hearing,Medicine
3616,28,10.504047617572915,9.978427404526803,-0.5256202130461123,Speech and Hearing,Neuroscience
3616,29,1.032157965476021,0.8878904953170815,-0.14426747015893937,Speech and Hearing,Nursing
3616,30,0.23186314283413748,0.17791383110963183,-0.05394931172450565,Speech and Hearing,"Pharmacology, Toxicology and Pharmaceutics"
3616,31,0.14412863186190408,0.12655165871557372,-0.01757697314633036,Speech and Hearing,Physics and Astronomy
3616,32,10.968424247304169,9.978149640603675,-0.9902746067004937,Speech and Hearing,Psychology
3616,33,7.799390534706695,7.9550017613855735,0.15561122667887872,Speech and Hearing,Social Sciences
3616,34,0.37682793134844195,0.4916059138596106,0.11477798251116866,Speech and Hearing,Veterinary
3616,35,1.012152143348219,0.858954740542531,-0.15319740280568805,Speech and Hearing,Dentistry
3616,36,0.0,0.0,0.0,Speech and Hearing,Health Professions
