citing_subfield,exclude_own_field,target_subfield_id,target_name,target_field,share_base,share_end,delta_share
AI,True,1100,General Agricultural and Biological Sciences,Agricultural and Biological Sciences,0.031205440509443395,0.030967645292269756,-0.00023779521717363916
AI,True,1102,Agronomy and Crop Science,Agricultural and Biological Sciences,0.022067061374670464,0.02236296096780373,0.00029589959313326697
AI,True,1103,Animal Science and Zoology,Agricultural and Biological Sciences,0.020292699701282464,0.023659281003294095,0.0033665813020116314
AI,True,1104,Aquatic Science,Agricultural and Biological Sciences,0.010129689177651672,0.010880446164549104,0.0007507569868974318
AI,True,1105,"Ecology, Evolution, Behavior and Systematics",Agricultural and Biological Sciences,0.20655069338805365,0.15037312411688197,-0.05617756927117168
AI,True,1106,Food Science,Agricultural and Biological Sciences,0.18337569725957753,0.16077537222389462,-0.022600325035682906
AI,True,1107,Forestry,Agricultural and Biological Sciences,0.009246673509205064,0.008604684324466023,-0.0006419891847390408
AI,True,1108,Horticulture,Agricultural and Biological Sciences,0.00029156177731727676,0.0005675001044257806,0.00027593832710850384
AI,True,1109,Insect Science,Agricultural and Biological Sciences,0.04021886459679464,0.0356689659543148,-0.004549898642479844
AI,True,1110,Plant Science,Agricultural and Biological Sciences,0.36681803721111333,0.34737920097713726,-0.019438836233976076
AI,True,1111,Soil Science,Agricultural and Biological Sciences,0.1558272744713423,0.20231810829457578,0.04649083382323349
AI,True,1200,General Arts and Humanities,Arts and Humanities,0.005439709731090907,0.0029786553704378538,-0.002461054360653053
AI,True,1202,History,Arts and Humanities,0.04066037243101794,0.025439560518700857,-0.01522081191231708
AI,True,1203,Language and Linguistics,Arts and Humanities,1.6444750667613992,0.8867693256111069,-0.7577057411502923
AI,True,1204,Archeology,Arts and Humanities,0.08560253782035246,0.07553224740123841,-0.010070290419114045
AI,True,1205,Classics,Arts and Humanities,0.007389008470869271,0.004318186073777894,-0.003070822397091377
AI,True,1206,Conservation,Arts and Humanities,0.02939775749007628,0.021409445563920822,-0.00798831192615546
AI,True,1207,History and Philosophy of Science,Arts and Humanities,0.2823650858270404,0.17725015951938214,-0.10511492630765826
AI,True,1208,Literature and Literary Theory,Arts and Humanities,0.3405608165795688,0.31702226645714293,-0.023538550122425894
AI,True,1209,Museology,Arts and Humanities,0.01017967119662035,0.013432756278870127,0.0032530850822497775
AI,True,1210,Music,Arts and Humanities,0.028189858698333275,0.023866692208972553,-0.004323166489360722
AI,True,1211,Philosophy,Arts and Humanities,0.5595570326908228,0.3586571852859034,-0.2008998474049194
AI,True,1212,Religious studies,Arts and Humanities,0.008613567935601835,0.005752780246387228,-0.0028607876892146064
AI,True,1213,Visual Arts and Performing Arts,Arts and Humanities,0.02434124323774522,0.020179381885799964,-0.004161861351945257
AI,True,1302,Aging,"Biochemistry, Genetics and Molecular Biology",0.006764233233760821,0.006098465589184658,-0.0006657676445761635
AI,True,1303,Biochemistry,"Biochemistry, Genetics and Molecular Biology",0.008213711783852426,0.005896815805886157,-0.002316895977966269
AI,True,1304,Biophysics,"Biochemistry, Genetics and Molecular Biology",0.24547002549166272,0.3680540651876135,0.1225840396959508
AI,True,1305,Biotechnology,"Biochemistry, Genetics and Molecular Biology",0.01142089133434247,0.009612933240958528,-0.0018079580933839413
AI,True,1306,Cancer Research,"Biochemistry, Genetics and Molecular Biology",0.2761173334559559,0.3972558345204264,0.1211385010644705
AI,True,1307,Cell Biology,"Biochemistry, Genetics and Molecular Biology",0.07003313891160988,0.06357441525163733,-0.006458723659972548
AI,True,1308,Clinical Biochemistry,"Biochemistry, Genetics and Molecular Biology",0.007297374769426698,0.01200680423983073,0.004709429470404031
AI,True,1309,Developmental Biology,"Biochemistry, Genetics and Molecular Biology",0.03683674797991422,0.033076325883334076,-0.003760422096580146
AI,True,1310,Endocrinology,"Biochemistry, Genetics and Molecular Biology",0.004781613148003339,0.0058536051380364785,0.0010719919900331392
AI,True,1311,Genetics,"Biochemistry, Genetics and Molecular Biology",0.6659854117481236,0.48496484812170426,-0.18102056362641938
AI,True,1312,Molecular Biology,"Biochemistry, Genetics and Molecular Biology",3.8822283683444883,2.918537808614191,-0.9636905597302974
AI,True,1313,Molecular Medicine,"Biochemistry, Genetics and Molecular Biology",0.0022908425360643175,0.003765089525302007,0.0014742469892376894
AI,True,1314,Physiology,"Biochemistry, Genetics and Molecular Biology",0.008338666831274115,0.006395178841752451,-0.001943487989521664
AI,True,1315,Structural Biology,"Biochemistry, Genetics and Molecular Biology",0.013011985604845323,0.021187630802292468,0.008175645197447144
AI,True,1402,Accounting,"Business, Management and Accounting",0.2846892497090838,0.3587003959537531,0.07401114624466926
AI,True,1403,Business and International Management,"Business, Management and Accounting",0.011046026192077401,0.044216036054981256,0.03317000986290385
AI,True,1404,Management Information Systems,"Business, Management and Accounting",1.3769713012410452,0.7645609147986455,-0.6124103864423996
AI,True,1405,Management of Technology and Innovation,"Business, Management and Accounting",0.2951604826830215,0.2517309473362784,-0.0434295353467431
AI,True,1406,Marketing,"Business, Management and Accounting",0.3185104158778879,0.5714293944889115,0.2529189786110236
AI,True,1407,Organizational Behavior and Human Resource Management,"Business, Management and Accounting",0.39604085763479924,0.6938077672615816,0.2977669096267823
AI,True,1408,Strategy and Management,"Business, Management and Accounting",0.5133070044718079,0.6336498754812587,0.12034287100945085
AI,True,1409,"Tourism, Leisure and Hospitality Management","Business, Management and Accounting",0.012828718201960177,0.022593417863002018,0.009764699661041841
AI,True,1410,Industrial relations,"Business, Management and Accounting",0.0005331415356658775,0.0003053553861377297,-0.00022778614952814784
AI,True,1502,Bioengineering,Chemical Engineering,0.033179730258706096,0.02327902712621692,-0.009900703132489176
AI,True,1503,Catalysis,Chemical Engineering,0.01518620342998273,0.01990859503394198,0.004722391603959248
AI,True,1504,Chemical Health and Safety,Chemical Engineering,0.002157557152147848,0.001915672941335757,-0.00024188421081209124
AI,True,1506,Filtration and Separation,Chemical Engineering,0.02876465191647305,0.021864597931937436,-0.0069000539845356125
AI,True,1507,Fluid Flow and Transfer Processes,Chemical Engineering,0.02748178009627703,0.025958088532897,-0.0015236915633800273
AI,True,1508,Process Chemistry and Technology,Chemical Engineering,0.003948579498525406,0.0034194041825045766,-0.0005291753160208291
AI,True,1602,Analytical Chemistry,Chemistry,0.5927450932860236,0.5153304247752686,-0.07741466851075507
AI,True,1603,Electrochemistry,Chemistry,0.06242754169187635,0.03638914375180945,-0.026038397940066904
AI,True,1604,Inorganic Chemistry,Chemistry,0.32617432545308495,0.2922942416023668,-0.03388008385071817
AI,True,1605,Organic Chemistry,Chemistry,0.0888513690533164,0.06716954281673058,-0.02168182623658582
AI,True,1606,Physical and Theoretical Chemistry,Chemistry,0.1494795580623204,0.0982524165565995,-0.05122714150572091
AI,True,1607,Spectroscopy,Chemistry,0.39003468502206334,0.23110793592722173,-0.1589267490948416
AI,True,1800,General Decision Sciences,Decision Sciences,0.30323257874646264,0.19734888149186272,-0.10588369725459992
AI,True,1802,Information Systems and Management,Decision Sciences,0.735318802394172,0.862531021658627,0.12721221926445503
AI,True,1803,Management Science and Operations Research,Decision Sciences,3.959367284286145,3.234551826154841,-0.724815458131304
AI,True,1804,"Statistics, Probability and Uncertainty",Decision Sciences,0.8301513530507401,0.7940363516945064,-0.03611500135623369
AI,True,1902,Atmospheric Science,Earth and Planetary Sciences,1.3455742629922218,1.2065081027203997,-0.13906616027182217
AI,True,1904,Earth-Surface Processes,Earth and Planetary Sciences,0.3689256123442925,0.3080834196346394,-0.060842192709653076
AI,True,1906,Geochemistry and Petrology,Earth and Planetary Sciences,0.9965581548704521,1.0460611315721626,0.049502976701710555
AI,True,1907,Geology,Earth and Planetary Sciences,0.49632977869544764,0.47453379290279185,-0.021795985792655792
AI,True,1908,Geophysics,Earth and Planetary Sciences,4.83993383380329,4.929490272558489,0.08955643875519925
AI,True,1910,Oceanography,Earth and Planetary Sciences,0.49351412496021224,0.3871791067778813,-0.10633501818233093
AI,True,1911,Paleontology,Earth and Planetary Sciences,0.53361636484608,0.46643323303657214,-0.06718313180950786
AI,True,1912,Space and Planetary Science,Earth and Planetary Sciences,0.008630228608591393,0.011136829460457198,0.0025066008518658048
AI,True,2000,"General Economics, Econometrics and Finance","Economics, Econometrics and Finance",0.12874535052681463,0.11167653070189969,-0.01706881982491494
AI,True,2002,Economics and Econometrics,"Economics, Econometrics and Finance",1.3796703302653537,1.3291543816337377,-0.050515948631616014
AI,True,2003,Finance,"Economics, Econometrics and Finance",0.45817683754935834,0.38733466518214016,-0.07084217236721818
AI,True,2100,General Energy,Energy,0.004456730024706945,0.00786146083745155,0.003404730812744605
AI,True,2102,Energy Engineering and Power Technology,Energy,0.05336413558555643,0.1503414362937922,0.09697730070823578
AI,True,2103,Fuel Technology,Energy,0.0059062085747985495,0.003405000626554684,-0.0025012079482438655
AI,True,2104,Nuclear Energy and Engineering,Energy,0.0003748651422650701,0.0005761422379957164,0.00020127709573064631
AI,True,2105,"Renewable Energy, Sustainability and the Environment",Energy,0.6002590568043147,1.4506195689591848,0.8503605121548701
AI,True,2200,General Engineering,Engineering,0.004981541223878044,0.0022354318834233796,-0.002746109340454664
AI,True,2202,Aerospace Engineering,Engineering,1.4901056011766434,1.6096175423788626,0.1195119412022192
AI,True,2203,Automotive Engineering,Engineering,0.3294814690415123,0.5068812988550614,0.17739982981354907
AI,True,2204,Biomedical Engineering,Engineering,1.4965116299411285,1.9764012139316955,0.479889583990567
AI,True,2205,Civil and Structural Engineering,Engineering,0.6611871379271307,0.8009644621064049,0.13977732417927424
AI,True,2206,Computational Mechanics,Engineering,1.150810995744281,1.1525495014209108,0.00173850567662992
AI,True,2207,Control and Systems Engineering,Engineering,4.079365781493441,3.4706837223973857,-0.6086820590960551
AI,True,2208,Electrical and Electronic Engineering,Engineering,5.573578238562011,6.563279862532462,0.9897016239704506
AI,True,2209,Industrial and Manufacturing Engineering,Engineering,1.046356906436243,0.8614997270526148,-0.18485717938362822
AI,True,2210,Mechanical Engineering,Engineering,1.0493474972378687,1.1079186429545727,0.058571145716703965
AI,True,2211,Mechanics of Materials,Engineering,0.7627172791255012,0.879230504426933,0.11651322530143171
AI,True,2212,Ocean Engineering,Engineering,0.7237229739934392,0.8956966495888504,0.1719736755954112
AI,True,2213,"Safety, Risk, Reliability and Quality",Engineering,0.2930029255308736,0.37491015781976256,0.08190723228888896
AI,True,2214,Media Technology,Engineering,0.9173366548051006,1.2002915279724258,0.28295487316732515
AI,True,2215,Building and Construction,Engineering,0.32634926251947527,0.5417379042538022,0.21538864173432692
AI,True,2216,Architecture,Engineering,0.02509930385877014,0.011946309304841179,-0.013152994553928963
AI,True,2302,Ecological Modeling,Environmental Science,0.093208135040086,0.10566160573722441,0.01245347069713841
AI,True,2303,Ecology,Environmental Science,0.6161283478268693,0.6222624241472735,0.0061340763204041915
AI,True,2304,Environmental Chemistry,Environmental Science,0.3466169712112734,0.320778713848875,-0.025838257362398365
AI,True,2305,Environmental Engineering,Environmental Science,1.0120859020967206,1.333832656606263,0.3217467545095425
AI,True,2306,Global and Planetary Change,Environmental Science,0.882624142631355,1.0215462793454448,0.13892213671408982
AI,True,2307,"Health, Toxicology and Mutagenesis",Environmental Science,0.2394721832154216,0.3594090509064878,0.11993686769106618
AI,True,2308,"Management, Monitoring, Policy and Law",Environmental Science,0.22235334171865004,0.31495967724511825,0.09260633552646821
AI,True,2309,Nature and Landscape Conservation,Environmental Science,0.1546443666890836,0.12656116542051904,-0.02808320126856456
AI,True,2310,Pollution,Environmental Science,0.6061319440331341,0.8351556232202606,0.22902367918712652
AI,True,2311,Industrial and Manufacturing Engineering,Environmental Science,0.1134008707034311,0.1368654693470724,0.023464598643641282
AI,True,2312,Water Science and Technology,Environmental Science,0.4157421034449524,0.5841938257717065,0.16845172232675415
AI,True,2402,Applied Microbiology and Biotechnology,Immunology and Microbiology,0.0013495145121542524,0.0036873103231725847,0.0023377958110183325
AI,True,2403,Immunology,Immunology and Microbiology,0.06122797323662812,0.06949139603585333,0.008263422799225213
AI,True,2404,Microbiology,Immunology and Microbiology,0.01041292061847417,0.012064418463630301,0.0016514978451561309
AI,True,2405,Parasitology,Immunology and Microbiology,0.003998561517494082,0.004188554070228858,0.0001899925527347763
AI,True,2406,Virology,Immunology and Microbiology,0.02195876700023833,0.014513022975112096,-0.007445744025126235
AI,True,2500,General Materials Science,Materials Science,0.005947860257272446,0.004021472821210101,-0.001926387436062345
AI,True,2502,Biomaterials,Materials Science,0.2238611326242051,0.17680652999612545,-0.047054602628079645
AI,True,2503,Ceramics and Composites,Materials Science,0.048232648304772356,0.034317912406214846,-0.01391473589855751
AI,True,2504,"Electronic, Optical and Magnetic Materials",Materials Science,0.1872576340661447,0.2503827744993684,0.0631251404332237
AI,True,2505,Materials Chemistry,Materials Science,0.5778171302873791,0.7158480885761076,0.13803095828872847
AI,True,2506,Metals and Alloys,Materials Science,0.002990590801625782,0.003206231554446162,0.00021564075282038027
AI,True,2507,Polymers and Plastics,Materials Science,0.0291478473952329,0.060765721841408216,0.031617874446175316
AI,True,2508,"Surfaces, Coatings and Films",Materials Science,0.04590015408623414,0.05023384173084651,0.004333687644612366
AI,True,2602,Algebra and Number Theory,Mathematics,0.36502701486473577,0.19036603756735462,-0.17466097729738114
AI,True,2604,Applied Mathematics,Mathematics,0.55249290734325,0.36055269324890926,-0.1919402140943407
AI,True,2605,Computational Mathematics,Mathematics,0.060278314876223274,0.10051953626311265,0.040241221386889375
AI,True,2607,Discrete Mathematics and Combinatorics,Mathematics,0.6457676850752941,0.3504125898601847,-0.29535509521510944
AI,True,2608,Geometry and Topology,Mathematics,0.7489722239091154,0.428119774209857,-0.32085244969925847
AI,True,2610,Mathematical Physics,Mathematics,0.8547425063833287,0.4966317284411176,-0.35811077794221113
AI,True,2611,Modeling and Simulation,Mathematics,0.10188001533115128,0.22584487658313082,0.12396486125197954
AI,True,2612,Numerical Analysis,Mathematics,0.5040936523085819,0.41494628193808486,-0.08914737037049708
AI,True,2613,Statistics and Probability,Mathematics,3.4704515050710505,2.390546658158966,-1.0799048469120844
AI,True,2614,Theoretical Computer Science,Mathematics,0.08899298477372766,0.040206086078531066,-0.0487868986951966
AI,True,2702,Anatomy,Medicine,0.010404590281979391,0.005075813116742261,-0.00532877716523713
AI,True,2703,Anesthesiology and Pain Medicine,Medicine,0.008805165674981758,0.009071359537242554,0.0002661938622607954
AI,True,2704,Biochemistry,Medicine,0.004814934493982456,0.008466410187347052,0.0036514756933645953
AI,True,2705,Cardiology and Cardiovascular Medicine,Medicine,0.1426736731460857,0.29923963628140515,0.15656596313531945
AI,True,2706,Critical Care and Intensive Care Medicine,Medicine,0.012728754164022827,0.04303494446709004,0.030306190303067214
AI,True,2707,Complementary and alternative medicine,Medicine,0.02050095811365195,0.04832393021189071,0.02782297209823876
AI,True,2708,Dermatology,Medicine,0.06457676850752941,0.05933400837998885,-0.0052427601275405605
AI,True,2711,Emergency Medicine,Medicine,0.03359624708344506,0.08467274400704046,0.0510764969235954
AI,True,2712,"Endocrinology, Diabetes and Metabolism",Medicine,0.0545053916853412,0.1426124881710797,0.08810709648573849
AI,True,2713,Epidemiology,Medicine,0.324924774978868,0.682578755043045,0.357653980064177
AI,True,2714,Family Practice,Medicine,0.04345103515676902,0.06205628045451861,0.01860524529774959
AI,True,2715,Gastroenterology,Medicine,0.006431019773969648,0.017990041381416244,0.011559021607446596
AI,True,2716,Genetics,Medicine,0.025782391451342045,0.05185568213080446,0.026073290679462412
AI,True,2717,Geriatrics and Gerontology,Medicine,0.01696056510337073,0.03356892749682042,0.016608362393449688
AI,True,2718,Health Informatics,Medicine,0.007663909575196989,0.25078031264358547,0.24311640306838847
AI,True,2720,Hematology,Medicine,0.0248327330909372,0.02580253012863816,0.0009697970377009583
AI,True,2721,Hepatology,Medicine,0.018776578459232626,0.036510133621788544,0.017733555162555918
AI,True,2723,Immunology and Allergy,Medicine,0.018518338027894467,0.013176372982962033,-0.005341965044932433
AI,True,2724,Internal Medicine,Medicine,0.004115186228420992,0.008768884862294803,0.004653698633873811
AI,True,2725,Infectious Diseases,Medicine,0.052514441263088935,0.20117158524096426,0.14865714397787533
AI,True,2726,Microbiology,Medicine,0.00029989211381205614,0.000509885880626209,0.00020999376681415282
AI,True,2727,Nephrology,Medicine,0.009888109419303072,0.030454878700453568,0.020566769281150497
AI,True,2728,Neurology,Medicine,0.05010697401609771,0.10595255756741224,0.05584558355131453
AI,True,2729,Obstetrics and Gynecology,Medicine,0.012787066519486282,0.029000119549514387,0.016213053030028103
AI,True,2730,Oncology,Medicine,0.5114826607794513,0.7699305604567656,0.2584478996773143
AI,True,2731,Ophthalmology,Medicine,0.035562206496212986,0.07002720831718935,0.034465001820976365
AI,True,2732,Orthopedics and Sports Medicine,Medicine,0.02624055995855491,0.040067811941412096,0.013827251982857187
AI,True,2733,Otorhinolaryngology,Medicine,0.013270226036183483,0.0311635336531883,0.017893307617004816
AI,True,2734,Pathology and Forensic Medicine,Medicine,0.2754259155268892,0.22483086624425838,-0.05059504928263084
AI,True,2735,"Pediatrics, Perinatology and Child Health",Medicine,0.060061726127359015,0.11362389146632519,0.053562165338966176
AI,True,2736,Pharmacology,Medicine,0.038861019748145605,0.05026552955393628,0.011404509805790677
AI,True,2737,Physiology,Medicine,0.4844923705363662,0.4517905780579109,-0.03270179247845528
AI,True,2738,Psychiatry and Mental health,Medicine,0.11192640114385517,0.22248020591323583,0.11055380476938066
AI,True,2739,"Public Health, Environmental and Occupational Health",Medicine,0.28781312589462604,0.4313029600747833,0.14348983418015726
AI,True,2740,Pulmonary and Respiratory Medicine,Medicine,0.4459062518925483,0.6809137039752374,0.23500745208268914
AI,True,2741,"Radiology, Nuclear Medicine and Imaging",Medicine,0.6770064469307167,1.6784867047976806,1.001480257866964
AI,True,2742,Rehabilitation,Medicine,0.017918553800270354,0.03473273481757176,0.016814181017301408
AI,True,2743,Reproductive Medicine,Medicine,0.02155058051199414,0.03181169367093348,0.010261113158939336
AI,True,2745,Rheumatology,Medicine,0.029805943978320468,0.04253370072003376,0.012727756741713295
AI,True,2746,Surgery,Medicine,0.21586400958921695,0.33171965494841366,0.11585564535919671
AI,True,2747,Transplantation,Medicine,0.003290482915437838,0.005873770116366328,0.0025832872009284905
AI,True,2748,Urology,Medicine,0.005989511939746343,0.005660597488307913,-0.00032891445143842964
AI,True,2802,Behavioral Neuroscience,Neuroscience,0.010329617253526376,0.009621575374528464,-0.0007080418789979122
AI,True,2803,Biological Psychiatry,Neuroscience,0.0016160852799871914,0.005980356430395536,0.004364271150408345
AI,True,2804,Cellular and Molecular Neuroscience,Neuroscience,0.3868524964810576,0.3789345113521626,-0.007917985128894967
AI,True,2805,Cognitive Neuroscience,Neuroscience,2.7992346420042056,2.155817668265941,-0.6434169737382645
AI,True,2806,Developmental Neuroscience,Neuroscience,0.015219524775961847,0.011286626442336084,-0.003932898333625763
AI,True,2807,Endocrine and Autonomic Systems,Neuroscience,0.016477405586673526,0.015475180512564943,-0.0010022250741085828
AI,True,2808,Neurology,Neuroscience,0.07094114558954083,0.26795223204704777,0.19701108645750692
AI,True,2809,Sensory Systems,Neuroscience,0.04956550214393705,0.03895585742208037,-0.01060964472185668
AI,True,2910,"Issues, ethics and legal aspects",Nursing,0.011362578978879014,0.013138923737492312,0.001776344758613298
AI,True,2911,Leadership and Management,Nursing,0.0009329976874152857,0.0029123990130683463,0.0019794013256530605
AI,True,2916,Nutrition and Dietetics,Nursing,0.026857004859168577,0.03829905527076525,0.011442050411596672
AI,True,2922,Research and Theory,Nursing,0.002199208834621745,0.004704201373235024,0.0025049925386132796
AI,True,3002,Drug Discovery,"Pharmacology, Toxicology and Pharmaceutics",0.0,6.913706855948597e-05,6.913706855948597e-05
AI,True,3003,Pharmaceutical Science,"Pharmacology, Toxicology and Pharmaceutics",0.004306783967800917,0.004395965275907316,8.918130810639871e-05
AI,True,3004,Pharmacology,"Pharmacology, Toxicology and Pharmaceutics",0.019009827881086447,0.02781038582805323,0.008800557946966783
AI,True,3005,Toxicology,"Pharmacology, Toxicology and Pharmaceutics",0.008846817357455655,0.024719382721206214,0.01587256536375056
AI,True,3102,Acoustics and Ultrasonics,Physics and Astronomy,0.09528238882728605,0.11961000931910071,0.024327620491814653
AI,True,3103,Astronomy and Astrophysics,Physics and Astronomy,0.8474951136328704,0.6999206364067161,-0.14757447722615435
AI,True,3104,Condensed Matter Physics,Physics and Astronomy,0.5783669324960345,0.45126628862133483,-0.12710064387469971
AI,True,3105,Instrumentation,Physics and Astronomy,0.09304152831019041,0.09927506902904189,0.006233540718851474
AI,True,3106,Nuclear and High Energy Physics,Physics and Astronomy,0.35762967605737167,0.37919665607045067,0.021566980013078996
AI,True,3107,"Atomic and Molecular Physics, and Optics",Physics and Astronomy,8.236520245175132,6.660140895584302,-1.5763793495908303
AI,True,3108,Radiation,Physics and Astronomy,0.17857742343858465,0.1462133771585529,-0.032364046280031755
AI,True,3109,Statistical and Nonlinear Physics,Physics and Astronomy,3.0934704573363065,2.9934708680879134,-0.09999958924839314
AI,True,3200,General Psychology,Psychology,0.027998260958953348,0.014844304761959633,-0.013153956196993714
AI,True,3202,Applied Psychology,Psychology,0.12047332638749876,0.221518048375783,0.10104472198828425
AI,True,3203,Clinical Psychology,Psychology,0.2648797095244986,0.40171805615370326,0.1368383466292047
AI,True,3204,Developmental and Educational Psychology,Psychology,2.0716214008677047,1.3310239631960339,-0.7405974376716709
AI,True,3205,Experimental and Cognitive Psychology,Psychology,2.4827235068850646,1.7061444129326648,-0.7765790939523998
AI,True,3206,Neuropsychology and Physiological Psychology,Psychology,0.018618302065831815,0.016117579107930165,-0.0025007229579016507
AI,True,3207,Social Psychology,Psychology,1.3057635848836715,1.4363629292799807,0.13059934439630916
AI,True,3300,General Social Sciences,Social Sciences,0.030330755177491564,0.1139062011629431,0.08357544598545154
AI,True,3302,Archeology,Social Sciences,0.010521214992906302,0.007749113101042386,-0.002772101891863916
AI,True,3303,Development,Social Sciences,0.07907155400844545,0.021602453213649384,-0.05746910079479607
AI,True,3304,Education,Social Sciences,0.7396339166984677,0.7607641374502537,0.021130220751786055
AI,True,3305,"Geography, Planning and Development",Social Sciences,0.24600316702732858,0.15490736352990828,-0.0910958034974203
AI,True,3306,Health,Social Sciences,0.05291429741483834,0.1695356149526195,0.11662131753778117
AI,True,3307,Human Factors and Ergonomics,Social Sciences,0.04406748005738269,0.035539333950765764,-0.008528146106616924
AI,True,3308,Law,Social Sciences,0.11022701249892017,0.1148193866101663,0.004592374111246134
AI,True,3309,Library and Information Sciences,Social Sciences,0.026956968897105936,0.014089558430185244,-0.012867410466920692
AI,True,3310,Linguistics and Language,Social Sciences,0.511490991115946,0.29514902639163554,-0.21634196472431044
AI,True,3311,Safety Research,Social Sciences,0.2234696068089505,0.37953369927967817,0.15606409247072767
AI,True,3312,Sociology and Political Science,Social Sciences,2.4113158624518163,3.0380181859297424,0.6267023234779261
AI,True,3313,Transportation,Social Sciences,0.169239116227937,0.4060967371624707,0.2368576209345337
AI,True,3314,Anthropology,Social Sciences,0.09868116611715602,0.06398347624061428,-0.034697689876541746
AI,True,3315,Communication,Social Sciences,0.5940362954427145,0.9224699793885115,0.328433683945797
AI,True,3316,Cultural Studies,Social Sciences,0.2714939967013533,0.16630057628627357,-0.10519342041507976
AI,True,3317,Demography,Social Sciences,0.10557868473483331,0.1836309348051847,0.07805225007035138
AI,True,3318,Gender Studies,Social Sciences,0.11391735156610742,0.1963953660879798,0.08247801452187238
AI,True,3319,Life-span and Life-course Studies,Social Sciences,0.0002749011043277181,0.0016765739125675348,0.0014016728082398167
AI,True,3320,Political Science and International Relations,Social Sciences,0.3725992907384902,0.4282551676357859,0.05565587689729573
AI,True,3321,Public Administration,Social Sciences,0.03559552784219211,0.04007357336379205,0.004478045521599944
AI,True,3322,Urban Studies,Social Sciences,0.023191656801465673,0.07708495073263687,0.05389329393117119
AI,True,3402,Equine,Veterinary,0.000841363985972713,0.0007547463317743885,-8.661765419832451e-05
AI,True,3404,Small Animals,Veterinary,0.018868212160675198,0.019695422405883563,0.0008272102452083659
AI,True,3500,General Dentistry,Dentistry,0.002249190853590421,0.009474659103839555,0.007225468250249134
AI,True,3504,Oral Surgery,Dentistry,0.02107575133179172,0.04016575612187137,0.01909000479007965
AI,True,3505,Orthodontics,Dentistry,0.004231810939347902,0.00692811041189849,0.0026962994725505873
AI,True,3506,Periodontics,Dentistry,0.008896799376424331,0.023561336822834823,0.014664537446410492
AI,True,3600,General Health Professions,Health Professions,0.4487302359642785,0.5608427808657401,0.11211254490146161
AI,True,3603,Complementary and Manual Therapy,Health Professions,0.006214431025105384,0.0071470444623368615,0.0009326134372314773
AI,True,3604,Emergency Medical Services,Health Professions,0.038702743354744794,0.05551130463088727,0.016808561276142477
AI,True,3605,Health Information Management,Health Professions,0.2514012250759456,0.5735841664590154,0.32218294138306985
AI,True,3607,Medical Laboratory Technology,Health Professions,0.01443647314545259,0.02486629899189512,0.01042982584644253
AI,True,3608,Medical Terminology,Health Professions,0.003165527868016148,0.0019041500965758424,-0.0012613777714403057
AI,True,3609,Occupational Therapy,Health Professions,0.025449177991550873,0.03218330541444071,0.006734127422889841
AI,True,3611,Pharmacy,Health Professions,0.04305117900501961,0.04830664594475084,0.005255466939731231
AI,True,3612,"Physical Therapy, Sports Therapy and Rehabilitation",Health Professions,0.02574073976886815,0.043608205993895775,0.017867466225027627
AI,True,3614,Radiological and Ultrasound Technology,Health Professions,0.22516899545388544,0.309077264995182,0.08390826954129657
AI,True,3616,Speech and Hearing,Health Professions,0.09444935517780811,0.0927502581837404,-0.0016990969940677142
AI,False,1100,General Agricultural and Biological Sciences,Agricultural and Biological Sciences,0.021041027588516812,0.022633338153357097,0.0015923105648402852
AI,False,1102,Agronomy and Crop Science,Agricultural and Biological Sciences,0.014879253091826222,0.016344428286931268,0.0014651751951050458
AI,False,1103,Animal Science and Zoology,Agricultural and Biological Sciences,0.01368284655782887,0.017291870349164823,0.0036090237913359528
AI,False,1104,Aquatic Science,Agricultural and Biological Sciences,0.006830189414745447,0.007952197042346953,0.0011220076276015067
AI,False,1105,"Ecology, Evolution, Behavior and Systematics",Agricultural and Biological Sciences,0.13927183103504387,0.10990327921909214,-0.02936855181595173
AI,False,1106,Food Science,Agricultural and Biological Sciences,0.12364552597597986,0.11750597541181516,-0.006139550564164695
AI,False,1107,Forestry,Agricultural and Biological Sciences,0.006234794613789018,0.006288909866425828,5.411525263681032e-05
AI,False,1108,Horticulture,Agricultural and Biological Sciences,0.00019659262295731138,0.00041476908057779986,0.00021817645762048848
AI,False,1109,Insect Science,Agricultural and Biological Sciences,0.027118548103939977,0.02606939469905745,-0.0010491534048825274
AI,False,1110,Plant Science,Agricultural and Biological Sciences,0.24733598740863566,0.2538892075569327,0.006553220148297012
AI,False,1111,Soil Science,Agricultural and Biological Sciences,0.10507033157255619,0.1478683353661931,0.04279800379363691
AI,False,1200,General Arts and Humanities,Arts and Humanities,0.003667856651174981,0.0021770113163322082,-0.0014908453348427726
AI,False,1202,History,Arts and Humanities,0.027416245504418197,0.018593024114632237,-0.00882322138978596
AI,False,1203,Language and Linguistics,Arts and Humanities,1.108827328935912,0.6481135333718991,-0.46071379556401293
AI,False,1204,Archeology,Arts and Humanities,0.057719594100266614,0.05520429082614169,-0.0025153032741249207
AI,False,1205,Classics,Arts and Humanities,0.00498221875894672,0.003156034780640213,-0.0018261839783065069
AI,False,1206,Conservation,Arts and Humanities,0.01982215332618148,0.015647532014488368,-0.004174621311693112
AI,False,1207,History and Philosophy of Science,Arts and Humanities,0.1903915299360293,0.12954691130940113,-0.06084461862662818
AI,False,1208,Literature and Literary Theory,Arts and Humanities,0.22963141747830867,0.2317022198862278,0.0020708024079191256
AI,False,1209,Museology,Arts and Humanities,0.0068638910072524135,0.009817605191544572,0.0029537141842921584
AI,False,1210,Music,Arts and Humanities,0.019007698173929763,0.017443461079122192,-0.001564237094807571
AI,False,1211,Philosophy,Arts and Humanities,0.3772949450475875,0.26213195349836454,-0.11516299154922294
AI,False,1212,Religious studies,Arts and Humanities,0.0058079077753674276,0.004204537329512012,-0.0016033704458554158
AI,False,1213,Visual Arts and Performing Arts,Arts and Humanities,0.016412675550893253,0.014748514768768976,-0.0016641607821242764
AI,False,1302,Aging,"Biochemistry, Genetics and Molecular Biology",0.004560948852609624,0.004457188546107626,-0.00010376030650199788
AI,False,1303,Biochemistry,"Biochemistry, Genetics and Molecular Biology",0.005538295035311686,0.004309808669760184,-0.0012284863655515023
AI,False,1304,Biophysics,"Biochemistry, Genetics and Molecular Biology",0.1655141377338027,0.2689998557361553,0.10348571800235262
AI,False,1305,Biotechnology,"Biochemistry, Genetics and Molecular Biology",0.007700813887842111,0.007025809248163036,-0.0006750046396790752
AI,False,1306,Cancer Research,"Biochemistry, Genetics and Molecular Biology",0.18617883087265835,0.29034256725806984,0.10416373638541149
AI,False,1307,Cell Biology,"Biochemistry, Genetics and Molecular Biology",0.04722154803434619,0.0464646641587384,-0.0007568838756077875
AI,False,1308,Clinical Biochemistry,"Biochemistry, Genetics and Molecular Biology",0.004920432506017279,0.008775418923087664,0.0038549864170703847
AI,False,1309,Developmental Biology,"Biochemistry, Genetics and Molecular Biology",0.024838073677635165,0.024174510574590347,-0.0006635631030448182
AI,False,1310,Endocrinology,"Biochemistry, Genetics and Molecular Biology",0.003224119016499906,0.004278227267685733,0.0010541082511858267
AI,False,1311,Genetics,"Biochemistry, Genetics and Molecular Biology",0.4490568693590906,0.354446497188792,-0.0946103721702986
AI,False,1312,Molecular Biology,"Biochemistry, Genetics and Molecular Biology",2.617686943997446,2.133073164339426,-0.4846137796580199
AI,False,1313,Molecular Medicine,"Biochemistry, Genetics and Molecular Biology",0.001544656323236018,0.0027517928340872306,0.0012071365108512126
AI,False,1314,Physiology,"Biochemistry, Genetics and Molecular Biology",0.005622549016579105,0.0046740475070188615,-0.0009485015095602439
AI,False,1315,Structural Biology,"Biochemistry, Genetics and Molecular Biology",0.008773647915980582,0.015485414150506182,0.0067117662345255995
AI,False,1402,Accounting,"Business, Management and Accounting",0.1919586539876033,0.262163534900439,0.07020488091283567
AI,False,1403,Business and International Management,"Business, Management and Accounting",0.007448051944039854,0.03231619602938401,0.024868144085344154
AI,False,1404,Management Information Systems,"Business, Management and Accounting",0.9284564058386211,0.5587950120249346,-0.36966139381368646
AI,False,1405,Management of Technology and Innovation,"Business, Management and Accounting",0.19901913761781304,0.18398272135173116,-0.015036416266081876
AI,False,1406,Marketing,"Business, Management and Accounting",0.21476339825065144,0.41764088273977,0.20287748448911858
AI,False,1407,Organizational Behavior and Human Resource Management,"Business, Management and Accounting",0.2670401851610428,0.5070836242682273,0.2400434391071845
AI,False,1408,Strategy and Management,"Business, Management and Accounting",0.34610973811447343,0.4631159963001756,0.11700625818570215
AI,False,1409,"Tourism, Leisure and Hospitality Management","Business, Management and Accounting",0.0086500754101217,0.016512862431328348,0.007862787021206647
AI,False,1410,Industrial relations,"Business, Management and Accounting",0.0003594836534076551,0.0002231752413261258,-0.0001363084120815293
AI,False,1502,Bioengineering,Chemical Engineering,0.022372240492542037,0.017013954010909646,-0.0053582864816323905
AI,False,1503,Catalysis,Chemical Engineering,0.010239667190033675,0.01455060464910241,0.004310937459068735
AI,False,1504,Chemical Health and Safety,Chemical Engineering,0.0014547854098841042,0.001400108825300695,-5.467658458340927e-05
AI,False,1506,Filtration and Separation,Chemical Engineering,0.019395266487759893,0.015980189449672593,-0.0034150770380872997
AI,False,1507,Fluid Flow and Transfer Processes,Chemical Engineering,0.01853025894674772,0.018972000939525658,0.0004417419927779387
AI,False,1508,Process Chemistry and Technology,Chemical Engineering,0.0026624258080504455,0.0024991416174916163,-0.00016328419055882922
AI,False,1602,Analytical Chemistry,Chemistry,0.399672802472214,0.37663980113991175,-0.02303300133230224
AI,False,1603,Electrochemistry,Chemistry,0.04209328904120261,0.026595751400298313,-0.015497537640904297
AI,False,1604,Inorganic Chemistry,Chemistry,0.2199309757683865,0.21362923619242152,-0.006301739575964971
AI,False,1605,Organic Chemistry,Chemistry,0.059910197613219515,0.04909223681133279,-0.010817960801886725
AI,False,1606,Physical and Theoretical Chemistry,Chemistry,0.1007902293241713,0.07180979203688843,-0.028980437287282862
AI,False,1607,Spectroscopy,Chemistry,0.2629903771281221,0.16890997085499782,-0.0940804062731243
AI,False,1703,Computational Theory and Mathematics,Computer Science,5.692743816839035,3.867134262309399,-1.8256095545296356
AI,False,1704,Computer Graphics and Computer-Aided Design,Computer Science,0.22140822890660858,0.12565608257382868,-0.0957521463327799
AI,False,1705,Computer Networks and Communications,Computer Science,7.315975403005047,5.224673463040538,-2.0913019399645094
AI,False,1706,Computer Science Applications,Computer Science,0.4509048400148894,0.6759788571355905,0.22507401712070108
AI,False,1707,Computer Vision and Pattern Recognition,Computer Science,4.951533458969125,6.816281383386684,1.8647479244175589
AI,False,1708,Hardware and Architecture,Computer Science,1.3843322307482884,0.7920552477468354,-0.5922769830014529
AI,False,1709,Human-Computer Interaction,Computer Science,0.44823118034266995,0.4035576828413695,-0.04467349750130045
AI,False,1710,Information Systems,Computer Science,6.479097457872027,5.018884836269801,-1.460212621602226
AI,False,1711,Signal Processing,Computer Science,4.441150925111523,3.439130468835599,-1.002020456275924
AI,False,1712,Software,Computer Science,1.1871891484466963,0.5495985077408543,-0.637590640705842
AI,False,1800,General Decision Sciences,Decision Sciences,0.2044619448076883,0.14423647412763113,-0.06022547068005718
AI,False,1802,Information Systems and Management,Decision Sciences,0.4958065950983393,0.6303984722349366,0.13459187713659732
AI,False,1803,Management Science and Operations Research,Decision Sciences,2.669699735099866,2.364038484843917,-0.30566125025594904
AI,False,1804,"Statistics, Probability and Uncertainty",Decision Sciences,0.5597497499482259,0.5803377390933206,0.020587989145094743
AI,False,1902,Atmospheric Science,Earth and Planetary Sciences,0.9072861888121609,0.8818011707352075,-0.02548501807695347
AI,False,1904,Earth-Surface Processes,Earth and Planetary Sciences,0.24875707122601282,0.22516908051042622,-0.023587990715586593
AI,False,1906,Geochemistry and Petrology,Earth and Planetary Sciences,0.6719535852680902,0.7645352139791581,0.0925816287110679
AI,False,1907,Geology,Earth and Planetary Sciences,0.33466243052627337,0.3468227467280194,0.012160316201746013
AI,False,1908,Geophysics,Earth and Planetary Sciences,3.263443158023453,3.602818981214287,0.3393758231908337
AI,False,1910,Oceanography,Earth and Planetary Sciences,0.33276390748171425,0.2829777842943077,-0.04978612318740655
AI,False,1911,Paleontology,Earth and Planetary Sciences,0.35980381853647125,0.34090228655246213,-0.018901531984009123
AI,False,1912,Space and Planetary Science,Earth and Planetary Sciences,0.005819141639536417,0.008139580027988702,0.0023204383884522853
AI,False,2000,"General Economics, Econometrics and Finance","Economics, Econometrics and Finance",0.08680968536586421,0.08162108094801811,-0.005188604417846104
AI,False,2002,Economics and Econometrics,"Economics, Econometrics and Finance",0.9302762918339974,0.9714397169565264,0.04116342512252902
AI,False,2003,Finance,"Economics, Econometrics and Finance",0.30893688157928806,0.2830914773417757,-0.02584540423751236
AI,False,2100,General Energy,Energy,0.0030050586652046168,0.005745709750745258,0.0027406510855406416
AI,False,2102,Energy Engineering and Power Technology,Energy,0.03598206693327248,0.10988011952423754,0.07389805259096506
AI,False,2103,Fuel Technology,Energy,0.003982404847906679,0.002488614483466799,-0.0014937903644398802
AI,False,2104,Nuclear Energy and Engineering,Energy,0.0002527619438022575,0.0004210853609926902,0.0001683234171904327
AI,False,2105,"Renewable Energy, Sustainability and the Environment",Energy,0.40473927521242814,1.0602150381878104,0.6554757629753822
AI,False,2200,General Engineering,Engineering,0.0033589253865277773,0.001633811200651638,-0.0017251141858761392
AI,False,2202,Aerospace Engineering,Engineering,1.0047399604781424,1.176421965260963,0.1716820047828207
AI,False,2203,Automotive Engineering,Engineering,0.22216089780593085,0.3704645843209539,0.14830368651502307
AI,False,2204,Biomedical Engineering,Engineering,1.0090593812511188,1.4444933277761296,0.4354339465250108
AI,False,2205,Civil and Structural Engineering,Engineering,0.4458215164784217,0.5854012905592578,0.1395797740808361
AI,False,2206,Computational Mechanics,Engineering,0.775962316676677,0.842364421251437,0.06640210457475992
AI,False,2207,Control and Systems Engineering,Engineering,2.750611641777011,2.536620320046771,-0.21399132173023983
AI,False,2208,Electrical and Electronic Engineering,Engineering,3.7581207497728095,4.796907582795699,1.0387868330228893
AI,False,2209,Industrial and Manufacturing Engineering,Engineering,0.705531605269199,0.6296447294387598,-0.07588687583043918
AI,False,2210,Mechanical Engineering,Engineering,0.7075480838875327,0.8097450437621383,0.10219695987460564
AI,False,2211,Mechanics of Materials,Engineering,0.514280684724242,0.6426036314233098,0.12832294669906774
AI,False,2212,Ocean Engineering,Engineering,0.48798782563672277,0.6546382510404809,0.16665042540375813
AI,False,2213,"Safety, Risk, Reliability and Quality",Engineering,0.19756435220792895,0.27401077153196834,0.0764464193240394
AI,False,2214,Media Technology,Engineering,0.6185365611445466,0.8772576596900963,0.2587210985455497
AI,False,2215,Building and Construction,Engineering,0.22004893134216086,0.39594024866101174,0.17589131731885088
AI,False,2216,Architecture,Engineering,0.016923816370582264,0.00873120496018343,-0.008192611410398834
AI,False,2302,Ecological Modeling,Environmental Science,0.06284785309341019,0.07722494977925443,0.014377096685844235
AI,False,2303,Ecology,Environmental Science,0.41543953083339036,0.4547932441401551,0.03935371330676474
AI,False,2304,Environmental Chemistry,Environmental Science,0.23371492710373623,0.23444769643990016,0.0007327693361639243
AI,False,2305,Environmental Engineering,Environmental Science,0.6824235466735882,0.974858930087787,0.29243538341419884
AI,False,2306,Global and Planetary Change,Environmental Science,0.5951308051484575,0.7466180318689192,0.15148722672046167
AI,False,2307,"Health, Toxicology and Mutagenesis",Environmental Science,0.16146994663296657,0.26268146989446,0.10121152326149344
AI,False,2308,"Management, Monitoring, Policy and Law",Environmental Science,0.14992715119933014,0.23019473429387394,0.08026758309454379
AI,False,2309,Nature and Landscape Conservation,Environmental Science,0.10427272721655796,0.09249982124926426,-0.011772905967293704
AI,False,2310,Pollution,Environmental Science,0.4086992123319968,0.610390601307369,0.2016913889753722
AI,False,2311,Industrial and Manufacturing Engineering,Environmental Science,0.07646329646622513,0.10003093293061852,0.023567636464393388
AI,False,2312,Water Science and Technology,Environmental Science,0.28032422954087255,0.4269700289125631,0.14664579937169053
AI,False,2402,Applied Microbiology and Biotechnology,Immunology and Microbiology,0.000909942997688127,0.0026949463103532172,0.0017850033126650903
AI,False,2403,Immunology,Immunology and Microbiology,0.04128445082103539,0.05078921081613333,0.009504759995097936
AI,False,2404,Microbiology,Immunology and Microbiology,0.0070211651056182635,0.008817527459186934,0.0017963623535686701
AI,False,2405,Parasitology,Immunology and Microbiology,0.002696127400557413,0.003061290574416858,0.000365163173859445
AI,False,2406,Virology,Immunology and Microbiology,0.014806232974727792,0.010607140243405866,-0.004199092731321926
AI,False,2500,General Materials Science,Materials Science,0.004010489508329152,0.0029391758197289774,-0.0010713136886001747
AI,False,2502,Biomaterials,Materials Science,0.15094381590662367,0.12922267558143677,-0.021721140325186905
AI,False,2503,Ceramics and Composites,Materials Science,0.0325220367692238,0.025081949527529592,-0.007440087241694208
AI,False,2504,"Electronic, Optical and Magnetic Materials",Materials Science,0.12626301632735437,0.18299738160700826,0.05673436527965389
AI,False,2505,Materials Chemistry,Materials Science,0.3896072601767997,0.5231922447530026,0.13358498457620294
AI,False,2506,Metals and Alloys,Materials Science,0.0020164786183335653,0.002343340033924321,0.0003268614155907557
AI,False,2507,Polymers and Plastics,Materials Science,0.01965364536364664,0.04441187302389904,0.0247582276602524
AI,False,2508,"Surfaces, Coatings and Films",Materials Science,0.030949295785565305,0.03671443262495266,0.005765136839387352
AI,False,2602,Algebra and Number Theory,Mathematics,0.24612834701046934,0.13913291955239973,-0.10699542745806961
AI,False,2604,Applied Mathematics,Mathematics,0.3725317866399361,0.2635173243360305,-0.1090144623039056
AI,False,2605,Computational Mathematics,Mathematics,0.040644120563403004,0.07346676293239467,0.03282264236899166
AI,False,2607,Discrete Mathematics and Combinatorics,Mathematics,0.4354245751900222,0.25610622198255917,-0.17931835320746303
AI,False,2608,Geometry and Topology,Mathematics,0.505012746784826,0.31290011004644824,-0.19211263673837775
AI,False,2610,Mathematical Physics,Mathematics,0.5763309334616541,0.362973475748894,-0.2133574577127601
AI,False,2611,Modeling and Simulation,Mathematics,0.0686950793933691,0.1650633560823296,0.09636827668896052
AI,False,2612,Numerical Analysis,Mathematics,0.3398974112290224,0.3032719932673504,-0.03662541796167201
AI,False,2613,Statistics and Probability,Mathematics,2.340036374128793,1.7471800123917,-0.5928563617370928
AI,False,2614,Theoretical Computer Science,Mathematics,0.06000568545865592,0.02938544191687489,-0.03062024354178103
AI,False,2702,Anatomy,Medicine,0.007015548173533769,0.0037097620303456007,-0.003305786143188168
AI,False,2703,Anesthesiology and Pain Medicine,Medicine,0.005937097213310804,0.006629989008829907,0.000692891795519103
AI,False,2704,Biochemistry,Medicine,0.003246586744837885,0.006187849379787583,0.002941262634949698
AI,False,2705,Cardiology and Cardiovascular Medicine,Medicine,0.0962011958111392,0.21870542021918843,0.12250422440804923
AI,False,2706,Critical Care and Intensive Care Medicine,Medicine,0.008582672225107765,0.03145297103934899,0.022870298814241227
AI,False,2707,Complementary and alternative medicine,Medicine,0.013823269859941235,0.03531853465326189,0.021495264793320652
AI,False,2708,Dermatology,Medicine,0.04354245751900222,0.0433654759018322,-0.0001769816171700231
AI,False,2711,Emergency Medicine,Medicine,0.022653087096766767,0.06188481007829072,0.039231722981523956
AI,False,2712,"Endocrinology, Diabetes and Metabolism",Medicine,0.03675158662884823,0.1042312594065206,0.06747967277767236
AI,False,2713,Epidemiology,Medicine,0.21908843595571229,0.4988766705824798,0.2797882346267675
AI,False,2714,Family Practice,Medicine,0.02929791775272389,0.04535510423252266,0.01605718647979877
AI,False,2715,Gastroenterology,Medicine,0.0043362715692298395,0.01314839039699675,0.008812118827766911
AI,False,2716,Genetics,Medicine,0.017384404801510822,0.037899787916147086,0.020515383114636264
AI,False,2717,Geriatrics and Gerontology,Medicine,0.011436073724031028,0.024534538558239095,0.013098464834208068
AI,False,2718,Health Informatics,Medicine,0.005167577517735042,0.18328793050609324,0.1781203529883582
AI,False,2720,Hematology,Medicine,0.016744074543878433,0.01885830789205763,0.0021142333481791974
AI,False,2721,Hepatology,Medicine,0.012660564918450851,0.026684179326106783,0.014023614407655932
AI,False,2723,Immunology and Allergy,Medicine,0.01248644002383152,0.009630222205902825,-0.0028562178179286947
AI,False,2724,Internal Medicine,Medicine,0.0027747644497403377,0.006408919194308744,0.0036341547445684066
AI,False,2725,Infectious Diseases,Medicine,0.035409139860654026,0.14703037549781764,0.11162123563716361
AI,False,2726,Microbiology,Medicine,0.00020220955504180596,0.0003726605444785308,0.00017045098943672485
AI,False,2727,Nephrology,Medicine,0.006667298384295102,0.022258572182073603,0.015591273797778502
AI,False,2728,Neurology,Medicine,0.033785846488235086,0.07743759788655573,0.04365175139832064
AI,False,2729,Obstetrics and Gynecology,Medicine,0.008621990749699228,0.02119533164556706,0.012573340895867832
AI,False,2730,Oncology,Medicine,0.3448796299879691,0.5627195275893866,0.21783989760141748
AI,False,2731,Ophthalmology,Medicine,0.02397868306870749,0.051180820201856526,0.027202137133149035
AI,False,2732,Orthopedics and Sports Medicine,Medicine,0.017693336066158024,0.02928438143023664,0.011591045364078616
AI,False,2733,Otorhinolaryngology,Medicine,0.008947772810599915,0.022776507176094613,0.013828734365494698
AI,False,2734,Pathology and Forensic Medicine,Medicine,0.1857126255096453,0.16432224584698246,-0.02139037966266283
AI,False,2735,"Pediatrics, Perinatology and Child Health",Medicine,0.04049808032920614,0.08304434946817339,0.04254626913896725
AI,False,2736,Pharmacology,Medicine,0.026202988174167358,0.03673759231980726,0.010534604145639899
AI,False,2737,Physiology,Medicine,0.3266807700342066,0.3302004021028329,0.0035196320686263216
AI,False,2738,Psychiatry and Mental health,Medicine,0.07546909948726958,0.1626042175741323,0.08713511808686271
AI,False,2739,"Public Health, Environmental and Occupational Health",Medicine,0.1940650035192888,0.3152266066659329,0.12116160314664409
AI,False,2740,Pulmonary and Respiratory Medicine,Medicine,0.30066314061882754,0.4976597338892109,0.19699659327038338
AI,False,2741,"Radiology, Nuclear Medicine and Imaging",Medicine,0.456488070506877,1.2267564038872243,0.7702683333803473
AI,False,2742,Rehabilitation,Medicine,0.012082020913747908,0.02538513098744433,0.013303110073696422
AI,False,2743,Reproductive Medicine,Medicine,0.014531003302587558,0.023250228207211388,0.00871922490462383
AI,False,2745,Rheumatology,Medicine,0.020097382998321717,0.031086626775285356,0.010989243776963638
AI,False,2746,Surgery,Medicine,0.14555156110550885,0.24244410744515132,0.09689254633964248
AI,False,2747,Transplantation,Medicine,0.0022186881733753713,0.004292965255320477,0.0020742770819451055
AI,False,2748,Urology,Medicine,0.004038574168751625,0.004137163671753182,9.85895030015567e-05
AI,False,2802,Behavioral Neuroscience,Neuroscience,0.006964995784773317,0.007032125528577927,6.712974380460989e-05
AI,False,2803,Biological Psychiatry,Neuroscience,0.0010896848243919545,0.004370866047104125,0.00328118122271217
AI,False,2804,Cellular and Molecular Neuroscience,Neuroscience,0.2608447090718452,0.27695205277850227,0.016107343706657062
AI,False,2805,Cognitive Neuroscience,Neuroscience,1.8874520714206393,1.5756235200428632,-0.3118285513777761
AI,False,2806,Developmental Neuroscience,Neuroscience,0.010262134918371654,0.008249062221846801,-0.002013072696524853
AI,False,2807,Endocrine and Autonomic Systems,Neuroscience,0.01111029166313034,0.011310352796263658,0.00020006113313331825
AI,False,2808,Neurology,Neuroscience,0.047833793631556105,0.19583837969048035,0.14800458605892425
AI,False,2809,Sensory Systems,Neuroscience,0.03342074590274294,0.028471686683520746,-0.004949059219222191
AI,False,2910,"Issues, ethics and legal aspects",Nursing,0.007661495363250649,0.009602851657438299,0.00194135629418765
AI,False,2911,Leadership and Management,Nursing,0.0006290963934633964,0.0021285864998180494,0.001499490106354653
AI,False,2916,Nutrition and Dietetics,Nursing,0.018108989040410625,0.027991649371989082,0.009882660331578457
AI,False,2922,Research and Theory,Nursing,0.0014828700703065772,0.0034381619725053158,0.0019552919021987385
AI,False,3002,Drug Discovery,"Pharmacology, Toxicology and Pharmaceutics",0.0,5.0530243319122824e-05,5.0530243319122824e-05
AI,False,3003,Pharmaceutical Science,"Pharmacology, Toxicology and Pharmaceutics",0.0029039538876837138,0.0032128813043742262,0.00030892741669051246
AI,False,3004,Pharmacology,"Pharmacology, Toxicology and Pharmaceutics",0.012817839016816702,0.020325790375117156,0.007507951358300454
AI,False,3005,Toxicology,"Pharmacology, Toxicology and Pharmaceutics",0.005965181873733277,0.018066667413391375,0.012101485539658098
AI,False,3102,Acoustics and Ultrasonics,Physics and Astronomy,0.06424646918244936,0.08741942636888744,0.02317295718643808
AI,False,3103,Astronomy and Astrophysics,Physics and Astronomy,0.5714442025481438,0.5115513399483598,-0.05989286259978399
AI,False,3104,Condensed Matter Physics,Physics and Astronomy,0.3899779776943763,0.32981721442432954,-0.06016076327004677
AI,False,3105,Instrumentation,Physics and Astronomy,0.0627355144517203,0.07255721855265045,0.00982170410093014
AI,False,3106,Nuclear and High Energy Physics,Physics and Astronomy,0.24114051131943812,0.277143646617754,0.036003135298315864
AI,False,3107,"Atomic and Molecular Physics, and Optics",Physics and Astronomy,5.553674195359033,4.8677004536857895,-0.6859737416732434
AI,False,3108,Radiation,Physics and Astronomy,0.12041017309531096,0.10686304291272493,-0.013547130182586034
AI,False,3109,Statistical and Nonlinear Physics,Physics and Astronomy,2.0858477295770737,2.1878395263901353,0.1019917968130617
AI,False,3200,General Psychology,Psychology,0.018878508735986385,0.010849264325976663,-0.008029244410009722
AI,False,3202,Applied Psychology,Psychology,0.08123207180596106,0.1619010050212745,0.08066893321531343
AI,False,3203,Clinical Psychology,Psychology,0.17860158949067512,0.2936038733789582,0.1150022838882831
AI,False,3204,Developmental and Educational Psychology,Psychology,1.3968411385004578,0.9728061389529477,-0.4240349995475101
AI,False,3205,Experimental and Cognitive Psychology,Psychology,1.6740367368702669,1.2469706066416784,-0.4270661302285885
AI,False,3206,Neuropsychology and Physiological Psychology,Psychology,0.012553843208845455,0.011779862973770509,-0.0007739802350749461
AI,False,3207,Social Psychology,Psychology,0.8804428703803612,1.0497952809300461,0.16935241054968497
AI,False,3300,General Social Sciences,Social Sciences,0.020451249719644876,0.08325068129505982,0.06279943157541494
AI,False,3302,Archeology,Social Sciences,0.0070941852227166926,0.005663598105351684,-0.0014305871173650089
AI,False,3303,Development,Social Sciences,0.053315919346022846,0.01578859561042092,-0.03752732373560193
AI,False,3304,Education,Social Sciences,0.49871616591810747,0.5560200594959928,0.05730389357788529
AI,False,3305,"Geography, Planning and Development",Social Sciences,0.16587362138721035,0.11321722101010462,-0.05265640037710573
AI,False,3306,Health,Social Sciences,0.03567875260070977,0.12390857832570903,0.08822982572499927
AI,False,3307,Human Factors and Ergonomics,Social Sciences,0.02971357072697649,0.025974650492834095,-0.003738920234142396
AI,False,3308,Law,Social Sciences,0.07432324534203269,0.08391810159223323,0.00959485625020054
AI,False,3309,Library and Information Sciences,Social Sciences,0.01817639222542456,0.01029764250307624,-0.007878749722348321
AI,False,3310,Linguistics and Language,Social Sciences,0.34488524692005357,0.2157157141561403,-0.12916953276391327
AI,False,3311,Safety Research,Social Sciences,0.1506798200986524,0.2773899815539347,0.12671016145528227
AI,False,3312,Sociology and Political Science,Social Sciences,1.625888395041979,2.2203978465020904,0.5945094514601115
AI,False,3313,Transportation,Social Sciences,0.1141135922285925,0.2968041221225026,0.1826905298939101
AI,False,3314,Anthropology,Social Sciences,0.06653817747292315,0.04676363476504321,-0.01977454270787994
AI,False,3315,Communication,Social Sciences,0.4005434269453107,0.6742060877658113,0.27366266082050056
AI,False,3316,Cultural Studies,Social Sciences,0.18306143356576385,0.12154418402373507,-0.06151724954202878
AI,False,3317,Demography,Social Sciences,0.0711889972388847,0.1342104316823952,0.0630214344435105
AI,False,3318,Gender Studies,Social Sciences,0.0768115462554638,0.14353957785518823,0.06672803159972443
AI,False,3319,Life-span and Life-course Studies,Social Sciences,0.00018535875878832216,0.0012253584004887285,0.0010399996417004064
AI,False,3320,Political Science and International Relations,Social Sciences,0.25123413827527497,0.3129990651062815,0.06176492683100654
AI,False,3321,Public Administration,Social Sciences,0.024001150797045474,0.02928859228384657,0.005287441486801096
AI,False,3322,Urban Studies,Social Sciences,0.015637538923232996,0.056339115874016986,0.04070157695078399
AI,False,3402,Equine,Veterinary,0.0005673101405339557,0.0005516218229004242,-1.5688317633531486e-05
AI,False,3404,Small Animals,Veterinary,0.012722351171380293,0.014394803065535113,0.0016724518941548198
AI,False,3500,General Dentistry,Dentistry,0.001516571662813545,0.00692474876152479,0.005408177098711245
AI,False,3504,Oral Surgery,Dentistry,0.014210838173771365,0.029355965941605396,0.01514512776783403
AI,False,3505,Orthodontics,Dentistry,0.0028534014989232623,0.0050635514659371,0.0022101499670138377
AI,False,3506,Periodontics,Dentistry,0.005998883466240244,0.017220285837796067,0.011221402371555823
AI,False,3600,General Health Professions,Health Professions,0.30256728059547117,0.4099034392315294,0.10733615863605822
AI,False,3603,Complementary and Manual Therapy,Health Professions,0.00419023133503298,0.005223563903114322,0.001033332568081342
AI,False,3604,Emergency Medical Services,Health Professions,0.02609626646456196,0.0405715745316457,0.014475308067083737
AI,False,3605,Health Information Management,Health Professions,0.16951339337796287,0.4192157419898827,0.24970234861191984
AI,False,3607,Medical Laboratory Technology,Health Professions,0.00973414330242916,0.018174044180444507,0.008439900878015346
AI,False,3608,Medical Terminology,Health Professions,0.002134434192107952,0.001391687118080841,-0.000742747074027111
AI,False,3609,Occupational Therapy,Health Professions,0.017159727518131038,0.023521828265051673,0.0063621007469206355
AI,False,3611,Pharmacy,Health Professions,0.029028305012668145,0.03530590209243211,0.006277597079763966
AI,False,3612,"Physical Therapy, Sports Therapy and Rehabilitation",Health Professions,0.017356320141088347,0.03187195097353672,0.014515630832448372
AI,False,3614,Radiological and Ultrasound Technology,Health Professions,0.15182567424388932,0.22589545275813858,0.07406977851424926
AI,False,3616,Speech and Hearing,Health Professions,0.0636847759739999,0.06778842683940824,0.0041036508654083426
Statistics,True,1100,General Agricultural and Biological Sciences,Agricultural and Biological Sciences,0.171747899736798,0.1228297707496115,-0.04891812898718649
Statistics,True,1102,Agronomy and Crop Science,Agricultural and Biological Sciences,0.06115457411974783,0.04830021334725054,-0.01285436077249729
Statistics,True,1103,Animal Science and Zoology,Agricultural and Biological Sciences,0.11498675910046723,0.062027217419191344,-0.05295954168127588
Statistics,True,1104,Aquatic Science,Agricultural and Biological Sciences,0.02158842315127349,0.012623460607333799,-0.00896496254393969
Statistics,True,1105,"Ecology, Evolution, Behavior and Systematics",Agricultural and Biological Sciences,0.19942148075878133,0.15607065315911522,-0.0433508275996661
Statistics,True,1106,Food Science,Agricultural and Biological Sciences,0.5955879827979405,0.44530670366318564,-0.1502812791347548
Statistics,True,1107,Forestry,Agricultural and Biological Sciences,0.016891994255206978,0.014763258300901043,-0.0021287359543059343
Statistics,True,1108,Horticulture,Agricultural and Biological Sciences,0.00027774579492866475,0.00032298833110448955,4.524253617582479e-05
Statistics,True,1109,Insect Science,Agricultural and Biological Sciences,0.04269710356585201,0.025906355724005934,-0.016790747841846077
Statistics,True,1110,Plant Science,Agricultural and Biological Sciences,0.3605392914351277,0.2567353496866811,-0.1038039417484466
Statistics,True,1111,Soil Science,Agricultural and Biological Sciences,0.07521861119022659,0.07451609955523161,-0.0007025116349949762
Statistics,True,1200,General Arts and Humanities,Arts and Humanities,0.0011614824151562344,0.0005786874265622105,-0.0005827949885940239
Statistics,True,1202,History,Arts and Humanities,0.033657740421810016,0.024062630667284472,-0.009595109754525544
Statistics,True,1203,Language and Linguistics,Arts and Humanities,0.18982662602488198,0.1659083394106728,-0.023918286614209194
Statistics,True,1204,Archeology,Arts and Humanities,0.017548484315947455,0.013404015740836316,-0.004144468575111139
Statistics,True,1205,Classics,Arts and Humanities,0.001287730503760173,0.0009285914519254076,-0.0003591390518347655
Statistics,True,1206,Conservation,Arts and Humanities,0.005731663222618809,0.004817909272308636,-0.0009137539503101732
Statistics,True,1207,History and Philosophy of Science,Arts and Humanities,0.22184314129484078,0.1959597120505197,-0.025883429244321077
Statistics,True,1208,Literature and Literary Theory,Arts and Humanities,0.08375298197985283,0.07855345369403773,-0.005199528285815103
Statistics,True,1209,Museology,Arts and Humanities,0.0034339480100271285,0.007845924876413224,0.004411976866386095
Statistics,True,1210,Music,Arts and Humanities,0.06701248543097058,0.04815217702882765,-0.018860308402142922
Statistics,True,1211,Philosophy,Arts and Humanities,0.18644317725029644,0.1679404743272052,-0.018502702923091224
Statistics,True,1212,Religious studies,Arts and Humanities,0.0031562022150984632,0.0019379299866269374,-0.0012182722284715258
Statistics,True,1213,Visual Arts and Performing Arts,Arts and Humanities,0.020679436913325133,0.01908322722942359,-0.0015962096839015442
Statistics,True,1302,Aging,"Biochemistry, Genetics and Molecular Biology",0.009115111997204363,0.008451527997234145,-0.0006635839999702183
Statistics,True,1303,Biochemistry,"Biochemistry, Genetics and Molecular Biology",0.05282220027188788,0.034088726778652996,-0.018733473493234884
Statistics,True,1304,Biophysics,"Biochemistry, Genetics and Molecular Biology",0.08597494833928215,0.0829810853995951,-0.0029938629396870503
Statistics,True,1305,Biotechnology,"Biochemistry, Genetics and Molecular Biology",0.015680012604609165,0.01410382379156271,-0.0015761888130464558
Statistics,True,1306,Cancer Research,"Biochemistry, Genetics and Molecular Biology",0.45350838388306797,0.5478824144831198,0.09437403060005184
Statistics,True,1307,Cell Biology,"Biochemistry, Genetics and Molecular Biology",0.061609067238722004,0.059227985216285764,-0.00238108202243624
Statistics,True,1308,Clinical Biochemistry,"Biochemistry, Genetics and Molecular Biology",0.033556741950926866,0.03153173582407579,-0.002025006126851074
Statistics,True,1309,Developmental Biology,"Biochemistry, Genetics and Molecular Biology",0.04173761809246208,0.02613513912520495,-0.015602478967257128
Statistics,True,1310,Endocrinology,"Biochemistry, Genetics and Molecular Biology",0.01100883332626344,0.009501240073323734,-0.0015075932529397072
Statistics,True,1311,Genetics,"Biochemistry, Genetics and Molecular Biology",1.265233094370951,1.1310243884451463,-0.1342087059258048
Statistics,True,1312,Molecular Biology,"Biochemistry, Genetics and Molecular Biology",1.8209771804054888,1.9877509366998047,0.1667737562943159
Statistics,True,1313,Molecular Medicine,"Biochemistry, Genetics and Molecular Biology",0.009544355498457753,0.010954687563293937,0.0014103320648361835
Statistics,True,1314,Physiology,"Biochemistry, Genetics and Molecular Biology",0.0069436448732166185,0.004158474762970303,-0.0027851701102463156
Statistics,True,1315,Structural Biology,"Biochemistry, Genetics and Molecular Biology",0.001817972475896715,0.0037143658077016303,0.0018963933318049153
Statistics,True,1402,Accounting,"Business, Management and Accounting",0.25047620779021407,0.30416080297052367,0.0536845951803096
Statistics,True,1403,Business and International Management,"Business, Management and Accounting",0.0021714671239877427,0.0038489442789951672,0.0016774771550074246
Statistics,True,1404,Management Information Systems,"Business, Management and Accounting",0.6522228753456673,0.5096082972472378,-0.14261457809842948
Statistics,True,1405,Management of Technology and Innovation,"Business, Management and Accounting",0.1329139876822265,0.1453178333027616,0.012403845620535092
Statistics,True,1406,Marketing,"Business, Management and Accounting",0.2095213278470964,0.19792455773140535,-0.011596770115691046
Statistics,True,1407,Organizational Behavior and Human Resource Management,"Business, Management and Accounting",0.17465160577468858,0.18729285849921587,0.012641252724527291
Statistics,True,1408,Strategy and Management,"Business, Management and Accounting",0.24759775137004428,0.3165016487881411,0.0689038974180968
Statistics,True,1409,"Tourism, Leisure and Hospitality Management","Business, Management and Accounting",0.01729598813873958,0.014844005383677167,-0.0024519827550624138
Statistics,True,1410,Industrial relations,"Business, Management and Accounting",0.00045449311897417875,9.420492990547612e-05,-0.00036028818906870265
Statistics,True,1502,Bioengineering,Chemical Engineering,0.00881211658455491,0.004629499412497684,-0.004182617172057226
Statistics,True,1503,Catalysis,Chemical Engineering,0.00363594495179343,0.004252679692875779,0.000616734741082349
Statistics,True,1504,Chemical Health and Safety,Chemical Engineering,0.008887865437717272,0.004683330801015098,-0.004204534636702174
Statistics,True,1506,Filtration and Separation,Chemical Engineering,0.00275220833156586,0.0016283995026518015,-0.0011238088289140587
Statistics,True,1507,Fluid Flow and Transfer Processes,Chemical Engineering,0.01739698660962273,0.014655595523866213,-0.0027413910857565175
Statistics,True,1508,Process Chemistry and Technology,Chemical Engineering,0.002247215977150106,0.0015745681141343866,-0.0006726478630157194
Statistics,True,1602,Analytical Chemistry,Chemistry,0.7115594769895184,0.5215857811923625,-0.18997369579715584
Statistics,True,1603,Electrochemistry,Chemistry,0.01464477827805687,0.010429831525249142,-0.004214946752807728
Statistics,True,1604,Inorganic Chemistry,Chemistry,0.008862615819996485,0.014480643511184613,0.005618027691188129
Statistics,True,1605,Organic Chemistry,Chemistry,0.0655227579854441,0.062013759572062,-0.0035089984133821056
Statistics,True,1606,Physical and Theoretical Chemistry,Chemistry,0.08317224077227471,0.059725925560071856,-0.023446315212202855
Statistics,True,1607,Spectroscopy,Chemistry,0.28433594515379035,0.21223024922990835,-0.072105695923882
Statistics,True,1702,Artificial Intelligence,Computer Science,9.00641239291637,8.780114792744444,-0.22629760017192702
Statistics,True,1703,Computational Theory and Mathematics,Computer Science,3.010158426201427,2.9925272612244838,-0.017631164976943392
Statistics,True,1704,Computer Graphics and Computer-Aided Design,Computer Science,0.10152871285528738,0.0876105848120928,-0.013918128043194575
Statistics,True,1705,Computer Networks and Communications,Computer Science,1.2121836475395764,1.1103665931015883,-0.10181705443798816
Statistics,True,1706,Computer Science Applications,Computer Science,0.13213124953288208,0.18779079884300198,0.055659549310119905
Statistics,True,1707,Computer Vision and Pattern Recognition,Computer Science,1.184383818428989,1.2002111805371538,0.015827362108164822
Statistics,True,1708,Hardware and Architecture,Computer Science,0.07544585774971367,0.05504259475905676,-0.02040326299065691
Statistics,True,1709,Human-Computer Interaction,Computer Science,0.06761847625626947,0.07236284401453501,0.004744367758265533
Statistics,True,1710,Information Systems,Computer Science,0.6607572461352935,0.7366960097079527,0.07593876357265916
Statistics,True,1711,Signal Processing,Computer Science,0.8786614470656915,0.8467946570731956,-0.031866789992495925
Statistics,True,1712,Software,Computer Science,0.44664048786301375,0.43083951799913034,-0.015800969863883407
Statistics,True,1800,General Decision Sciences,Decision Sciences,0.31751394283890544,0.3192739652967879,0.001760022457882482
Statistics,True,1802,Information Systems and Management,Decision Sciences,0.15278543682848642,0.20772187044157484,0.05493643361308842
Statistics,True,1803,Management Science and Operations Research,Decision Sciences,7.772337326812872,7.864415958368958,0.09207863155608553
Statistics,True,1804,"Statistics, Probability and Uncertainty",Decision Sciences,4.979931603835517,5.740686934274162,0.760755330438645
Statistics,True,1902,Atmospheric Science,Earth and Planetary Sciences,0.1466245301046142,0.1587218490435979,0.012097318938983692
Statistics,True,1904,Earth-Surface Processes,Earth and Planetary Sciences,0.01805347667036321,0.012959906785567644,-0.005093569884795568
Statistics,True,1906,Geochemistry and Petrology,Earth and Planetary Sciences,0.013028802743926456,0.009191709589348599,-0.003837093154577857
Statistics,True,1907,Geology,Earth and Planetary Sciences,0.008584870025067819,0.006325188150796254,-0.0022596818742715652
Statistics,True,1908,Geophysics,Earth and Planetary Sciences,0.06208880997541698,0.056469126554768254,-0.0056196834206487245
Statistics,True,1910,Oceanography,Earth and Planetary Sciences,0.08057153014703357,0.07252433818008726,-0.00804719196694631
Statistics,True,1911,Paleontology,Earth and Planetary Sciences,0.025754610075203462,0.0196619146559858,-0.006092695419217663
Statistics,True,1912,Space and Planetary Science,Earth and Planetary Sciences,0.0005554915898573295,0.0005652295794328567,9.737989575527213e-06
Statistics,True,2000,"General Economics, Econometrics and Finance","Economics, Econometrics and Finance",1.0041520471380063,0.866712270824639,-0.13743977631336735
Statistics,True,2002,Economics and Econometrics,"Economics, Econometrics and Finance",4.859490927307361,4.988918135781334,0.12942720847397293
Statistics,True,2003,Finance,"Economics, Econometrics and Finance",2.7761449691651667,2.716520274448568,-0.059624694716598814
Statistics,True,2100,General Energy,Energy,0.0008837366202275698,0.0010900856174776523,0.0002063489972500825
Statistics,True,2102,Energy Engineering and Power Technology,Energy,0.0007069892961820558,0.003579787336408093,0.002872798040226037
Statistics,True,2103,Fuel Technology,Energy,0.0035601960986310667,0.0014938210313582643,-0.0020663750672728024
Statistics,True,2104,Nuclear Energy and Engineering,Energy,5.049923544157542e-05,0.00014803631842289104,9.753708298131562e-05
Statistics,True,2105,"Renewable Energy, Sustainability and the Environment",Energy,0.04007114332289009,0.04368417178188221,0.0036130284589921194
Statistics,True,2200,General Engineering,Engineering,0.0007069892961820558,0.0007401815921144553,3.319229593239949e-05
Statistics,True,2202,Aerospace Engineering,Engineering,0.2276253037529012,0.24631897600856134,0.018693672255660154
Statistics,True,2203,Automotive Engineering,Engineering,0.3579385808098865,0.3894835537706263,0.031544972960739825
Statistics,True,2204,Biomedical Engineering,Engineering,0.3833901954724406,0.3993077821750545,0.01591758670261395
Statistics,True,2205,Civil and Structural Engineering,Engineering,0.2407551049677108,0.28243983770374675,0.041684732736035957
Statistics,True,2206,Computational Mechanics,Engineering,0.8309144199556818,1.072724994680786,0.24181057472510414
Statistics,True,2207,Control and Systems Engineering,Engineering,2.625556249078389,2.833482423849781,0.20792617477139208
Statistics,True,2208,Electrical and Electronic Engineering,Engineering,0.5314539537871397,0.5432663729177514,0.011812419130611707
Statistics,True,2209,Industrial and Manufacturing Engineering,Engineering,0.3767495460118734,0.30652938406528996,-0.07022016194658343
Statistics,True,2210,Mechanical Engineering,Engineering,0.23863413707916462,0.2349874687256455,-0.0036466683535191224
Statistics,True,2211,Mechanics of Materials,Engineering,0.20136570132328196,0.2405455595900686,0.03917985826678663
Statistics,True,2212,Ocean Engineering,Engineering,0.19010437181981066,0.21048072910309235,0.020376357283281687
Statistics,True,2213,"Safety, Risk, Reliability and Quality",Engineering,1.0922984626012762,1.4534744056644617,0.36117594306318557
Statistics,True,2214,Media Technology,Engineering,0.15576489171953936,0.16279957672379208,0.007034685004252722
Statistics,True,2215,Building and Construction,Engineering,0.08534370789626244,0.10082619069311816,0.015482482796855712
Statistics,True,2216,Architecture,Engineering,0.01573051184005074,0.012959906785567644,-0.0027706050544830958
Statistics,True,2302,Ecological Modeling,Environmental Science,0.10897735008291974,0.14270701095966698,0.03372966087674724
Statistics,True,2303,Ecology,Environmental Science,0.4748948100925752,0.3156134308776037,-0.15928137921497154
Statistics,True,2304,Environmental Chemistry,Environmental Science,0.04214161197599468,0.03473470344086198,-0.007406908535132706
Statistics,True,2305,Environmental Engineering,Environmental Science,0.6517936318444139,0.6156561326265452,-0.036137499217868685
Statistics,True,2306,Global and Planetary Change,Environmental Science,0.5488256907790416,0.7403027127386194,0.19147702195957772
Statistics,True,2307,"Health, Toxicology and Mutagenesis",Environmental Science,0.22752430528201803,0.24090892146256113,0.013384616180543096
Statistics,True,2308,"Management, Monitoring, Policy and Law",Environmental Science,0.11965793837881294,0.17130493610954364,0.0516469977307307
Statistics,True,2309,Nature and Landscape Conservation,Environmental Science,0.3072878476619864,0.22462492643604312,-0.08266292122594329
Statistics,True,2310,Pollution,Environmental Science,0.03870766396596756,0.04377837671178769,0.005070712745820133
Statistics,True,2311,Industrial and Manufacturing Engineering,Environmental Science,0.05847811464134432,0.04982095007286751,-0.00865716456847681
Statistics,True,2312,Water Science and Technology,Environmental Science,0.1428118378287753,0.131294756593975,-0.011517081234800303
Statistics,True,2402,Applied Microbiology and Biotechnology,Immunology and Microbiology,0.005933660164385112,0.010308710901084959,0.004375050736699847
Statistics,True,2403,Immunology,Immunology and Microbiology,0.24100760114491868,0.32601634670859414,0.08500874556367546
Statistics,True,2404,Microbiology,Immunology and Microbiology,0.03620795181160957,0.020832747356239578,-0.015375204455369995
Statistics,True,2405,Parasitology,Immunology and Microbiology,0.026360600900502365,0.01687614030020958,-0.009484460600292784
Statistics,True,2406,Virology,Immunology and Microbiology,0.11602199342701952,0.07672318648444562,-0.0392988069425739
Statistics,True,2500,General Materials Science,Materials Science,0.002398713683474832,0.002341665400507549,-5.704828296728293e-05
Statistics,True,2502,Biomaterials,Materials Science,0.011337078356633681,0.013861582543234344,0.0025245041866006623
Statistics,True,2503,Ceramics and Composites,Materials Science,0.003206701450540039,0.003970064903159351,0.0007633634526193118
Statistics,True,2504,"Electronic, Optical and Magnetic Materials",Materials Science,0.031663020621867786,0.0737624601159878,0.04209943949412002
Statistics,True,2505,Materials Chemistry,Materials Science,0.28229072611840655,0.30957085751652386,0.027280131398117302
Statistics,True,2506,Metals and Alloys,Materials Science,0.0006817396784612682,0.0011708327002537746,0.0004890930217925064
Statistics,True,2507,Polymers and Plastics,Materials Science,0.02037644150067568,0.01667427259326927,-0.003702168907406409
Statistics,True,2508,"Surfaces, Coatings and Films",Materials Science,0.009342358556691452,0.010053011805627237,0.0007106532489357855
Statistics,True,2702,Anatomy,Medicine,0.009519105880736966,0.004885198507955405,-0.004633907372781561
Statistics,True,2703,Anesthesiology and Pain Medicine,Medicine,0.03630895028249272,0.030993421938901644,-0.005315528343591079
Statistics,True,2704,Biochemistry,Medicine,0.022850904037312877,0.01676847752317475,-0.006082426514138126
Statistics,True,2705,Cardiology and Cardiovascular Medicine,Medicine,0.5930125217904201,0.5836399143058126,-0.009372607484607443
Statistics,True,2706,Critical Care and Intensive Care Medicine,Medicine,0.03272350456614087,0.04504341434194694,0.012319909775806069
Statistics,True,2707,Complementary and alternative medicine,Medicine,0.041459872297533416,0.041086807285916946,-0.0003730650116164705
Statistics,True,2708,Dermatology,Medicine,0.031637771004147,0.0322853752633196,0.0006476042591726031
Statistics,True,2711,Emergency Medicine,Medicine,0.11953169029020899,0.14324532484484112,0.02371363455463213
Statistics,True,2712,"Endocrinology, Diabetes and Metabolism",Medicine,0.3362491591877299,0.3556908996288191,0.019441740441089206
Statistics,True,2713,Epidemiology,Medicine,0.9617074397493621,0.9939427575855493,0.03223531783618716
Statistics,True,2714,Family Practice,Medicine,0.10423042195141165,0.10217197540605352,-0.002058446545358125
Statistics,True,2715,Gastroenterology,Medicine,0.02719383828528836,0.028288394665901544,0.0010945563806131833
Statistics,True,2716,Genetics,Medicine,0.09466081683523311,0.12565591864677578,0.030995101811542664
Statistics,True,2717,Geriatrics and Gerontology,Medicine,0.10034198082241035,0.10425794171110335,0.003915960888693004
Statistics,True,2718,Health Informatics,Medicine,0.002221966359429318,0.02412991990293124,0.02190795354350192
Statistics,True,2720,Hematology,Medicine,0.15202794829686278,0.1782626430754195,0.026234694778556722
Statistics,True,2721,Hepatology,Medicine,0.09503956110104493,0.11089266034587475,0.01585309924482982
Statistics,True,2723,Immunology and Allergy,Medicine,0.022194413976572396,0.01800659945907529,-0.004187814517497106
Statistics,True,2724,Internal Medicine,Medicine,0.053150445302258126,0.053602605116215916,0.00045215981395779065
Statistics,True,2725,Infectious Diseases,Medicine,0.2840834489765825,0.32411879026335527,0.040035341286772774
Statistics,True,2726,Microbiology,Medicine,0.0003029954126494525,0.00026915694258707463,-3.383847006237787e-05
Statistics,True,2727,Nephrology,Medicine,0.07324914100800513,0.08913132153770975,0.015882180529704623
Statistics,True,2728,Neurology,Medicine,0.12276364135846982,0.1349014596246418,0.012137818266171996
Statistics,True,2729,Obstetrics and Gynecology,Medicine,0.055246163573083505,0.062188711584743595,0.006942548011660089
Statistics,True,2730,Oncology,Medicine,0.8869685712958306,1.0229578759964357,0.1359893047006051
Statistics,True,2731,Ophthalmology,Medicine,0.05034773773525069,0.04214997720913589,-0.008197760526114803
Statistics,True,2732,Orthopedics and Sports Medicine,Medicine,0.08683343534178893,0.08750292203505797,0.0006694866932690363
Statistics,True,2733,Otorhinolaryngology,Medicine,0.021058181179136947,0.024425992539777022,0.003367811360640075
Statistics,True,2734,Pathology and Forensic Medicine,Medicine,0.29837473260654834,0.32375542839086274,0.0253806957843144
Statistics,True,2735,"Pediatrics, Perinatology and Child Health",Medicine,0.6097530183393023,0.6537283821554869,0.04397536381618461
Statistics,True,2736,Pharmacology,Medicine,0.33513817600801526,0.2793983642525128,-0.055739811755502466
Statistics,True,2737,Physiology,Medicine,0.49070107078578834,0.5576124379576425,0.06691136717185414
Statistics,True,2738,Psychiatry and Mental health,Medicine,0.8251575071153422,0.7267641185264896,-0.0983933885888526
Statistics,True,2739,"Public Health, Environmental and Occupational Health",Medicine,0.8297024383050842,0.9717238519749862,0.14202141366990206
Statistics,True,2740,Pulmonary and Respiratory Medicine,Medicine,0.9060320326750254,0.928308837135691,0.0222768044606656
Statistics,True,2741,"Radiology, Nuclear Medicine and Imaging",Medicine,0.5321356934656009,0.6246863480503415,0.09255065458474065
Statistics,True,2742,Rehabilitation,Medicine,0.02555261313343716,0.026754200093155215,0.001201586959718056
Statistics,True,2743,Reproductive Medicine,Medicine,0.07317339215484278,0.062188711584743595,-0.010984680570099187
Statistics,True,2745,Rheumatology,Medicine,0.2639090044176731,0.23707343503069533,-0.026835569386977787
Statistics,True,2746,Surgery,Medicine,0.6275034995970161,0.629840703500884,0.002337203903867824
Statistics,True,2747,Transplantation,Medicine,0.027724080257424902,0.03457320927530974,0.006849129017884838
Statistics,True,2748,Urology,Medicine,0.042192111211436255,0.02116919353447342,-0.021022917676962835
Statistics,True,2802,Behavioral Neuroscience,Neuroscience,0.02850681840676932,0.027131019812777123,-0.0013757985939921967
Statistics,True,2803,Biological Psychiatry,Neuroscience,0.015882009546375468,0.01706455016002053,0.0011825406136450611
Statistics,True,2804,Cellular and Molecular Neuroscience,Neuroscience,0.21999991920122328,0.16670235239130468,-0.053297566809918595
Statistics,True,2805,Cognitive Neuroscience,Neuroscience,4.262438466681615,3.4615870650709786,-0.8008514016106361
Statistics,True,2806,Developmental Neuroscience,Neuroscience,0.06463902136521653,0.04079073464907116,-0.02384828671614537
Statistics,True,2807,Endocrine and Autonomic Systems,Neuroscience,0.035930206016680906,0.030522397289374264,-0.005407808727306642
Statistics,True,2808,Neurology,Neuroscience,0.09723627784275346,0.07871494785958998,-0.018521329983163484
Statistics,True,2809,Sensory Systems,Neuroscience,0.06261905194755352,0.04660452460895197,-0.01601452733860155
Statistics,True,2910,"Issues, ethics and legal aspects",Nursing,0.006691148696008743,0.007590225780955504,0.0008990770849467613
Statistics,True,2911,Leadership and Management,Nursing,0.0011362327974354467,0.0011708327002537746,3.459990281832787e-05
Statistics,True,2916,Nutrition and Dietetics,Nursing,0.10556865169061341,0.1071244631496557,0.0015558114590422806
Statistics,True,2922,Research and Theory,Nursing,0.0014392282100848992,0.001951387833756291,0.0005121596236713918
Statistics,True,3002,Drug Discovery,"Pharmacology, Toxicology and Pharmaceutics",0.0,2.6915694258707465e-05,2.6915694258707465e-05
Statistics,True,3003,Pharmaceutical Science,"Pharmacology, Toxicology and Pharmaceutics",0.03946515249759119,0.041019518050270175,0.001554365552678988
Statistics,True,3004,Pharmacology,"Pharmacology, Toxicology and Pharmaceutics",0.4692641453408395,0.39605098316975096,-0.07321316217108853
Statistics,True,3005,Toxicology,"Pharmacology, Toxicology and Pharmaceutics",0.10218520291602785,0.10662652280586961,0.004441319889841755
Statistics,True,3102,Acoustics and Ultrasonics,Physics and Astronomy,0.0074738868453531615,0.0082900338316819,0.0008161469863287377
Statistics,True,3103,Astronomy and Astrophysics,Physics and Astronomy,0.18687242075154983,0.2642582862319899,0.07738586548044005
Statistics,True,3104,Condensed Matter Physics,Physics and Astronomy,1.1882217603225487,1.0185706178322664,-0.16965114249028224
Statistics,True,3105,Instrumentation,Physics and Astronomy,0.045222065337930786,0.07002117861402747,0.024799113276096685
Statistics,True,3106,Nuclear and High Energy Physics,Physics and Astronomy,0.24476979418531605,0.23673698885246147,-0.008032805332854581
Statistics,True,3107,"Atomic and Molecular Physics, and Optics",Physics and Astronomy,0.6452034816192883,0.5648393018661054,-0.08036417975318288
Statistics,True,3108,Radiation,Physics and Astronomy,0.10513940818936002,0.0984576095983519,-0.00668179859100812
Statistics,True,3109,Statistical and Nonlinear Physics,Physics and Astronomy,1.6038304680067146,1.574998765242526,-0.02883170276418867
Statistics,True,3200,General Psychology,Psychology,0.0449948187784437,0.027938490640538344,-0.017056328137905353
Statistics,True,3202,Applied Psychology,Psychology,0.22709506178076466,0.25525498650245226,0.0281599247216876
Statistics,True,3203,Clinical Psychology,Psychology,0.7007021413695796,0.6705910646085671,-0.030111076761012545
Statistics,True,3204,Developmental and Educational Psychology,Psychology,6.374947733291318,5.4951888869404915,-0.8797588463508266
Statistics,True,3205,Experimental and Cognitive Psychology,Psychology,2.1080653338908446,2.1431486975024523,0.03508336361160769
Statistics,True,3206,Neuropsychology and Physiological Psychology,Psychology,0.041863866181066016,0.03177397707240416,-0.010089889108661855
Statistics,True,3207,Social Psychology,Psychology,0.9504461102458908,0.8920803126634708,-0.05836579758242
Statistics,True,3300,General Social Sciences,Social Sciences,0.01666474769571989,0.021371061241413726,0.0047063135456938375
Statistics,True,3302,Archeology,Social Sciences,0.001464477827805687,0.0011977483945124821,-0.00026672943329320476
Statistics,True,3303,Development,Social Sciences,0.017346487374181156,0.016055211625319,-0.0012912757488621543
Statistics,True,3304,Education,Social Sciences,5.0390914581553234,5.572329266685947,0.5332378085306235
Statistics,True,3305,"Geography, Planning and Development",Social Sciences,0.04514631648476842,0.0530239176896537,0.00787760120488528
Statistics,True,3306,Health,Social Sciences,0.23825539281335278,0.28542747976646327,0.04717208695311048
Statistics,True,3307,Human Factors and Ergonomics,Social Sciences,0.061331321443793343,0.0494172146589869,-0.011914106784806443
Statistics,True,3308,Law,Social Sciences,0.04347984171519643,0.03314667747959824,-0.010333164235598186
Statistics,True,3309,Library and Information Sciences,Social Sciences,0.00792837996432734,0.006580887246253974,-0.0013474927180733651
Statistics,True,3310,Linguistics and Language,Social Sciences,0.07537010889655131,0.06792175446184828,-0.007448354434703028
Statistics,True,3311,Safety Research,Social Sciences,0.3808147344649202,0.4147170171381646,0.03390228267324441
Statistics,True,3312,Sociology and Political Science,Social Sciences,1.33540178201702,1.4943728030905676,0.15897102107354755
Statistics,True,3313,Transportation,Social Sciences,0.12147591085470966,0.1480228605757617,0.026546949721052038
Statistics,True,3314,Anthropology,Social Sciences,0.030627786295315488,0.02200358005649335,-0.008624206238822138
Statistics,True,3315,Communication,Social Sciences,0.06827496631700997,0.06773334460203734,-0.0005416217149726288
Statistics,True,3316,Cultural Studies,Social Sciences,0.06660849154743798,0.05298354414826564,-0.013624947399172332
Statistics,True,3317,Demography,Social Sciences,0.5647329499431378,0.5599944768995381,-0.004738473043599756
Statistics,True,3318,Gender Studies,Social Sciences,0.24969346964086964,0.23529699920962063,-0.014396470431249003
Statistics,True,3319,Life-span and Life-course Studies,Social Sciences,0.0005302419721365418,0.0009689649933134687,0.0004387230211769269
Statistics,True,3320,Political Science and International Relations,Social Sciences,0.2642877486834849,0.2821706807611597,0.017882932077674774
Statistics,True,3321,Public Administration,Social Sciences,0.028431069553606955,0.022084327139269472,-0.006346742414337483
Statistics,True,3322,Urban Studies,Social Sciences,0.01333179815657591,0.013955787473139818,0.0006239893165639072
Statistics,True,3402,Equine,Veterinary,0.002575461007520346,0.002449328177542379,-0.00012613282997796715
Statistics,True,3404,Small Animals,Veterinary,0.10450816774634034,0.07891681556653028,-0.025591352179810054
Statistics,True,3500,General Dentistry,Dentistry,0.001641225151851201,0.0015207367256169716,-0.00012048842623422931
Statistics,True,3504,Oral Surgery,Dentistry,0.0164375011362328,0.008895636952502816,-0.007541864183729983
Statistics,True,3505,Orthodontics,Dentistry,0.007549635698515525,0.004521836635462854,-0.003027799063052671
Statistics,True,3506,Periodontics,Dentistry,0.020906683472812222,0.0178585631406524,-0.003048120332159822
Statistics,True,3600,General Health Professions,Health Professions,0.9899112627434821,1.000066078029405,0.010154815285922991
Statistics,True,3603,Complementary and Manual Therapy,Health Professions,0.003913690746722095,0.002799232202905576,-0.0011144585438165188
Statistics,True,3604,Emergency Medical Services,Health Professions,0.06789622205119815,0.07553889593706249,0.007642673885864343
Statistics,True,3605,Health Information Management,Health Professions,0.12372312683185976,0.15152190082939365,0.027798773997533888
Statistics,True,3607,Medical Laboratory Technology,Health Professions,0.08534370789626244,0.09621014912774982,0.010866441231487375
Statistics,True,3608,Medical Terminology,Health Professions,0.0019189709467798655,0.0009151336047960537,-0.001003837341983812
Statistics,True,3609,Occupational Therapy,Health Professions,0.04825201946442531,0.04069652971916568,-0.00755548974525963
Statistics,True,3611,Pharmacy,Health Professions,0.04966599805678942,0.04315931574383742,-0.006506682312952004
Statistics,True,3612,"Physical Therapy, Sports Therapy and Rehabilitation",Health Professions,0.025779859692924248,0.0348154505236381,0.009035590830713855
Statistics,True,3614,Radiological and Ultrasound Technology,Health Professions,0.04650979584169096,0.04482808878787728,-0.0016817070538136802
Statistics,True,3616,Speech and Hearing,Health Professions,0.07597609972185021,0.06774680244916668,-0.008229297272683525
Statistics,False,1100,General Agricultural and Biological Sciences,Agricultural and Biological Sciences,0.15667298625575748,0.11155331544471359,-0.0451196708110439
Statistics,False,1102,Agronomy and Crop Science,Agricultural and Biological Sciences,0.055786823391861896,0.04386598544221289,-0.011920837949649009
Statistics,False,1103,Animal Science and Zoology,Agricultural and Biological Sciences,0.10489396933383117,0.0563327742834102,-0.048561195050420974
Statistics,False,1104,Aquatic Science,Agricultural and Biological Sciences,0.01969353179192482,0.011464556797101056,-0.008228974994823765
Statistics,False,1105,"Ecology, Evolution, Behavior and Systematics",Agricultural and Biological Sciences,0.18191756034224824,0.14174250018761295,-0.04017506015463529
Statistics,False,1106,Food Science,Agricultural and Biological Sciences,0.5433111437519564,0.404425074476841,-0.13888606927511543
Statistics,False,1107,Forestry,Agricultural and Biological Sciences,0.01540932487578679,0.013407909175287695,-0.0020014157004990957
Statistics,False,1108,Horticulture,Agricultural and Biological Sciences,0.00025336707568558253,0.000293336208028172,3.9969132342589466e-05
Statistics,False,1109,Insect Science,Agricultural and Biological Sciences,0.03894942954402909,0.02352800835225963,-0.015421421191769463
Statistics,False,1110,Plant Science,Agricultural and Biological Sciences,0.328893497610403,0.23316561835639324,-0.09572787925400975
Statistics,False,1111,Soil Science,Agricultural and Biological Sciences,0.06861641076975912,0.06767510766049951,-0.0009413031092596058
Statistics,False,1200,General Arts and Humanities,Arts and Humanities,0.0010595350437760723,0.0005255607060504748,-0.0005339743377255975
Statistics,False,1202,History,Arts and Humanities,0.030703482898989228,0.021853547498098813,-0.008849935400890414
Statistics,False,1203,Language and Linguistics,Arts and Humanities,0.1731648795458372,0.15067703219047102,-0.022487847355366186
Statistics,False,1204,Archeology,Arts and Humanities,0.01600819250922544,0.012173452633169138,-0.0038347398760563024
Statistics,False,1205,Classics,Arts and Humanities,0.001174701896360428,0.0008433415980809945,-0.00033136029827943343
Statistics,False,1206,Conservation,Arts and Humanities,0.0052285751073297485,0.004375598436420232,-0.0008529766709095164
Statistics,False,1207,History and Philosophy of Science,Arts and Humanities,0.20237119336122983,0.1779695218790922,-0.02440167148213762
Statistics,False,1208,Literature and Literary Theory,Arts and Humanities,0.07640169000446156,0.07134181026085167,-0.005059879743609899
Statistics,False,1209,Museology,Arts and Humanities,0.003132538390294475,0.007125625386684345,0.00399308699638987
Statistics,False,1210,Music,Arts and Humanities,0.061130565351776,0.04373153968019997,-0.01739902567157603
Statistics,False,1211,Philosophy,Arts and Humanities,0.17007840789657647,0.15252260583264826,-0.017555802063928205
Statistics,False,1212,Religious studies,Arts and Humanities,0.002879171314608892,0.0017600172481690322,-0.00111915406643986
Statistics,False,1213,Visual Arts and Performing Arts,Arts and Humanities,0.018864330453317462,0.017331280957664497,-0.0015330494956529647
Statistics,False,1302,Aging,"Biochemistry, Genetics and Molecular Biology",0.00831504675659048,0.007675630776737169,-0.0006394159798533122
Statistics,False,1303,Biochemistry,"Biochemistry, Genetics and Molecular Biology",0.048185811121294414,0.030959192288973324,-0.01722661883232109
Statistics,False,1304,Biophysics,"Biochemistry, Genetics and Molecular Biology",0.07842862660994623,0.07536296077923786,-0.0030656658307083723
Statistics,False,1305,Biotechnology,"Biochemistry, Genetics and Molecular Biology",0.014303723090976977,0.012809014417230178,-0.0014947086737467988
Statistics,False,1306,Cancer Research,"Biochemistry, Genetics and Molecular Biology",0.41370236785352243,0.497583765209788,0.08388139735626554
Statistics,False,1307,Cell Biology,"Biochemistry, Genetics and Molecular Biology",0.05620142406116557,0.05379052714716605,-0.0024108969139995245
Statistics,False,1308,Clinical Biochemistry,"Biochemistry, Genetics and Molecular Biology",0.030611349416921743,0.02863694730875029,-0.0019744021081714545
Statistics,False,1309,Developmental Biology,"Biochemistry, Genetics and Molecular Biology",0.038074161464387996,0.023735788166279585,-0.014338373298108411
Statistics,False,1310,Endocrinology,"Biochemistry, Genetics and Molecular Biology",0.010042549545355816,0.008628973452828726,-0.0014135760925270899
Statistics,False,1311,Genetics,"Biochemistry, Genetics and Molecular Biology",1.1541791632298959,1.0271900664626514,-0.12698909676724446
Statistics,False,1312,Molecular Biology,"Biochemistry, Genetics and Molecular Biology",1.6611436483062296,1.8052643582573777,0.14412070995114812
Statistics,False,1313,Molecular Medicine,"Biochemistry, Genetics and Molecular Biology",0.00870661405537729,0.009948986388955501,0.0012423723335782122
Statistics,False,1314,Physiology,"Biochemistry, Genetics and Molecular Biology",0.006334176892139563,0.0037767036783627147,-0.0025574732137768484
Statistics,False,1315,Structural Biology,"Biochemistry, Genetics and Molecular Biology",0.0016584026772147218,0.003373366392323978,0.0017149637151092562
Statistics,False,1402,Accounting,"Business, Management and Accounting",0.22849103552736166,0.27623715156852985,0.047746116041168185
Statistics,False,1403,Business and International Management,"Business, Management and Accounting",0.001980869864450918,0.0034955898123357164,0.0015147199478847983
Statistics,False,1404,Management Information Systems,"Business, Management and Accounting",0.5949749938212984,0.46282342455844955,-0.13215156926284882
Statistics,False,1405,Management of Technology and Innovation,"Business, Management and Accounting",0.12124766240080966,0.13197684892867503,0.010729186527865378
Statistics,False,1406,Marketing,"Business, Management and Accounting",0.1911309085489967,0.17975398381126356,-0.011376924737733135
Statistics,False,1407,Organizational Behavior and Human Resource Management,"Business, Management and Accounting",0.15932182386519766,0.17009833363033625,0.010776509765138581
Statistics,False,1408,Strategy and Management,"Business, Management and Accounting",0.22586523128843836,0.2874450391836062,0.06157980789516784
Statistics,False,1409,"Tourism, Leisure and Hospitality Management","Business, Management and Accounting",0.01577785880405673,0.013481243227294739,-0.0022966155767619907
Statistics,False,1410,Industrial relations,"Business, Management and Accounting",0.00041460066930368045,8.555639400821685e-05,-0.00032904427529546363
Statistics,False,1502,Bioengineering,Chemical Engineering,0.008038646310388028,0.0042044856484037985,-0.0038341606619842292
Statistics,False,1503,Catalysis,Chemical Engineering,0.0033168053544294436,0.0038622600723709315,0.0005454547179414878
Statistics,False,1504,Chemical Health and Safety,Chemical Engineering,0.008107746421938641,0.004253375016408494,-0.0038543714055301473
Statistics,False,1506,Filtration and Separation,Chemical Engineering,0.002510637386338954,0.0014789033821420339,-0.00103173400419692
Statistics,False,1507,Fluid Flow and Transfer Processes,Chemical Engineering,0.015869992286124214,0.013310130439278306,-0.0025598618468459077
Statistics,False,1508,Process Chemistry and Technology,Chemical Engineering,0.0020499699760015313,0.0014300140141373385,-0.0006199559618641928
Statistics,False,1602,Analytical Chemistry,Chemistry,0.6491034145359456,0.4737013089394943,-0.17540210559645125
Statistics,False,1603,Electrochemistry,Chemistry,0.01335935489978526,0.009472315050909721,-0.0038870398488755394
Statistics,False,1604,Inorganic Chemistry,Chemistry,0.00808471305142177,0.013151239993263043,0.005066526941841273
Statistics,False,1605,Organic Chemistry,Chemistry,0.059771596491280596,0.05632055194140903,-0.0034510445498715653
Statistics,False,1606,Physical and Theoretical Chemistry,Chemistry,0.07587192248257353,0.05424275380120948,-0.021629168681364053
Statistics,False,1607,Spectroscopy,Chemistry,0.25937878539048587,0.19274633335851138,-0.06663245203197449
Statistics,False,1702,Artificial Intelligence,Computer Science,8.21588809651535,7.974051479037827,-0.2418366174775226
Statistics,False,1703,Computational Theory and Mathematics,Computer Science,2.7459462995393094,2.7177966344070175,-0.02814966513229189
Statistics,False,1704,Computer Graphics and Computer-Aided Design,Computer Science,0.09261718284833885,0.07956744642764166,-0.013049736420697192
Statistics,False,1705,Computer Networks and Communications,Computer Science,1.1057860517739497,1.0084287714908495,-0.0973572802831002
Statistics,False,1706,Computer Science Applications,Computer Science,0.12053362791478667,0.17055056028437968,0.05001693236959301
Statistics,False,1707,Computer Vision and Pattern Recognition,Computer Science,1.0804263108348744,1.0900251266906862,0.009598815855811793
Statistics,False,1708,Hardware and Architecture,Computer Science,0.06882371110441096,0.049989378784800975,-0.018834332319609987
Statistics,False,1709,Human-Computer Interaction,Computer Science,0.06168336624418091,0.0657195329403117,0.004036166696130793
Statistics,False,1710,Information Systems,Computer Science,0.6027602730560009,0.6690632234862568,0.06630295043025591
Statistics,False,1711,Signal Processing,Computer Science,0.8015382606165987,0.7690542033978599,-0.032484057218738815
Statistics,False,1712,Software,Computer Science,0.4074372910729335,0.3912860568255791,-0.01615123424735443
Statistics,False,1800,General Decision Sciences,Decision Sciences,0.28964463424965453,0.289962841635848,0.0003182073861934809
Statistics,False,1802,Information Systems and Management,Decision Sciences,0.13937492499758725,0.1886518487881181,0.04927692379053086
Statistics,False,1803,Management Science and Operations Research,Decision Sciences,7.090132112503274,7.142418884593958,0.05228677209068433
Statistics,False,1804,"Statistics, Probability and Uncertainty",Decision Sciences,4.542825600301461,5.21365998275672,0.6708343824552596
Statistics,False,1902,Atmospheric Science,Earth and Planetary Sciences,0.1337547825914707,0.1441503015618442,0.010395518970373496
Statistics,False,1904,Earth-Surface Processes,Earth and Planetary Sciences,0.016468859919562862,0.011770115347130402,-0.00469874457243246
Statistics,False,1906,Geochemistry and Petrology,Earth and Planetary Sciences,0.011885219186705508,0.008347859586801728,-0.0035373595999037798
Statistics,False,1907,Geology,Earth and Planetary Sciences,0.007831345975736186,0.005744500740551702,-0.0020868452351844842
Statistics,False,1908,Geophysics,Earth and Planetary Sciences,0.05663905810098613,0.051284947036925405,-0.005354111064060724
Statistics,False,1910,Oceanography,Earth and Planetary Sciences,0.0734994853193358,0.06586620104432579,-0.007633284275010005
Statistics,False,1911,Paleontology,Earth and Planetary Sciences,0.02349403792720856,0.01785684166371497,-0.005637196263493589
Statistics,False,1912,Space and Planetary Science,Earth and Planetary Sciences,0.0005067341513711651,0.000513338364049301,6.60421267813596e-06
Statistics,False,2000,"General Economics, Econometrics and Finance","Economics, Econometrics and Finance",0.9160141120854483,0.7871432695595972,-0.12887084252585101
Statistics,False,2002,Economics and Econometrics,"Economics, Econometrics and Finance",4.432956422935986,4.530907736229149,0.09795131329316309
Statistics,False,2003,Finance,"Economics, Econometrics and Finance",2.532473021588948,2.467128622304943,-0.06534439928400504
Statistics,False,2100,General Energy,Energy,0.0008061679680904897,0.0009900097020950805,0.00018384173400459074
Statistics,False,2102,Energy Engineering and Power Technology,Energy,0.0006449343744723919,0.0032511429723122397,0.0026062085978398476
Statistics,False,2103,Fuel Technology,Energy,0.00324770524287883,0.0013566799621302955,-0.0018910252807485344
Statistics,False,2104,Nuclear Energy and Engineering,Energy,4.606674103374228e-05,0.00013444576201291218,8.83790209791699e-05
Statistics,False,2105,"Renewable Energy, Sustainability and the Environment",Energy,0.036553959010274494,0.03967372213581026,0.003119763125535767
Statistics,False,2200,General Engineering,Engineering,0.0006449343744723919,0.0006722288100645609,2.729443559216897e-05
Statistics,False,2202,Aerospace Engineering,Engineering,0.2076458352095933,0.2237055256474847,0.016059690437891405
Statistics,False,2203,Automotive Engineering,Engineering,0.3265210604471653,0.3537267998559719,0.027205739408806606
Statistics,False,2204,Biomedical Engineering,Engineering,0.34973869792817136,0.3626491095168288,0.012910411588657467
Statistics,False,2205,Civil and Structural Engineering,Engineering,0.2196231878783663,0.25651029157863525,0.03688710370026896
Statistics,False,2206,Computational Mechanics,Engineering,0.7579821569691954,0.9742428809135663,0.2162607239443709
Statistics,False,2207,Control and Systems Engineering,Engineering,2.3951019998263283,2.573352996637145,0.1782509968108168
Statistics,False,2208,Electrical and Electronic Engineering,Engineering,0.4848063826391037,0.4933915019033853,0.008585119264281627
Statistics,False,2209,Industrial and Manufacturing Engineering,Engineering,0.3436809214822342,0.27838828376073643,-0.06529263772149779
Statistics,False,2210,Mechanical Engineering,Engineering,0.21768838475494912,0.2134143136824963,-0.004274071072452812
Statistics,False,2211,Mechanics of Materials,Engineering,0.1836911298720473,0.2184621409289811,0.03477101105693381
Statistics,False,2212,Ocean Engineering,Engineering,0.1734182466215228,0.19115742889835877,0.017739182276835963
Statistics,False,2213,"Safety, Risk, Reliability and Quality",Engineering,0.9964236085598455,1.3200373808107764,0.3236137722509309
Statistics,False,2214,Media Technology,Engineering,0.14209286271857804,0.14785367118819986,0.00576080846962182
Statistics,False,2215,Building and Construction,Engineering,0.07785279234702445,0.09156978627279436,0.013716993925769902
Statistics,False,2216,Architecture,Engineering,0.014349789832010719,0.011770115347130402,-0.002579674484880317
Statistics,False,2302,Ecological Modeling,Environmental Science,0.09941202715081582,0.12960571458044734,0.03019368742963152
Statistics,False,2303,Ecology,Environmental Science,0.4332116326813124,0.28663836461152875,-0.14657326806978366
Statistics,False,2304,Environmental Chemistry,Environmental Science,0.038442695392657926,0.031545864705029666,-0.0068968306876282595
Statistics,False,2305,Environmental Engineering,Environmental Science,0.5945834265225116,0.5591354795276994,-0.03544794699481224
Statistics,False,2306,Global and Planetary Change,Environmental Science,0.500653341554711,0.6723388111425714,0.17168546958786046
Statistics,False,2307,"Health, Toxicology and Mutagenesis",Environmental Science,0.20755370172752582,0.21879214416301282,0.011238442435486995
Statistics,False,2308,"Management, Monitoring, Policy and Law",Environmental Science,0.10915514287945231,0.15557819133294173,0.04642304845348942
Statistics,False,2309,Nature and Landscape Conservation,Environmental Science,0.28031611919032173,0.20400311034159246,-0.07631300884872927
Statistics,False,2310,Pollution,Environmental Science,0.03531015700236346,0.03975927852981848,0.004449121527455024
Statistics,False,2311,Industrial and Manufacturing Engineering,Environmental Science,0.05334528611707355,0.04524711008834553,-0.008098176028728019
Statistics,False,2312,Water Science and Technology,Environmental Science,0.13027674364342315,0.11924116856345192,-0.01103557507997123
Statistics,False,2402,Applied Microbiology and Biotechnology,Immunology and Microbiology,0.005412842071464718,0.009362313972899158,0.00394947190143444
Statistics,False,2403,Immunology,Immunology and Microbiology,0.21985352158353502,0.2960862349784361,0.07623271339490109
Statistics,False,2404,Microbiology,Immunology and Microbiology,0.03302985332119321,0.018920185417817093,-0.014109667903376116
Statistics,False,2405,Parasitology,Immunology and Microbiology,0.02404683881961347,0.015326816869471986,-0.008720021950141483
Statistics,False,2406,Virology,Immunology and Microbiology,0.10583833752502289,0.06967957174869203,-0.036158765776330856
Statistics,False,2500,General Materials Science,Materials Science,0.002188170199102758,0.002126687508204247,-6.1482690898511e-05
Statistics,False,2502,Biomaterials,Materials Science,0.010341983362075141,0.01258901226120905,0.002247028899133908
Statistics,False,2503,Ceramics and Composites,Materials Science,0.0029252380556426343,0.0036055908903462807,0.0006803528347036464
Statistics,False,2504,"Electronic, Optical and Magnetic Materials",Materials Science,0.028883846628156407,0.06699065650843378,0.03810680988027737
Statistics,False,2505,Materials Chemistry,Materials Science,0.2575130823786193,0.2811505330530017,0.023637450674382388
Statistics,False,2506,Metals and Alloys,Materials Science,0.0006219010039555207,0.0010633437541021234,0.0004414427501466027
Statistics,False,2507,Polymers and Plastics,Materials Science,0.018587930007115006,0.01514348173945438,-0.0034444482676606256
Statistics,False,2508,"Surfaces, Coatings and Films",Materials Science,0.00852234709124232,0.009130089474876854,0.0006077423836345335
Statistics,False,2602,Algebra and Number Theory,Mathematics,0.34446405607980785,0.3090663621836827,-0.035397693896125126
Statistics,False,2604,Applied Mathematics,Mathematics,2.3798308751736426,2.554762814453359,0.17493193927971662
Statistics,False,2605,Computational Mathematics,Mathematics,0.034941623074093514,0.05242162484303457,0.01748000176894106
Statistics,False,2607,Discrete Mathematics and Combinatorics,Mathematics,0.4848294160096206,0.5486242654066898,0.06379484939706925
Statistics,False,2608,Geometry and Topology,Mathematics,1.000615681993916,1.0082454363608317,0.007629754366915709
Statistics,False,2610,Mathematical Physics,Mathematics,3.1972391280763657,3.0090550442949895,-0.1881840837813762
Statistics,False,2611,Modeling and Simulation,Mathematics,0.33156536859036007,0.5855112935662325,0.2539459249758725
Statistics,False,2612,Numerical Analysis,Mathematics,0.8396815221925374,0.9668605863448574,0.12717906415231994
Statistics,False,2614,Theoretical Computer Science,Mathematics,0.16418186504425747,0.14600809754602262,-0.01817376749823485
Statistics,False,2702,Anatomy,Medicine,0.008683580684860418,0.004436710146426101,-0.004246870538434317
Statistics,False,2703,Anesthesiology and Pain Medicine,Medicine,0.03312198680326069,0.028148053628703342,-0.004973933174557351
Statistics,False,2704,Biochemistry,Medicine,0.02084520031776838,0.015229038133462597,-0.005616162184305782
Statistics,False,2705,Cardiology and Cardiovascular Medicine,Medicine,0.5409617399592355,0.5300585279069068,-0.010903212052328692
Statistics,False,2706,Critical Care and Intensive Care Medicine,Medicine,0.029851248189864996,0.04090817867792882,0.011056930488063825
Statistics,False,2707,Complementary and alternative medicine,Medicine,0.03782079438870241,0.037314810129583716,-0.0005059842591186928
Statistics,False,2708,Dermatology,Medicine,0.028860813257639537,0.029321398460816026,0.000460585203176489
Statistics,False,2711,Emergency Medicine,Medicine,0.10903997602686798,0.1300946082604943,0.021054632233626316
Statistics,False,2712,"Endocrinology, Diabetes and Metabolism",Medicine,0.30673539517317294,0.32303649909102444,0.0163011039178515
Statistics,False,2713,Epidemiology,Medicine,0.8772950162465879,0.9026932908386947,0.02539827459210675
Statistics,False,2714,Family Practice,Medicine,0.09508175349364406,0.09279202047291175,-0.002289733020732307
Statistics,False,2715,Gastroenterology,Medicine,0.024806940046670212,0.0256913628864674,0.0008844228397971859
Statistics,False,2716,Genetics,Medicine,0.0863521060677499,0.11412000726496009,0.02776790119721019
Statistics,False,2717,Geriatrics and Gerontology,Medicine,0.0915346144340459,0.09468648348309369,0.003151869049047795
Statistics,False,2718,Health Informatics,Medicine,0.0020269366054846603,0.021914659208104686,0.019887722602620027
Statistics,False,2720,Hematology,Medicine,0.13868392388208112,0.1618971421475486,0.02321321826546749
Statistics,False,2721,Hepatology,Medicine,0.08669760662550297,0.1007120980896724,0.014014491464169429
Statistics,False,2723,Immunology and Allergy,Medicine,0.02024633268432973,0.016353493597570587,-0.0038928390867591436
Statistics,False,2724,Internal Medicine,Medicine,0.04848524493801375,0.04868158819067538,0.00019634325266163627
Statistics,False,2725,Infectious Diseases,Medicine,0.25914845168531714,0.2943628847562706,0.035214433070953455
Statistics,False,2726,Microbiology,Medicine,0.00027640044620245367,0.00024444684002347666,-3.1953606178977006e-05
Statistics,False,2727,Nephrology,Medicine,0.06681980786944317,0.0809485710737743,0.014128763204331138
Statistics,False,2728,Neurology,Medicine,0.11198824745302746,0.1225167562197665,0.01052850876673904
Statistics,False,2729,Obstetrics and Gynecology,Medicine,0.05039701469091405,0.056479442387424285,0.006082427696510233
Statistics,False,2730,Oncology,Medicine,0.8091162395166493,0.9290446601932255,0.11992842067657616
Statistics,False,2731,Ophthalmology,Medicine,0.045928540810641044,0.038280375147676446,-0.007648165662964598
Statistics,False,2732,Orthopedics and Sports Medicine,Medicine,0.07921176120751984,0.07946966769163227,0.0002579064841124329
Statistics,False,2733,Otorhinolaryngology,Medicine,0.01920983101107053,0.02218355073213051,0.0029737197210599788
Statistics,False,2734,Pathology and Forensic Medicine,Medicine,0.27218533939786627,0.2940328815222389,0.02184754212437262
Statistics,False,2735,"Pediatrics, Perinatology and Child Health",Medicine,0.5562328646119211,0.5937124850490201,0.03747962043709896
Statistics,False,2736,Pharmacology,Medicine,0.3057219268704306,0.25374804228637,-0.0519738845840606
Statistics,False,2737,Physiology,Medicine,0.4476305226248737,0.5064205184766366,0.05878999585176292
Statistics,False,2738,Psychiatry and Mental health,Medicine,0.7527305484913488,0.6600431350893905,-0.0926874134019583
Statistics,False,2739,"Public Health, Environmental and Occupational Health",Medicine,0.7568765551843856,0.8825142041947567,0.1256376490103711
Statistics,False,2740,Pulmonary and Respiratory Medicine,Medicine,0.826506434256887,0.8430849288989699,0.01657849464208294
Statistics,False,2741,"Radiology, Nuclear Medicine and Imaging",Medicine,0.4854282836430592,0.567336671010487,0.08190838736742784
Statistics,False,2742,Rehabilitation,Medicine,0.02330977096307359,0.02429801589833358,0.0009882449352599902
Statistics,False,2743,Reproductive Medicine,Medicine,0.06675070775789256,0.056479442387424285,-0.010271265370468276
Statistics,False,2745,Rheumatology,Medicine,0.24074478864233714,0.21530877669267826,-0.025436011949658888
Statistics,False,2746,Surgery,Medicine,0.5724253240852816,0.5720178279969366,-0.00040749608834500517
Statistics,False,2747,Transplantation,Medicine,0.02529064082752451,0.031399196601015575,0.0061085557734910645
Statistics,False,2748,Urology,Medicine,0.03848876213369167,0.019225743967846442,-0.01926301816584523
Statistics,False,2802,Behavioral Neuroscience,Neuroscience,0.026004675313547516,0.02464024147436645,-0.0013644338391810666
Statistics,False,2803,Biological Psychiatry,Neuroscience,0.014487990055111945,0.015497929657488422,0.0010099396023764765
Statistics,False,2804,Cellular and Molecular Neuroscience,Neuroscience,0.20068975731349822,0.1513981503685403,-0.04929160694495793
Statistics,False,2805,Cognitive Neuroscience,Neuroscience,3.8883093436940506,3.14379414251593,-0.7445152011781206
Statistics,False,2806,Developmental Neuroscience,Neuroscience,0.058965428523190117,0.037045918605557886,-0.02191950991763223
Statistics,False,2807,Endocrine and Autonomic Systems,Neuroscience,0.03277648624550763,0.027720271658662254,-0.005056214586845374
Statistics,False,2808,Neurology,Neuroscience,0.08870150986047075,0.07148847836486576,-0.01721303149560499
Statistics,False,2809,Sensory Systems,Neuroscience,0.057122758881840416,0.04232597035006499,-0.014796788531775427
Statistics,False,2910,"Issues, ethics and legal aspects",Nursing,0.006103843186970851,0.006893400888662042,0.0007895577016911902
Statistics,False,2911,Leadership and Management,Nursing,0.0010365016732592012,0.0010633437541021234,2.6842080842922212e-05
Statistics,False,2916,Nutrition and Dietetics,Nursing,0.09630252213103822,0.0972898423293437,0.000987320198305483
Statistics,False,2922,Research and Theory,Nursing,0.0013129021194616549,0.0017722395901702058,0.0004593374707085509
Statistics,False,3002,Drug Discovery,"Pharmacology, Toxicology and Pharmaceutics",0.0,2.4444684002347666e-05,2.4444684002347666e-05
Statistics,False,3003,Pharmaceutical Science,"Pharmacology, Toxicology and Pharmaceutics",0.03600115811786959,0.037253698419577846,0.001252540301708259
Statistics,False,3004,Pharmacology,"Pharmacology, Toxicology and Pharmaceutics",0.42807519105605013,0.35969130275254474,-0.06838388830350539
Statistics,False,3005,Toxicology,"Pharmacology, Toxicology and Pharmaceutics",0.0932160504817775,0.09683761567530029,0.0036215651935227883
Statistics,False,3102,Acoustics and Ultrasonics,Physics and Astronomy,0.006817877672993857,0.007528962672723081,0.0007110849997292246
Statistics,False,3103,Astronomy and Astrophysics,Physics and Astronomy,0.17046997519536328,0.2399979075350494,0.06952793233968613
Statistics,False,3104,Condensed Matter Physics,Physics and Astronomy,1.0839273831534388,0.9250601767008428,-0.158867206452596
Statistics,False,3105,Instrumentation,Physics and Astronomy,0.04125276659571621,0.06359284543210746,0.022340078836391247
Statistics,False,3106,Nuclear and High Energy Physics,Physics and Astronomy,0.2232854937905488,0.2150032181426489,-0.008282275647899906
Statistics,False,3107,"Atomic and Molecular Physics, and Optics",Physics and Astronomy,0.5885717168176082,0.5129839161312669,-0.0755878006863413
Statistics,False,3108,Radiation,Physics and Astronomy,0.09591095483225143,0.08941865408058777,-0.006492300751663654
Statistics,False,3109,Statistical and Nonlinear Physics,Physics and Astronomy,1.4630566618611378,1.4304051290813762,-0.03265153277976163
Statistics,False,3200,General Psychology,Psychology,0.04104546626106437,0.02537358199443688,-0.015671884266627488
Statistics,False,3202,Applied Psychology,Psychology,0.20716213442873904,0.23182116073626413,0.02465902630752509
Statistics,False,3203,Clinical Psychology,Psychology,0.639199065213691,0.6090270795764909,-0.030171985637200027
Statistics,False,3204,Developmental and Educational Psychology,Psychology,5.815396287988074,4.990700019971307,-0.8246962680167673
Statistics,False,3205,Experimental and Cognitive Psychology,Psychology,1.9230330710830543,1.9463957413449318,0.02336267026187744
Statistics,False,3206,Neuropsychology and Physiological Psychology,Psychology,0.038189328316972346,0.02885694946477142,-0.009332378852200927
Statistics,False,3207,Social Psychology,Psychology,0.8670221329960635,0.81018238423181,-0.05683974876425346
Statistics,False,3300,General Social Sciences,Social Sciences,0.015202024541134949,0.019409079097864046,0.004207054556729097
Statistics,False,3302,Archeology,Social Sciences,0.001335935489978526,0.0010877884381044712,-0.00024814705187405474
Statistics,False,3303,Development,Social Sciences,0.015823925545090472,0.014581254007400384,-0.0012426715376900876
Statistics,False,3304,Education,Social Sciences,4.59679278742249,5.060758484322035,0.46396569689954514
Statistics,False,3305,"Geography, Planning and Development",Social Sciences,0.0411836664841656,0.0481560274846249,0.006972361000459303
Statistics,False,3306,Health,Social Sciences,0.21734288419719608,0.25922365150289584,0.041880767305699756
Statistics,False,3307,Human Factors and Ergonomics,Social Sciences,0.05594805698548,0.04488043982831032,-0.011067617157169682
Statistics,False,3308,Law,Social Sciences,0.039663464030052095,0.030103628348891152,-0.009559835681160943
Statistics,False,3309,Library and Information Sciences,Social Sciences,0.007232478342297537,0.005976725238574005,-0.0012557531037235324
Statistics,False,3310,Linguistics and Language,Social Sciences,0.06875461099286034,0.061686160079924335,-0.0070684509129360085
Statistics,False,3311,Safety Research,Social Sciences,0.3473892941354505,0.37664369110817286,0.029254396972722363
Statistics,False,3312,Sociology and Political Science,Social Sciences,1.2181888998962807,1.3571810781523437,0.13899217825606303
Statistics,False,3313,Transportation,Social Sciences,0.11081354555666705,0.13443353967091098,0.02361999411424394
Statistics,False,3314,Anthropology,Social Sciences,0.02793947843696469,0.01998352917191922,-0.007955949265045472
Statistics,False,3315,Communication,Social Sciences,0.06228223387761955,0.06151504729190791,-0.0007671865857116419
Statistics,False,3316,Cultural Studies,Social Sciences,0.060762031423506065,0.048119360458621384,-0.01264267096488468
Statistics,False,3317,Demography,Social Sciences,0.5151643649803399,0.5085838730108444,-0.0065804919694955055
Statistics,False,3318,Gender Studies,Social Sciences,0.2277770010413387,0.2136954275485233,-0.014081573492815386
Statistics,False,3319,Life-span and Life-course Studies,Social Sciences,0.00048370078085429387,0.0008800086240845161,0.00039630784323022223
Statistics,False,3320,Political Science and International Relations,Social Sciences,0.24109028920009018,0.25626584473861175,0.015175555538521568
Statistics,False,3321,Public Administration,Social Sciences,0.025935575201996897,0.02005686322392626,-0.005878711978070637
Statistics,False,3322,Urban Studies,Social Sciences,0.01216161963290796,0.012674568655217266,0.0005129490223093058
Statistics,False,3402,Equine,Veterinary,0.002349403792720856,0.002224466244213638,-0.00012493754850721782
Statistics,False,3404,Small Animals,Veterinary,0.09533512056932963,0.07167181349488337,-0.023663307074446263
Statistics,False,3500,General Dentistry,Dentistry,0.001497169083596624,0.0013811246461326431,-0.00011604443746398088
Statistics,False,3504,Oral Surgery,Dentistry,0.014994724206483111,0.008078968062775905,-0.006915756143707206
Statistics,False,3505,Orthodontics,Dentistry,0.006886977784544471,0.004106706912394408,-0.0027802708721500627
Statistics,False,3506,Periodontics,Dentistry,0.019071630787969304,0.016219047835557675,-0.002852582952411628
Statistics,False,3600,General Health Professions,Health Professions,0.903023291113933,0.9082544564492288,0.005231165335295773
Statistics,False,3603,Complementary and Manual Therapy,Health Professions,0.003570172430115026,0.002542247136244157,-0.0010279252938708689
Statistics,False,3604,Emergency Medical Services,Health Professions,0.06193673331986649,0.06860400565258873,0.0066672723327222405
Statistics,False,3605,Health Information Management,Health Professions,0.11286351553266857,0.13761134859121618,0.024747833058547608
Statistics,False,3607,Medical Laboratory Technology,Health Professions,0.07785279234702445,0.08737752296639173,0.009524730619367275
Statistics,False,3608,Medical Terminology,Health Professions,0.0017505361592822064,0.0008311192560798207,-0.0009194169032023857
Statistics,False,3609,Occupational Therapy,Health Professions,0.044016771057740746,0.03696036221154968,-0.007056408846191069
Statistics,False,3611,Pharmacy,Health Professions,0.04530663980668553,0.039197050797764484,-0.006109589008921043
Statistics,False,3612,"Physical Therapy, Sports Therapy and Rehabilitation",Health Professions,0.02351707129772543,0.031619198757036705,0.008102127459311274
Statistics,False,3614,Radiological and Ultrasound Technology,Health Professions,0.04242746849207663,0.04071262120591004,-0.001714847286166589
Statistics,False,3616,Speech and Hearing,Health Professions,0.06930741188526525,0.06152726963390908,-0.007780142251356169
